apiVersion,reference,url,contentType,language,databaseLabel,database,summary,weight,content,accessRestriction,children,highlightedFragments,citation,metadata.identifier,metadata.es_ContentType,metadata.caName,metadata.es_SortDate,metadata.deadlineDate,metadata.description,metadata.language,metadata.title,metadata.type,metadata.url,metadata.esST_URL,metadata.callccm2Id,metadata.DATASOURCE,metadata.REFERENCE,metadata.projectAcronym,metadata.frameworkProgramme,metadata.startDate,metadata.deadlineModel,metadata.status,metadata.typesOfAction,fetched_at
2.155,14843COMPETITIVE_CALLen,https://ec.europa.eu/info/funding-tenders/opportunities/portal/screen/opportunities/competitive-calls-cs/45114064,text/plain,en,SEDIA,SEDIA,DIGI-ME Triple Degree Scholarship Award Procedure and Selection Rules at Grenoble Ecole de Management (EESC - GEM),0.0,DIGI-ME Triple Degree Scholarship Award Procedure and Selection Rules at Grenoble Ecole de Management (EESC - GEM),False,[],[],Specialised education programmes or modules in key capacity areas. Available at: https://ec.europa.eu/info/funding-tenders/opportunities/portal/screen/opportunities/competitive-calls-cs/45114064,['DIGITAL-2022-SKILLS-03-SPECIALISED-EDU'],['text/plain'],['DIGI-ME Triple Degree Scholarship Award Procedure and Selection Rules at Grenoble Ecole de Management (EESC - GEM)'],['2026-09-18T00:00:00.000+0000'],['2026-11-18T18:00:00.000+0000'],[],['en'],['Specialised education programmes or modules in key capacity areas'],['8'],['https://ec.europa.eu/info/funding-tenders/opportunities/portal/screen/opportunities/competitive-calls-cs/45114064'],['https://ec.europa.eu/info/funding-tenders/opportunities/portal/screen/opportunities/competitive-calls-cs/45114064'],['14843'],['SEDIA'],['14843COMPETITIVE_CALLen'],['DIGI-ME'],['43152860'],['2026-09-18T00:00:00.000+0000'],['single-stage'],['31094502'],,2026-09-20 09:08:50.362431+00:00
2.155,14842COMPETITIVE_CALLen,https://ec.europa.eu/info/funding-tenders/opportunities/portal/screen/opportunities/competitive-calls-cs/45114064,text/plain,en,SEDIA,SEDIA,DIGI-ME One Semester Exchange Scholarship Award Procedure and Selection Rules at Grenoble Ecole de Management (EESC - GEM),0.0,DIGI-ME One Semester Exchange Scholarship Award Procedure and Selection Rules at Grenoble Ecole de Management (EESC - GEM),False,[],[],Specialised education programmes or modules in key capacity areas. Available at: https://ec.europa.eu/info/funding-tenders/opportunities/portal/screen/opportunities/competitive-calls-cs/45114064,['DIGITAL-2022-SKILLS-03-SPECIALISED-EDU'],['text/plain'],['DIGI-ME One Semester Exchange Scholarship Award Procedure and Selection Rules at Grenoble Ecole de Management (EESC - GEM)'],['2026-09-18T00:00:00.000+0000'],['2026-11-18T18:00:00.000+0000'],[],['en'],['Specialised education programmes or modules in key capacity areas'],['8'],['https://ec.europa.eu/info/funding-tenders/opportunities/portal/screen/opportunities/competitive-calls-cs/45114064'],['https://ec.europa.eu/info/funding-tenders/opportunities/portal/screen/opportunities/competitive-calls-cs/45114064'],['14842'],['SEDIA'],['14842COMPETITIVE_CALLen'],['DIGI-ME'],['43152860'],['2026-09-18T00:00:00.000+0000'],['single-stage'],['31094502'],,2026-09-20 09:08:50.362431+00:00
2.155,15982COMPETITIVE_CALLen,https://ec.europa.eu/info/funding-tenders/opportunities/portal/screen/opportunities/competitive-calls-cs/47589185,text/plain,en,SEDIA,SEDIA,Comprehensive and inclusive support for women and girls' victims of GBV,0.0,Comprehensive and inclusive support for women and girls' victims of GBV,False,[],[],Call for proposals to prevent and combat gender-based violence and violence against children. Available at: https://ec.europa.eu/info/funding-tenders/opportunities/portal/screen/opportunities/competitive-calls-cs/47589185,['CERV-2025-DAPHNE'],['text/plain'],"[""Comprehensive and inclusive support for women and girls' victims of GBV""]",['2026-09-18T00:00:00.000+0000'],"['2026-11-23T15:00:00.000+0000', '2027-03-01T15:00:00.000+0000']",[],['en'],['Call for proposals to prevent and combat gender-based violence and violence against children'],['8'],['https://ec.europa.eu/info/funding-tenders/opportunities/portal/screen/opportunities/competitive-calls-cs/47589185'],['https://ec.europa.eu/info/funding-tenders/opportunities/portal/screen/opportunities/competitive-calls-cs/47589185'],['15982'],['SEDIA'],['15982COMPETITIVE_CALLen'],['CoPower'],['43251589'],['2026-09-18T00:00:00.000+0000'],['multiple cut-off'],['31094502'],,2026-09-20 09:08:50.362431+00:00
2.155,187126PROSPECTSEN,https://webgate.ec.europa.eu/prospect/external/publishedcalls.htm?callId=187126,text/plain,en,SEDIA,SEDIA,Inclusive approaches and stakeholder participation,0.0,Inclusive approaches and stakeholder participation,False,[],[],Inclusive approaches and stakeholder participation. Available at: https://webgate.ec.europa.eu/prospect/external/publishedcalls.htm?callId=187126,['EuropeAid/187126/DD/ACT/VN'],['text/plain'],,['2026-09-17T10:00:44.000+0000'],['2026-11-03T11:00:56.000+0000'],,['en'],['Inclusive approaches and stakeholder participation'],['2'],['https://webgate.ec.europa.eu/prospect/external/publishedcalls.htm?callId=187126'],['https://webgate.ec.europa.eu/prospect/external/publishedcalls.htm?callId=187126'],,['SEDIA'],['187126PROSPECTSEN'],,['111111'],['2026-09-17T10:00:44.000+0000'],,['31094502'],,2026-09-20 09:08:50.362431+00:00
2.155,15941COMPETITIVE_CALLen,https://ec.europa.eu/info/funding-tenders/opportunities/portal/screen/opportunities/competitive-calls-cs/46813062,text/plain,en,SEDIA,SEDIA,"UPRAISE specialized learning activity/selfstanding
module in the Public Administration area: “Digital Transformation, Artificial Intelligence and
Virtual Worlds for Public Administration” at UNINA",0.0,"UPRAISE specialized learning activity/selfstanding
module in the Public Administration area: “Digital Transformation, Artificial Intelligence and
Virtual Worlds for Public Administration” at UNINA",False,[],[],Specialised Education Programmes in Key Capacity Areas. Available at: https://ec.europa.eu/info/funding-tenders/opportunities/portal/screen/opportunities/competitive-calls-cs/46813062,['DIGITAL-2024-ADVANCED-DIGITAL-07-KEYCAPACITY'],['text/plain'],"['UPRAISE specialized learning activity/selfstanding\nmodule in the Public Administration area: “Digital Transformation, Artificial Intelligence and\nVirtual Worlds for Public Administration” at UNINA']",['2026-09-17T00:00:00.000+0000'],['2026-11-18T17:00:00.000+0000'],[],['en'],['Specialised Education Programmes in Key Capacity Areas'],['8'],['https://ec.europa.eu/info/funding-tenders/opportunities/portal/screen/opportunities/competitive-calls-cs/46813062'],['https://ec.europa.eu/info/funding-tenders/opportunities/portal/screen/opportunities/competitive-calls-cs/46813062'],['15941'],['SEDIA'],['15941COMPETITIVE_CALLen'],['UPRAISE'],['43152860'],['2026-09-17T00:00:00.000+0000'],['single-stage'],['31094502'],,2026-09-20 09:08:50.362431+00:00
2.155,15921COMPETITIVE_CALLen,https://ec.europa.eu/info/funding-tenders/opportunities/portal/screen/opportunities/competitive-calls-cs/46357639,text/plain,en,SEDIA,SEDIA,Együttható (Civil-Business),0.0,Együttható (Civil-Business),False,[],[],Call for proposals for civil society organisations active on protecting and promoting Union values: call to intermediaries (giving financial support to third parties). Available at: https://ec.europa.eu/info/funding-tenders/opportunities/portal/screen/opportunities/competitive-calls-cs/46357639,['CERV-2024-CITIZENS-VALUES'],['text/plain'],['Együttható (Civil-Business) '],['2026-09-16T00:00:00.000+0000'],['2026-11-10T12:00:00.000+0000'],[],['en'],['Call for proposals for civil society organisations active on protecting and promoting Union values: call to intermediaries (giving financial support to third parties)'],['8'],['https://ec.europa.eu/info/funding-tenders/opportunities/portal/screen/opportunities/competitive-calls-cs/46357639'],['https://ec.europa.eu/info/funding-tenders/opportunities/portal/screen/opportunities/competitive-calls-cs/46357639'],['15921'],['SEDIA'],['15921COMPETITIVE_CALLen'],['CLD'],['43251589'],['2026-09-16T00:00:00.000+0000'],['single-stage'],['31094502'],,2026-09-20 09:08:50.362431+00:00
2.155,13903COMPETITIVE_CALLen,https://ec.europa.eu/info/funding-tenders/opportunities/portal/screen/opportunities/competitive-calls-cs/45656490,text/plain,en,SEDIA,SEDIA,WoodStock Grants to support climate-smart wood construction solutions,0.0,WoodStock Grants to support climate-smart wood construction solutions,False,[],[],Climate-smart use of wood in the construction sector to support the New European Bauhaus. Available at: https://ec.europa.eu/info/funding-tenders/opportunities/portal/screen/opportunities/competitive-calls-cs/45656490,['HORIZON-CL6-2024-CLIMATE-01-5'],['text/plain'],['WoodStock Grants to support climate-smart wood construction solutions'],['2026-09-15T00:00:00.000+0000'],['2026-12-15T17:00:00.000+0000'],"['<p>The construction sector is central to Europe\'s climate transition. At the same time, significant volumes of hardwood, residual wood, low-quality wood, and damaged wood remain until today underutilised. Unlocking this potential can reduce waste, strengthen local value chains, and create sustainable economic opportunities. The WoodStock grants support this transition by supporting one-year projects that combine innovation, circularity, and community engagement — embedding the <u><a href=""https://new-european-bauhaus.europa.eu/about/about-initiative"" rel=""noopener noreferrer"" target=""_blank"">New European Bauhaus</a></u> (NEB) values of together, sustainable, and beautiful into practical construction solutions.</p><p><strong>Funding may be used for one or more of the following activities</strong>:</p><ol><li data-list=""bullet""><span class=""ql-ui"" contenteditable=""false""></span><strong>Demonstration</strong>: Prototyping, experimental set-up of innovations related to WoodStock.</li><li data-list=""bullet""><span class=""ql-ui"" contenteditable=""false""></span><strong>Testing</strong>: Physical and mechanical validation, certification preparation.</li><li data-list=""bullet""><span class=""ql-ui"" contenteditable=""false""></span><strong>Co-creation</strong>: Activities with local actors and users to improve the solution and embed them in the local value chain and community.</li><li data-list=""bullet""><span class=""ql-ui"" contenteditable=""false""></span><strong>Training</strong>: Workshops to develop new skills and knowledge.</li><li data-list=""bullet""><span class=""ql-ui"" contenteditable=""false""></span><strong>Dissemination</strong>: Communication about the solutions to a wide audience (including video production) (max. 20% of total budget).,</li></ol><p>Eligible expenses may include equipment, laboratory testing, materials, logistics, multimedia production, and staff costs related to the above-mentioned activities.</p><p><strong>Selected projects are expected to</strong>:</p><ol><li data-list=""bullet""><span class=""ql-ui"" contenteditable=""false""></span>Develop climate-smart wood construction solutions beyond TRL5.</li><li data-list=""bullet""><span class=""ql-ui"" contenteditable=""false""></span>Jointly organise one co-creation session with a <u><a href=""https://woodstockproject.eu/woodstock-living-labs"" rel=""noopener noreferrer"" target=""_blank"">WoodStock Living Lab</a></u> in the Netherlands, France, Slovenia, Poland, Ireland or Norway.</li><li data-list=""bullet""><span class=""ql-ui"" contenteditable=""false""></span>Document successful and unsuccessful innovation steps they have made, and lessons learned throughout the process.</li><li data-list=""bullet""><span class=""ql-ui"" contenteditable=""false""></span>Share experiences and lessons learned with the WoodStock consortium.</li><li data-list=""bullet""><span class=""ql-ui"" contenteditable=""false""></span>Contribute to the <u><a href=""https://woodstockproject.eu/woodbook"" rel=""noopener noreferrer"" target=""_blank"">WoodBook</a></u> and the <u><a href=""https://woodstockproject.eu/EWCO"" rel=""noopener noreferrer"" target=""_blank"">European Wood Construction Observatory</a></u>.</li><li data-list=""bullet""><span class=""ql-ui"" contenteditable=""false""></span>Align dissemination with the WoodStock communication partner and contribute to WoodStock communication materials by providing input. </li></ol><p><strong>For questions about the call, please contact <a href=""mailto:grants@woodstockproject.eu"" rel=""noopener noreferrer"" target=""_blank"">grants@woodstockproject.eu</a>. </strong></p>']",['en'],['Climate-smart use of wood in the construction sector to support the New European Bauhaus'],['8'],['https://ec.europa.eu/info/funding-tenders/opportunities/portal/screen/opportunities/competitive-calls-cs/45656490'],['https://ec.europa.eu/info/funding-tenders/opportunities/portal/screen/opportunities/competitive-calls-cs/45656490'],['13903'],['SEDIA'],['13903COMPETITIVE_CALLen'],['WoodStock'],['43108390'],['2026-09-15T00:00:00.000+0000'],['single-stage'],['31094502'],,2026-09-20 09:08:50.362431+00:00
2.155,15662COMPETITIVE_CALLen,https://ec.europa.eu/info/funding-tenders/opportunities/portal/screen/opportunities/competitive-calls-cs/46041400,text/plain,en,SEDIA,SEDIA,KijaniSpace Innovation Programme,0.0,KijaniSpace Innovation Programme,False,[],[],Designing space-based downstream applications with international partners. Available at: https://ec.europa.eu/info/funding-tenders/opportunities/portal/screen/opportunities/competitive-calls-cs/46041400,['HORIZON-EUSPA-2023-SPACE-01-46'],['text/plain'],['KijaniSpace Innovation Programme'],['2026-09-15T00:00:00.000+0000'],['2026-10-16T17:00:00.000+0000'],"['<p class=""ql-align-justify""><strong>Expected Innovation Experiments</strong></p><p class=""ql-align-justify"">Applicants will propose an innovation experiment that improves an existing product, service or application using Space-IoT Box resources. The proposed experiment must:</p><ol><li data-list=""bullet"" class=""ql-align-justify""><span class=""ql-ui"" contenteditable=""false""></span>Address a relevant climate-smart agriculture challenge.</li><li data-list=""bullet"" class=""ql-align-justify""><span class=""ql-ui"" contenteditable=""false""></span>Use Copernicus, Earth Observation, IoT or other Space-IoT Box-supported resources.</li><li data-list=""bullet"" class=""ql-align-justify""><span class=""ql-ui"" contenteditable=""false""></span>Demonstrate how the existing product, service or application will be improved.</li><li data-list=""bullet"" class=""ql-align-justify""><span class=""ql-ui"" contenteditable=""false""></span>Present a clear implementation plan, expected outputs and budget.</li><li data-list=""bullet"" class=""ql-align-justify""><span class=""ql-ui"" contenteditable=""false""></span>Show potential value for users, customers or stakeholders in the Lake Victoria Basin region or the wider target countries.</li></ol><p class=""ql-align-justify""><strong>Example Application Areas</strong></p><p class=""ql-align-justify"">Applicants may propose innovation experiments linked to areas such as:</p><ol><li data-list=""bullet"" class=""ql-align-justify""><span class=""ql-ui"" contenteditable=""false""></span>Weather and climate monitoring using IoT sensors and remote sensing data.</li><li data-list=""bullet"" class=""ql-align-justify""><span class=""ql-ui"" contenteditable=""false""></span>Water quality monitoring for fish farming.</li><li data-list=""bullet"" class=""ql-align-justify""><span class=""ql-ui"" contenteditable=""false""></span>Fish farming decision-support services.</li><li data-list=""bullet"" class=""ql-align-justify""><span class=""ql-ui"" contenteditable=""false""></span>Crop monitoring and crop phenology.</li><li data-list=""bullet"" class=""ql-align-justify""><span class=""ql-ui"" contenteditable=""false""></span>Farm input planning, irrigation support and farm management.</li><li data-list=""bullet"" class=""ql-align-justify""><span class=""ql-ui"" contenteditable=""false""></span>Crop disease risk monitoring and alerts.</li><li data-list=""bullet"" class=""ql-align-justify""><span class=""ql-ui"" contenteditable=""false""></span>Seasonal planning and agroclimatic zoning.</li><li data-list=""bullet"" class=""ql-align-justify""><span class=""ql-ui"" contenteditable=""false""></span>Precision agriculture using satellite imagery and IoT data.</li><li data-list=""bullet"" class=""ql-align-justify""><span class=""ql-ui"" contenteditable=""false""></span>Hydrological flow assessment using IoT observations and satellite image analysis.</li></ol><p class=""ql-align-justify"">These are example areas. Applicants may propose other relevant climate-smart agriculture solutions that can benefit from Space-IoT Box resources.</p><p class=""ql-align-justify""><strong>What Selected Applicants Will Receive</strong></p><p class=""ql-align-justify"">Selected SMEs and start-ups will receive:</p><ol><li data-list=""bullet"" class=""ql-align-justify""><span class=""ql-ui"" contenteditable=""false""></span>Access to Space-IoT Box resources, tools, datasets and documentation.</li><li data-list=""bullet"" class=""ql-align-justify""><span class=""ql-ui"" contenteditable=""false""></span>Technical training on relevant Copernicus, Earth Observation and IoT resources.</li><li data-list=""bullet"" class=""ql-align-justify""><span class=""ql-ui"" contenteditable=""false""></span>Business development and entrepreneurial support.</li><li data-list=""bullet"" class=""ql-align-justify""><span class=""ql-ui"" contenteditable=""false""></span>Product and market validation support.</li><li data-list=""bullet"" class=""ql-align-justify""><span class=""ql-ui"" contenteditable=""false""></span>Pitch and investment readiness support.</li><li data-list=""bullet"" class=""ql-align-justify""><span class=""ql-ui"" contenteditable=""false""></span>Mentoring during the innovation experiment implementation period.</li><li data-list=""bullet"" class=""ql-align-justify""><span class=""ql-ui"" contenteditable=""false""></span>Opportunity to present the innovation experiment during the final showcase.</li><li data-list=""bullet"" class=""ql-align-justify""><span class=""ql-ui"" contenteditable=""false""></span>Financial support of up to EUR 5,000 for eligible costs linked to the approved innovation experiment.</li></ol>']",['en'],['Designing space-based downstream applications with international partners'],['8'],['https://ec.europa.eu/info/funding-tenders/opportunities/portal/screen/opportunities/competitive-calls-cs/46041400'],['https://ec.europa.eu/info/funding-tenders/opportunities/portal/screen/opportunities/competitive-calls-cs/46041400'],['15662'],['SEDIA'],['15662COMPETITIVE_CALLen'],['KijaniSpace'],['43108390'],['2026-09-15T00:00:00.000+0000'],['single-stage'],['31094502'],,2026-09-20 09:08:50.362431+00:00
2.155,15681COMPETITIVE_CALLen,https://ec.europa.eu/info/funding-tenders/opportunities/portal/screen/opportunities/competitive-calls-cs/45659376,text/plain,en,SEDIA,SEDIA,SYSTEMEU - Financial Support to Third Parties (FSTP),0.0,SYSTEMEU - Financial Support to Third Parties (FSTP),False,[],[],Implementing co-funded action plans for connected regional innovation valleys. Available at: https://ec.europa.eu/info/funding-tenders/opportunities/portal/screen/opportunities/competitive-calls-cs/45659376,['HORIZON-EIE-2023-CONNECT-03-01'],['text/plain'],['SYSTEMEU - Financial Support to Third Parties (FSTP) '],['2026-09-15T00:00:00.000+0000'],['2026-11-16T23:59:00.000+0000'],"['<p><br></p><p>The primary goal of the first SYSTEMEU Open Call (OC1) is to select and fund five to eight high-quality, cross-border collaborative innovation projects that focus on the digital transformation of the Healthcare, Energy, and Mobility sectors. The projects must operate at the application stage within the Technology Readiness Level (TRL) range of 6-8.</p>']",['en'],['Implementing co-funded action plans for connected regional innovation valleys'],['8'],['https://ec.europa.eu/info/funding-tenders/opportunities/portal/screen/opportunities/competitive-calls-cs/45659376'],['https://ec.europa.eu/info/funding-tenders/opportunities/portal/screen/opportunities/competitive-calls-cs/45659376'],['15681'],['SEDIA'],['15681COMPETITIVE_CALLen'],['SYSTEMEU'],['43108390'],['2026-09-15T00:00:00.000+0000'],['single-stage'],['31094502'],,2026-09-20 09:08:50.362431+00:00
2.155,15661COMPETITIVE_CALLen,https://ec.europa.eu/info/funding-tenders/opportunities/portal/screen/opportunities/competitive-calls-cs/48213468,text/plain,en,SEDIA,SEDIA,ForestPathways – Building Knowledge and Solutions for Resilient Forests and Sustainable Forest-Based Futures,0.0,ForestPathways – Building Knowledge and Solutions for Resilient Forests and Sustainable Forest-Based Futures,False,[],[],European partnership: Forests and Forestry for a Sustainable Future. Available at: https://ec.europa.eu/info/funding-tenders/opportunities/portal/screen/opportunities/competitive-calls-cs/48213468,['HORIZON-CL6-2025-01-CIRCBIO-15'],['text/plain'],['ForestPathways – Building Knowledge and Solutions for Resilient Forests and Sustainable Forest-Based Futures'],['2026-09-15T00:00:00.000+0000'],"['2026-12-02T11:00:00.000+0000', '2027-06-02T11:00:00.000+0000']","['<p>The FOREST Joint Call 2026 – ForestPathways supports transnational research and innovation activities across the spectrum from fundamental research to applied research and, where appropriate, demonstration activities. Projects are expected to generate new knowledge, develop practical solutions, and contribute to implementation in policy, management or industry contexts, while considering the diversity of forests and the forest-based sector.</p><p>Applicants must select the single topic that best reflects the primary focus of their proposal. Proposals may address multiple topics but will be evaluated and ranked under one primary topic.</p><p><strong>TOPIC 1 – Climate-Resilient Forest Systems: “How forests function and respond to climate change”</strong></p><p>This topic supports research and innovation addressing the resilience, adaptive capacity, and long-term sustainability of forest ecosystems under changing environmental conditions, including climate change and increasing disturbance pressures. It aims to strengthen the scientific basis for climate-resilient forest systems and support their adaptation and mitigation to climate change, within broader environmental and socioeconomic contexts.</p><p>Proposals should address, where relevant, carbon dynamics measurement, monitoring and assessment of carbon stocks and sinks; adaptation pathways and strategies; forest ecosystem processes and dynamics; disturbance regimes, including wildfires and other abiotic and biotic disturbances, pests and diseases; landscape-level interactions and spatial dynamics; and genetic diversity and adaptive capacity, including assisted migration.</p><p><strong>TOPIC 2 – Adaptive and Multifunctional Forest Management Systems: “How forests should be managed under changing conditions”</strong></p><p>This topic supports research and innovation focused on the implementation of adaptive and multifunctional forest management systems that enhance resilience, sustainability, and the provision of multiple ecosystem services. It aims to support forest management approaches capable of responding to ecological change, disturbance risks, and evolving environmental, economic, and societal demands.</p><p>Proposals should address, where relevant, silvicultural systems and management approaches supporting resilient and multifunctional forests; sustainable harvesting and wood mobilisation methods; monitoring, assessment and planning tools for adaptive management; integration of forest genetic resources into management strategies; operational, digital and technical innovations; risk reduction and adaptation strategies; and trade-offs and synergies between ecosystem services.</p><p><strong>TOPIC 3 – Timber and Innovative Wood-Based Products: “How wood is transformed into innovative products”</strong></p><p>This topic supports research and innovation on the development, performance, and uptake of timber and innovative wood-based products contributing to decarbonisation and the circular bioeconomy. It aims to advance the development and market uptake of sustainable wood-based products and systems, supporting the substitution of fossil-based and carbon-intensive materials and contributing to low-carbon construction and manufacturing.</p><p>Proposals should address, where relevant, engineered timber and timber construction systems; high-value wood-based products, chemicals and materials; substitution of fossil-based and other carbon-intensive materials; more sustainable alternatives to polluting wood treatments and processing practices; standardisation, testing and certification; circular and resource-efficient use of wood-based products; innovative use of underutilised softwood and hardwood species; innovative manufacturing technologies; and approaches to increase market demand and consumer acceptance and uptake.</p><p><strong>TOPIC 4 – Forest Value Chains, Markets and Governance: “How forest-based sectors, markets and governance are organised”</strong></p><p>This topic supports research and innovation strengthening the resilience, sustainability, and functioning of forest-based value chains, markets, and governance systems, supporting the transition towards a sustainable and circular forest-based bioeconomy. It aims to support resilient, sustainable, competitive, and innovative forest-based value chains and governance systems capable of responding to environmental, economic, and societal transitions.</p><p>Proposals should address, where relevant, forest-based value chains and market organisation; innovative business models, economic viability and investment readiness; policy, regulatory and governance instruments; barriers to market uptake and innovation deployment; cascading use, circularity and efficient resource use; skills, labour, education and workforce development; and European resilience in sustainable raw material supply, value chains, local processing capacities and forest-based economies.</p><p>The topics provide strategic direction and facilitate evaluation. They are not exhaustive and do not restrict the submission of innovative or cross-cutting proposals aligned with the overall objectives of the call.</p>']",['en'],['European partnership: Forests and Forestry for a Sustainable Future'],['8'],['https://ec.europa.eu/info/funding-tenders/opportunities/portal/screen/opportunities/competitive-calls-cs/48213468'],['https://ec.europa.eu/info/funding-tenders/opportunities/portal/screen/opportunities/competitive-calls-cs/48213468'],['15661'],['SEDIA'],['15661COMPETITIVE_CALLen'],['FOREST'],['43108390'],['2026-09-15T00:00:00.000+0000'],['multiple cut-off'],['31094502'],,2026-09-20 09:08:50.362431+00:00
2.155,52252019TOPICSen,https://ec.europa.eu/info/funding-tenders/opportunities/portal/screen/opportunities/topic-details/ISF-2026-TF2-AG-CYBER-DIGITAL,text/plain,en,SEDIA,SEDIA,Digital Investigations,0.0,Digital Investigations,False,[],[],Digital Investigations. Available at: https://ec.europa.eu/info/funding-tenders/opportunities/portal/screen/opportunities/topic-details/ISF-2026-TF2-AG-CYBER-DIGITAL,['ISF-2026-TF2-AG-CYBER-DIGITAL'],['text/plain'],,['2026-09-15T00:00:00.000+0000'],['2026-12-15T00:00:00.000+0000'],,['en'],['Digital Investigations'],['1'],['https://ec.europa.eu/info/funding-tenders/opportunities/portal/screen/opportunities/topic-details/ISF-2026-TF2-AG-CYBER-DIGITAL'],['https://ec.europa.eu/info/funding-tenders/opportunities/portal/screen/opportunities/topic-details/ISF-2026-TF2-AG-CYBER-DIGITAL'],['52252063'],['SEDIA'],['52252019TOPICSen'],,['43252368'],['2026-09-15T00:00:00.000+0000'],['single-stage'],['31094502'],['ISF Project Grants'],2026-09-20 09:08:50.362431+00:00
2.155,15881COMPETITIVE_CALLen,https://ec.europa.eu/info/funding-tenders/opportunities/portal/screen/opportunities/competitive-calls-cs/48939690,text/plain,en,SEDIA,SEDIA,EIT Regional Innovation Booster Hungary 2027,0.0,EIT Regional Innovation Booster Hungary 2027,False,[],[],Cross-KIC EIT Regional Innovation & Internationalisation Business Plan 2026. Available at: https://ec.europa.eu/info/funding-tenders/opportunities/portal/screen/opportunities/competitive-calls-cs/48939690,['HORIZON-EIT-2025-KIC-IBA-RegInnovInt'],['text/plain'],['EIT Regional Innovation Booster Hungary 2027'],['2026-09-15T00:00:00.000+0000'],['2026-10-15T17:00:00.000+0000'],"['<p>The <strong>EIT Regional Innovation Booster</strong> (EIT RIB) <strong>Hungary </strong>seven-month<strong> international market-access programme for Hungarian start-ups.</strong></p><p>With the support of the Hungarian National Innovation Agency, it supports <strong>mature, innovation-driven Hungarian companies</strong> to validate, enter and grow in a new European market. A single cohort of <strong>8 companies</strong> will be selected and equipped with a validated market entry strategy, concrete connections in their target market, and the operational know-how to act on them.&nbsp;</p><p>At the heart of the programme is a&nbsp;<strong>Buddy system</strong>&nbsp;that pairs each company with an experienced operator who already knows the chosen target market and sector. This is complemented by expert mentoring, a programme of workshops and guest speaker sessions, and a&nbsp;<strong>EUR 2.500 conference and travel grant</strong>&nbsp;to support in-person engagement in the target market.&nbsp;</p><p>The programme runs from December 2026 to June 2027 and is structured in two consecutive phases.&nbsp;</p><p><strong>Phase 1: Market Preparation (Months 1–3)</strong>&nbsp;Selected companies validate their target market with 20 hours of 1:1 expert mentoring, assess their readiness for international expansion, and build an executable market entry strategy.&nbsp;&nbsp;</p><p><strong>Phase 2: Market Expansion (Months 4–7)</strong>&nbsp;Each company works up to 40 hours with its matched EIT RIB Buddy to start entering the chosen target market, supported by continued workshops and guest speakers, international matchmaking, and optional participation in EIT Community events.&nbsp;</p><p>To be eligible, applicants must:&nbsp;</p><p>-Be a for-profit SME (according to the EU definition) registered in Hungary</p><p>-Have at least 3 full-time employees (FTEs) at the time of application</p><p>-Hold full ownership of, or exclusive commercialisation rights to, the intellectual property behind the solution to be taken abroad</p><p>-Have a novel product, service, technology or deep tech solution with demonstrated product-market fit in Hungary and proven commercial traction</p><p>-Operate in one of the EIT thematic areas: Climate, Digital, Food & Agritech, Healthcare, Energy and Renewables, Raw Materials, Urban Mobility, or Culture &amp; Creativity.</p>']",['en'],['Cross-KIC EIT Regional Innovation & Internationalisation Business Plan 2026'],['8'],['https://ec.europa.eu/info/funding-tenders/opportunities/portal/screen/opportunities/competitive-calls-cs/48939690'],['https://ec.europa.eu/info/funding-tenders/opportunities/portal/screen/opportunities/competitive-calls-cs/48939690'],['15881'],['SEDIA'],['15881COMPETITIVE_CALLen'],['26-28 XKIC RII'],['43108390'],['2026-09-15T00:00:00.000+0000'],['single-stage'],['31094502'],,2026-09-20 09:08:50.362431+00:00
2.155,52252040TOPICSen,https://ec.europa.eu/info/funding-tenders/opportunities/portal/screen/opportunities/topic-details/ISF-2026-TF2-AG-CYBER-STANDARD,text/plain,en,SEDIA,SEDIA,Standardisation,0.0,Standardisation,False,[],[],Standardisation. Available at: https://ec.europa.eu/info/funding-tenders/opportunities/portal/screen/opportunities/topic-details/ISF-2026-TF2-AG-CYBER-STANDARD,['ISF-2026-TF2-AG-CYBER-STANDARD'],['text/plain'],,['2026-09-15T00:00:00.000+0000'],['2026-12-15T00:00:00.000+0000'],,['en'],['Standardisation'],['1'],['https://ec.europa.eu/info/funding-tenders/opportunities/portal/screen/opportunities/topic-details/ISF-2026-TF2-AG-CYBER-STANDARD'],['https://ec.europa.eu/info/funding-tenders/opportunities/portal/screen/opportunities/topic-details/ISF-2026-TF2-AG-CYBER-STANDARD'],['52252063'],['SEDIA'],['52252040TOPICSen'],,['43252368'],['2026-09-15T00:00:00.000+0000'],['single-stage'],['31094502'],['ISF Project Grants'],2026-09-20 09:08:50.362431+00:00
2.155,51121982TOPICSen,https://ec.europa.eu/info/funding-tenders/opportunities/portal/screen/opportunities/topic-details/HORIZON-EURATOM-2027-01-01,text/plain,en,SEDIA,SEDIA,Key enabling technologies for fusion power plants (European Partnership on Fusion Energy),0.0,Key enabling technologies for fusion power plants (European Partnership on Fusion Energy),False,[],[],Key enabling technologies for fusion power plants (European Partnership on Fusion Energy). Available at: https://ec.europa.eu/info/funding-tenders/opportunities/portal/screen/opportunities/topic-details/HORIZON-EURATOM-2027-01-01,['HORIZON-EURATOM-2027-01-01'],['text/plain'],,['2026-09-15T00:00:00.000+0000'],['2027-03-04T00:00:00.000+0000'],,['en'],['Key enabling technologies for fusion power plants (European Partnership on Fusion Energy)'],['1'],['https://ec.europa.eu/info/funding-tenders/opportunities/portal/screen/opportunities/topic-details/HORIZON-EURATOM-2027-01-01'],['https://ec.europa.eu/info/funding-tenders/opportunities/portal/screen/opportunities/topic-details/HORIZON-EURATOM-2027-01-01'],['51121992'],['SEDIA'],['51121982TOPICSen'],,['43298916'],['2026-09-15T00:00:00.000+0000'],['single-stage'],['31094502'],['EURATOM Innovation Actions'],2026-09-20 09:08:50.362431+00:00
2.155,15721COMPETITIVE_CALLen,https://ec.europa.eu/info/funding-tenders/opportunities/portal/screen/opportunities/competitive-calls-cs/44092120,text/plain,en,SEDIA,SEDIA,Building a sustainable and innovative Blue Economy: mastering digital opportunities and fostering resilience,0.0,Building a sustainable and innovative Blue Economy: mastering digital opportunities and fostering resilience,False,[],[],"European Partnership for a climate neutral, sustainable and productive Blue Economy. Available at: https://ec.europa.eu/info/funding-tenders/opportunities/portal/screen/opportunities/competitive-calls-cs/44092120",['HORIZON-CL6-2022-GOVERNANCE-01-02'],['text/plain'],['Building a sustainable and innovative Blue Economy: mastering digital opportunities and fostering resilience  '],['2026-09-14T00:00:00.000+0000'],"['2026-11-16T15:00:00.000+0000', '2027-06-14T15:00:00.000+0000']",[],['en'],"['European Partnership for a climate neutral, sustainable and productive Blue Economy']",['8'],['https://ec.europa.eu/info/funding-tenders/opportunities/portal/screen/opportunities/competitive-calls-cs/44092120'],['https://ec.europa.eu/info/funding-tenders/opportunities/portal/screen/opportunities/competitive-calls-cs/44092120'],['15721'],['SEDIA'],['15721COMPETITIVE_CALLen'],['SBEP'],['43108390'],['2026-09-14T00:00:00.000+0000'],['multiple cut-off'],['31094502'],,2026-09-20 09:08:50.362431+00:00
2.155,187639PROSPECTSEN,https://webgate.ec.europa.eu/prospect/external/publishedcalls.htm?callId=187639,text/plain,en,SEDIA,SEDIA,Transatlantic Perspectives: Strengthening the Partnership with Think Tanks in the US,0.0,Transatlantic Perspectives: Strengthening the Partnership with Think Tanks in the US,False,[],[],Transatlantic Perspectives: Strengthening the Partnership with Think Tanks in the US. Available at: https://webgate.ec.europa.eu/prospect/external/publishedcalls.htm?callId=187639,['EuropeAid/187639/DD/ACT/US'],['text/plain'],,['2026-09-11T17:30:03.000+0000'],['2026-12-02T22:59:42.000+0000'],,['en'],['Transatlantic Perspectives: Strengthening the Partnership with Think Tanks in the US'],['2'],['https://webgate.ec.europa.eu/prospect/external/publishedcalls.htm?callId=187639'],['https://webgate.ec.europa.eu/prospect/external/publishedcalls.htm?callId=187639'],,['SEDIA'],['187639PROSPECTSEN'],,['111111'],['2026-09-11T17:30:03.000+0000'],,['31094502'],,2026-09-20 09:08:50.362431+00:00
2.155,15802COMPETITIVE_CALLen,https://ec.europa.eu/info/funding-tenders/opportunities/portal/screen/opportunities/competitive-calls-cs/47039365,text/plain,en,SEDIA,SEDIA,AENAON Open Call 1,0.0,AENAON Open Call 1,False,[],[],"Preparedness Support and Mutual Assistance, Targeting Larger Industrial Operations and Installations. Available at: https://ec.europa.eu/info/funding-tenders/opportunities/portal/screen/opportunities/competitive-calls-cs/47039365",['DIGITAL-ECCC-2024-DEPLOY-CYBER-07-LARGEOPER'],['text/plain'],['AENAON Open Call 1'],['2026-09-11T00:00:00.000+0000'],['2026-11-13T17:00:00.000+0000'],"['<p><strong>Basic information</strong></p><p>AENAON implements two competitive Open Call rounds through its Financial Support to Third Parties (FSTP) scheme. The Open Calls aim to maximise the uptake, integration, testing and validation of AENAON technologies and services, including the Federated Digital Twin-based Cyber Range Platform, cybersecurity training capabilities and cybersecurity preparedness services, in realistic offshore wind and related critical-infrastructure environments.</p><p>The Open Calls are designed to engage SMEs and start-ups, large enterprises and technology providers, research organisations and universities, cybersecurity service and technology providers, offshore wind operators, manufacturers and supply-chain actors, energy and critical-infrastructure stakeholders, and other relevant innovation actors. Supported third-party projects are expected to contribute practical use cases, validation evidence, technical feedback and sector-relevant results that strengthen the cybersecurity and resilience of the offshore wind ecosystem.</p><p>Open Call 1 focuses on the initial validation, integration and testing of AENAON technologies and services in realistic environments. Activities may include the development and validation of sector-specific cybersecurity scenarios, identification and assessment of offshore-wind-relevant vulnerabilities, integration with simulation and cyber range environments, cybersecurity testing and training activities, and validation of cybersecurity tools, services and preparedness capabilities.</p><p>Open Call 1 sub-projects are expected to have an implementation period of 8 months, with clearly defined tasks, milestones, deliverables, KPIs and acceptance evidence.</p><p>Applicants may propose activities related to cybersecurity testing and validation, cyber range training and scenario-based exercises, vulnerability assessment, penetration testing, threat and risk assessment, risk monitoring, cyberattack management, digital twin-based validation and integration, or other cybersecurity resilience use cases that are demonstrably aligned with the objectives and technical capabilities of AENAON.</p><p><strong>Budget </strong></p><p>The total AENAON FSTP budget is €4,100,000. </p><p>The indicative allocation is: </p><ol><li data-list=""bullet""><span class=""ql-ui"" contenteditable=""false""></span>€2,100,000 for Open Call 1  </li><li data-list=""bullet""><span class=""ql-ui"" contenteditable=""false""></span>€2,000,000 for Open Call 2  </li></ol><p>Any amount not committed under Open Call 1 may be reallocated to Open Call 2, subject to budget availability, the applicable Open Call rules and the principles of transparency, equal treatment and sound financial management. </p><p><strong>Funding Constraints</strong></p><p>AENAON will provide sub-grants under two Open Calls (Open Call 1 and 2), with a total FSTP allocation of €4,100,000. In line with the call topic, the scheme derogates <strong>from the €60k ceiling</strong>, <strong>allowing up to €100,000</strong> per individual third party (<strong>only in the case</strong> of offshore wind farm operators and manufacturers, which are considered large critical infrastructures/ operators of essential services) <strong>and up to €150,000 per action</strong> (in case of small consortia).</p><p><strong>Example 1 — SME A, Open Call 1</strong></p><ol><li data-list=""bullet""><span class=""ql-ui"" contenteditable=""false""></span>Entity A is a generic SME, applicable ceiling: €60,000</li><li data-list=""bullet""><span class=""ql-ui"" contenteditable=""false""></span>Funding requested/awarded in Open Call 1: €55,000</li><li data-list=""bullet""><span class=""ql-ui"" contenteditable=""false""></span>Result: Eligible (Remaining funding capacity for Open Call 2 under AENAON: €5,000, if applicable)</li></ol><p><strong>Example 2 — Offshore wind-farm operator B, Open Call 1</strong></p><ol><li data-list=""bullet""><span class=""ql-ui"" contenteditable=""false""></span>Entity B is an offshore wind-farm operator and therefore benefits from the derogated ceiling; applicable ceiling: €100,000</li><li data-list=""bullet""><span class=""ql-ui"" contenteditable=""false""></span>Funding awarded in Open Call 1: €87,000</li><li data-list=""bullet""><span class=""ql-ui"" contenteditable=""false""></span>Result: Eligible (Remaining funding capacity for Open Call 2: €13,000, if applicable)</li></ol><p><strong>Example 3 — Small consortium B + C, Open Call 2</strong></p><ol><li data-list=""bullet""><span class=""ql-ui"" contenteditable=""false""></span>In Open Call 2, B and C form a small consortium. B = offshore wind-farm operator/manufacturer, and C = SME, thus, maximum funding per consortium action: €150,000.</li><li data-list=""bullet""><span class=""ql-ui"" contenteditable=""false""></span>However, the individual ceilings must also be respected. Since B already received €87,000 in Open Call 1, B can receive only €100,000 − €87,000 = €13,000</li><li data-list=""bullet""><span class=""ql-ui"" contenteditable=""false""></span>C has received no previous AENAON funding. Therefore, C can receive up to €60,000</li><li data-list=""bullet""><span class=""ql-ui"" contenteditable=""false""></span>The total maximum eligible AENAON funding for the consortium (B+C) in Open Call 2 is therefore €73,000 (B up to €13,000, C up to €60,000)</li><li data-list=""bullet""><span class=""ql-ui"" contenteditable=""false""></span>Consortium action (budget requested): €73k &lt; €150k maximum per action</li></ol><p>The final lump-sum amount awarded to each selected third-party beneficiary will be fixed at the contracting stage through a needs-based, auditable right-sizing process, taking into account the proposed activities, technical complexity, budget needs, expected contribution to AENAON objectives, evaluation outcome, milestones, deliverables, and acceptance criteria. </p><p><strong>Payment Schedule </strong></p><p>AENAON applies a staged payment model of 30% – 40% – 30%: </p><ol><li data-list=""bullet""><span class=""ql-ui"" contenteditable=""false""></span>30% initial payment upon signature of the Sub-Grant Agreement and completion of onboarding requirements  </li><li data-list=""bullet""><span class=""ql-ui"" contenteditable=""false""></span>40% interim payment following successful completion of the mid-term review and acceptance of required interim reports, deliverables and supporting evidence  </li><li data-list=""bullet""><span class=""ql-ui"" contenteditable=""false""></span>30% final payment following completion of the action and acceptance of the final report, final deliverables, performance evidence and required outputs  </li></ol><p>Payments are conditional upon the satisfactory achievement of agreed milestones, deliverables and acceptance criteria. Payments may be suspended, reduced or recovered in cases of non-performance, breach of contractual obligations, false declarations, conflict of interest, ineligible activities or serious non-compliance with reporting, ethics, GDPR, visibility or audit requirements.</p>']",['en'],"['Preparedness Support and Mutual Assistance, Targeting Larger Industrial Operations and Installations']",['8'],['https://ec.europa.eu/info/funding-tenders/opportunities/portal/screen/opportunities/competitive-calls-cs/47039365'],['https://ec.europa.eu/info/funding-tenders/opportunities/portal/screen/opportunities/competitive-calls-cs/47039365'],['15802'],['SEDIA'],['15802COMPETITIVE_CALLen'],['AENAON'],['43152860'],['2026-09-11T00:00:00.000+0000'],['single-stage'],['31094502'],,2026-09-20 09:08:50.362431+00:00
2.155,15842COMPETITIVE_CALLen,https://ec.europa.eu/info/funding-tenders/opportunities/portal/screen/opportunities/competitive-calls-cs/46039280,text/plain,en,SEDIA,SEDIA,NACHIP - Second Open Call,0.0,NACHIP - Second Open Call,False,[],[],Interregional Innovation Investments Strand 2a. Available at: https://ec.europa.eu/info/funding-tenders/opportunities/portal/screen/opportunities/competitive-calls-cs/46039280,['I3-2023-INV2a'],['text/plain'],['NACHIP - Second Open Call'],['2026-09-10T00:00:00.000+0000'],['2026-11-09T17:00:00.000+0000'],"['<h2 class=""ql-align-justify""><sub><strong>Activities that can be funded</strong></sub></h2><p class=""ql-align-justify"">Activities need to be coherent with EU priorities defined by the I3 call and must contribute to NACHIP objectives.</p><p class=""ql-align-justify"">In line with the objectives of the I3 Programme, the Financial support in the NACHIP will be used for testing, validation, and demonstration of solutions in the field of hydrogen technologies and integration into real-world applications.</p><p class=""ql-align-justify"">Three main<strong> areas of intervention have been identified for the sub-projects funded with the FSTP</strong>:</p><ol><li data-list=""bullet"" class=""ql-align-justify""><span class=""ql-ui"" contenteditable=""false""></span><strong>Input</strong>: innovative chemicals/materials for the NACHIP pilot testing</li><li data-list=""bullet"" class=""ql-align-justify""><span class=""ql-ui"" contenteditable=""false""></span><strong>Process</strong>: solutions to optimize hydrogen-related processes used in the NACHIP pilots</li><li data-list=""bullet"" class=""ql-align-justify""><span class=""ql-ui"" contenteditable=""false""></span><strong>Output</strong>: applications of new technologies complementing the NACHIP value chains: mobility, urban, and manufacturing sectors</li></ol><p class=""ql-align-justify"">Sub-project proposed in these three main areas may focus on (non-exhaustive list):</p><ol><li data-list=""bullet"" class=""ql-align-justify""><span class=""ql-ui"" contenteditable=""false""></span><strong>Prototype development</strong>: demonstrating the feasibility of proposed hydrogen technologies.</li><li data-list=""bullet"" class=""ql-align-justify""><span class=""ql-ui"" contenteditable=""false""></span><strong>Integration into existing infrastructure</strong>: scaling the technology for real-world applications.</li><li data-list=""bullet"" class=""ql-align-justify""><span class=""ql-ui"" contenteditable=""false""></span><strong>Innovation</strong>: novel solutions related to hydrogen energy storage, transport, or utilization.</li></ol><p class=""ql-align-justify"">A non-exhaustive list of <strong>potential activities</strong> that can be included in the sub-projects presented by the FSTP beneficiaries is reported in the following:</p><ol><li data-list=""bullet"" class=""ql-align-justify""><span class=""ql-ui"" contenteditable=""false""></span>trial and testing activities;</li><li data-list=""bullet"" class=""ql-align-justify""><span class=""ql-ui"" contenteditable=""false""></span>market analysis linked;</li><li data-list=""bullet"" class=""ql-align-justify""><span class=""ql-ui"" contenteditable=""false""></span>the acquisition and testing of materials;</li><li data-list=""bullet"" class=""ql-align-justify""><span class=""ql-ui"" contenteditable=""false""></span>integration in the pilots of the SME’s solutions, demonstration in real/operational environment, small and/or medium scale;</li><li data-list=""bullet"" class=""ql-align-justify""><span class=""ql-ui"" contenteditable=""false""></span>exploitation activities in new application sectors (cross-fertilisation);</li></ol><p class=""ql-align-justify""><strong><u>Please to know better on activities that can be funded, check the Technical annex on the main web page.</u></strong></p>']",['en'],['Interregional Innovation Investments Strand 2a'],['8'],['https://ec.europa.eu/info/funding-tenders/opportunities/portal/screen/opportunities/competitive-calls-cs/46039280'],['https://ec.europa.eu/info/funding-tenders/opportunities/portal/screen/opportunities/competitive-calls-cs/46039280'],['15842'],['SEDIA'],['15842COMPETITIVE_CALLen'],['NACHIP'],['44416173'],['2026-09-10T00:00:00.000+0000'],['single-stage'],['31094502'],,2026-09-20 09:08:50.362431+00:00
2.155,15803COMPETITIVE_CALLen,https://ec.europa.eu/info/funding-tenders/opportunities/portal/screen/opportunities/competitive-calls-cs/45659376,text/plain,en,SEDIA,SEDIA,UNITE Open Call 2 for Joint Interregional Projects,0.0,UNITE Open Call 2 for Joint Interregional Projects,False,[],[],Implementing co-funded action plans for connected regional innovation valleys. Available at: https://ec.europa.eu/info/funding-tenders/opportunities/portal/screen/opportunities/competitive-calls-cs/45659376,['HORIZON-EIE-2023-CONNECT-03-01'],['text/plain'],['UNITE Open Call 2 for Joint Interregional Projects'],['2026-09-10T00:00:00.000+0000'],['2026-12-10T17:00:00.000+0000'],[],['en'],['Implementing co-funded action plans for connected regional innovation valleys'],['8'],['https://ec.europa.eu/info/funding-tenders/opportunities/portal/screen/opportunities/competitive-calls-cs/45659376'],['https://ec.europa.eu/info/funding-tenders/opportunities/portal/screen/opportunities/competitive-calls-cs/45659376'],['15803'],['SEDIA'],['15803COMPETITIVE_CALLen'],['UNITE'],['43108390'],['2026-09-10T00:00:00.000+0000'],['single-stage'],['31094502'],,2026-09-20 09:08:50.362431+00:00
2.155,15441COMPETITIVE_CALLen,https://ec.europa.eu/info/funding-tenders/opportunities/portal/screen/opportunities/competitive-calls-cs/43966258,text/plain,en,SEDIA,SEDIA,"Novel ecosystems: biodiversity, socio-ecological consequences and future trajectories",0.0,"Novel ecosystems: biodiversity, socio-ecological consequences and future trajectories",False,[],[],European partnership rescuing biodiversity to safeguard life on Earth. Available at: https://ec.europa.eu/info/funding-tenders/opportunities/portal/screen/opportunities/competitive-calls-cs/43966258,['HORIZON-CL6-2021-BIODIV-02-01'],['text/plain'],"['Novel ecosystems: biodiversity, socio-ecological consequences and future trajectories']",['2026-09-09T00:00:00.000+0000'],"['2026-11-10T12:00:00.000+0000', '2027-04-16T12:00:00.000+0000']",[],['en'],['European partnership rescuing biodiversity to safeguard life on Earth'],['8'],['https://ec.europa.eu/info/funding-tenders/opportunities/portal/screen/opportunities/competitive-calls-cs/43966258'],['https://ec.europa.eu/info/funding-tenders/opportunities/portal/screen/opportunities/competitive-calls-cs/43966258'],['15441'],['SEDIA'],['15441COMPETITIVE_CALLen'],['Biodiversa-plus'],['43108390'],['2026-09-09T00:00:00.000+0000'],['multiple cut-off'],['31094502'],,2026-09-20 09:08:50.362431+00:00
2.155,15261COMPETITIVE_CALLen,https://ec.europa.eu/info/funding-tenders/opportunities/portal/screen/opportunities/competitive-calls-cs/48351428,text/plain,en,SEDIA,SEDIA,R&I Policy Support for Enlargement Countries,0.0,R&I Policy Support for Enlargement Countries,False,[],[],Support for R&I policy making in the EU enlargement countries. Available at: https://ec.europa.eu/info/funding-tenders/opportunities/portal/screen/opportunities/competitive-calls-cs/48351428,['HORIZON-WIDERA-2025-04-ACCESS-01'],['text/plain'],['R&I Policy Support for Enlargement Countries '],['2026-09-09T00:00:00.000+0000'],"['2026-11-12T17:00:00.000+0000', '2027-05-05T17:00:00.000+0000', '2027-11-03T17:00:00.000+0000', '2028-05-03T17:00:00.000+0000']","['<p class=""ql-align-justify"">All details of the open call can be found in the <strong>POLICY ENLARGE Open Call Terms and Conditions (also Terms or Guide) here <u><a href=""https://opportunities.getonepass.eu/opportunities/policy-enlarge"" rel=""noopener noreferrer"" target=""_blank"">https://opportunities.getonepass.eu/opportunities/policy-enlarge</a></u>.</strong> This document outlines the rules for participation in the POLICY ENLARGE Open Call, including eligibility criteria, maximum grant amount, timeline, submission rules, and the evaluation process.</p><p class=""ql-align-justify"">Please take a moment to read this document carefully to understand the requirements and process. For any questions, please contact us at </p><p class=""ql-align-justify""><strong><u><a href=""mailto:policyenlarge.help@fundingbox.com"" rel=""noopener noreferrer"" target=""_blank"">policyenlarge.help@fundingbox.com</a></u>.&nbsp;&nbsp;</strong></p><p class=""ql-align-justify"">Good luck!</p><p><br></p>']",['en'],['Support for R&I policy making in the EU enlargement countries'],['8'],['https://ec.europa.eu/info/funding-tenders/opportunities/portal/screen/opportunities/competitive-calls-cs/48351428'],['https://ec.europa.eu/info/funding-tenders/opportunities/portal/screen/opportunities/competitive-calls-cs/48351428'],['15261'],['SEDIA'],['15261COMPETITIVE_CALLen'],['POLICY ENLARGE'],['43108390'],['2026-09-09T00:00:00.000+0000'],['multiple cut-off'],['31094502'],,2026-09-20 09:08:50.362431+00:00
2.155,15162COMPETITIVE_CALLen,https://ec.europa.eu/info/funding-tenders/opportunities/portal/screen/opportunities/competitive-calls-cs/45705096,text/plain,en,SEDIA,SEDIA,FIERCE 2nd Open Call for the Financial Support Programme,0.0,FIERCE 2nd Open Call for the Financial Support Programme,False,[],[],'Innovate to transform' support for SME's sustainability transition (CSA). Available at: https://ec.europa.eu/info/funding-tenders/opportunities/portal/screen/opportunities/competitive-calls-cs/45705096,['HORIZON-CL4-2024-RESILIENCE-01-41'],['text/plain'],['FIERCE 2nd Open Call for the Financial Support Programme'],['2026-09-08T00:00:00.000+0000'],['2026-11-09T15:00:00.000+0000'],"['<p>This Financial Support Programme will support SMEs to advance their space-based green solutions — from early ideas all the way to market-ready products. Each selected beneficiary can receive up to 50,000 EUR to implement its project.</p><p>There are three types of projects to account for the different technological maturity stages of the solutions:</p><p>● Ideation projects: up to 25,000 EUR</p><p>● Scale-Up projects: up to 50,000 EUR</p><p>● Commercialisation projects: up to 25,000 EUR</p><p>The projects will be implemented with the support of External Service Providers and 100% of the financial support will be allocated to them (no extra costs are reimbursed). The eligible services and a list of External Service Providers (not exhaustive) can be found in the Guide for Applicants here: <a href=""https://2nd-financing.project-fierce.eu/"" rel=""noopener noreferrer"" target=""_blank"">https://2nd-financing.project-fierce.eu/</a></p><p>Each beneficiary can receive as many services as needed, as long as they do not surpass the maximum amount they are allowed to spend on service providers i.e. 50,000 EUR.</p><p class=""ql-align-justify"">Beneficiaries supported under the First Financial Support Program can apply to the FIERCE 2nd Open Call for Financing, as long as they do not exceed the maximum financial support available per beneficiary (50,000 EUR).</p><p>Each beneficiary will be assigned a Lead Mentor who will guide and support them through the programme.</p>']",['en'],"[""'Innovate to transform' support for SME's sustainability transition (CSA)""]",['8'],['https://ec.europa.eu/info/funding-tenders/opportunities/portal/screen/opportunities/competitive-calls-cs/45705096'],['https://ec.europa.eu/info/funding-tenders/opportunities/portal/screen/opportunities/competitive-calls-cs/45705096'],['15162'],['SEDIA'],['15162COMPETITIVE_CALLen'],['FIERCE'],['43108390'],['2026-09-08T00:00:00.000+0000'],['single-stage'],['31094502'],,2026-09-20 09:08:50.362431+00:00
2.155,15581COMPETITIVE_CALLen,https://ec.europa.eu/info/funding-tenders/opportunities/portal/screen/opportunities/competitive-calls-cs/44093037,text/plain,en,SEDIA,SEDIA,Water4All 2026 Joint Transnational Call “Sustainable water management”,0.0,Water4All 2026 Joint Transnational Call “Sustainable water management”,False,[],[],European Partnership Water Security for the Planet (Water4All). Available at: https://ec.europa.eu/info/funding-tenders/opportunities/portal/screen/opportunities/competitive-calls-cs/44093037,['HORIZON-CL6-2021-CLIMATE-01-02'],['text/plain'],['Water4All 2026 Joint Transnational Call “Sustainable water management”'],['2026-09-08T00:00:00.000+0000'],"['2026-11-10T15:00:00.000+0000', '2027-04-06T15:00:00.000+0000']",[],['en'],['European Partnership Water Security for the Planet (Water4All)'],['8'],['https://ec.europa.eu/info/funding-tenders/opportunities/portal/screen/opportunities/competitive-calls-cs/44093037'],['https://ec.europa.eu/info/funding-tenders/opportunities/portal/screen/opportunities/competitive-calls-cs/44093037'],['15581'],['SEDIA'],['15581COMPETITIVE_CALLen'],['Water4All'],['43108390'],['2026-09-08T00:00:00.000+0000'],['multiple cut-off'],['31094502'],,2026-09-20 09:08:50.362431+00:00
2.155,187109PROSPECTSEN,https://webgate.ec.europa.eu/prospect/external/publishedcalls.htm?callId=187109,text/plain,en,SEDIA,SEDIA,"Strengthening NSA's knowledge, research and innovation partnerships",0.0,"Strengthening NSA's knowledge, research and innovation partnerships",False,[],[],"Strengthening NSA's knowledge, research and innovation partnerships. Available at: https://webgate.ec.europa.eu/prospect/external/publishedcalls.htm?callId=187109",['EuropeAid/187109/DD/ACT/VN'],['text/plain'],,['2026-09-07T10:00:34.000+0000'],['2026-10-30T11:00:26.000+0000'],,['en'],"[""Strengthening NSA's knowledge, research and innovation partnerships""]",['2'],['https://webgate.ec.europa.eu/prospect/external/publishedcalls.htm?callId=187109'],['https://webgate.ec.europa.eu/prospect/external/publishedcalls.htm?callId=187109'],,['SEDIA'],['187109PROSPECTSEN'],,['111111'],['2026-09-07T10:00:34.000+0000'],,['31094502'],,2026-09-20 09:08:50.362431+00:00
2.155,15682COMPETITIVE_CALLen,https://ec.europa.eu/info/funding-tenders/opportunities/portal/screen/opportunities/competitive-calls-cs/48939740,text/plain,en,SEDIA,SEDIA,AI Entrepreneurs Lab,0.0,AI Entrepreneurs Lab,False,[],[],Cross KIC EIT Innovation & Business Creation Business Plan 2026. Available at: https://ec.europa.eu/info/funding-tenders/opportunities/portal/screen/opportunities/competitive-calls-cs/48939740,['HORIZON-EIT-2025-KIC-IBA-INBC'],['text/plain'],['AI Entrepreneurs Lab'],['2026-09-07T00:00:00.000+0000'],['2026-10-21T17:00:00.000+0000'],"['<p>An intensive programme for the <strong>most promising early-stage talent in AI and robotics.</strong></p><p>Up to 15 people join&nbsp;a cohort for a hands-on bootcamp that turns research and raw ideas into the foundations of a company. It&nbsp;runs across three cities in five days, ends with a Demo Day, and awards up to five prizes of €10,000 to the&nbsp;teams that show the strongest evidence of a real venture.</p><p>The Lab is part of the&nbsp;<a href=""https://digital-strategy.ec.europa.eu/en/policies/apply-ai"" rel=""noopener noreferrer"" target=""_blank"">EU ApplyAI Strategy</a>&nbsp;and is operated by&nbsp;<a href=""https://28digital.eu/"" rel=""noopener noreferrer"" target=""_blank"">28DIGITAL</a>&nbsp;under the EIT Community AI &&nbsp;Robotics. It exists to move Europe’s best technical talent from the lab bench to the founder’s seat.</p>']",['en'],['Cross KIC EIT Innovation & Business Creation Business Plan 2026'],['8'],['https://ec.europa.eu/info/funding-tenders/opportunities/portal/screen/opportunities/competitive-calls-cs/48939740'],['https://ec.europa.eu/info/funding-tenders/opportunities/portal/screen/opportunities/competitive-calls-cs/48939740'],['15682'],['SEDIA'],['15682COMPETITIVE_CALLen'],['EIT INNOBC'],['43108390'],['2026-09-07T00:00:00.000+0000'],['single-stage'],['31094502'],,2026-09-20 09:08:50.362431+00:00
2.155,15481COMPETITIVE_CALLen,https://ec.europa.eu/info/funding-tenders/opportunities/portal/screen/opportunities/competitive-calls-cs/46830380,text/plain,en,SEDIA,SEDIA,I3FLOAT 1st Open Call,0.0,I3FLOAT 1st Open Call,False,[],[],Interregional Innovation Investments Strand 1. Available at: https://ec.europa.eu/info/funding-tenders/opportunities/portal/screen/opportunities/competitive-calls-cs/46830380,['I3-2024-INV1'],['text/plain'],['I3FLOAT 1st Open Call '],['2026-09-07T00:00:00.000+0000'],['2026-11-10T17:00:00.000+0000'],"['<p>The scope of the I3FLOAT 1<sup>st</sup> Open Call is to <strong>fund SMEs with proposed innovations in the field of Floating Offshore Wind</strong> and proposing a technological solution to one of the challenges posed by the I3FLOAT project. The support scheme aims to fund projects that are relatively close to commercialisation. The expected current TRLs for projects funded under the support scheme are TRL 6-8.</p><p>Applicants to the 1<sup>st</sup> Open Call should propose a project that is in line with the different challenges the I3FLOAT project has identified. These challenges can be <strong>Open Challenges</strong>, which means solutions that are aligned with any of the innovation lines prioritised in the Strategic Innovation Agenda, or <strong>Specific Challenges</strong>, more concrete and defined by a Challenge Owner.</p><p><strong>Open Challenges</strong> refers to innovations that are aligned with the 44 prioritised innovation lines identified in the Floating Wind Strategic Innovation Agenda in areas such as <strong>Floating substructures, mooring systems and dynamic cables; Electrical infrastructure and grid connection; Wind turbine, tower or alternative supporting structures and FOW-specific control; Industrialisation; Logistics and offshore installation; Operation, Maintenance and Decommissioning</strong>. Further detail is available in the Annex 1 of the Submission Toolkit.</p><p><strong>Specific Challenges </strong>are related to specific sectoral needs proposed by so-called Challenge Owners. Examples would be the challenge <strong>""Single-pass welding outside for local FOWT serial assembly""</strong> proposed by I3FLOAT partner Eolink or ""<strong>Logistic optimization on the transport of offshore wind structures</strong>"" proposed by I3 Board member Navantia Seanergies. The list of the 11 Specific Challenges is available in Annex 2 of the Submission Toolkit.</p>']",['en'],['Interregional Innovation Investments Strand 1'],['8'],['https://ec.europa.eu/info/funding-tenders/opportunities/portal/screen/opportunities/competitive-calls-cs/46830380'],['https://ec.europa.eu/info/funding-tenders/opportunities/portal/screen/opportunities/competitive-calls-cs/46830380'],['15481'],['SEDIA'],['15481COMPETITIVE_CALLen'],['I3FLOAT'],['44416173'],['2026-09-07T00:00:00.000+0000'],['single-stage'],['31094502'],,2026-09-20 09:08:50.362431+00:00
2.155,187686PROSPECTSEN,https://ec.europa.eu/info/funding-tenders/opportunities/portal/screen/opportunities/topic-details/187686PROSPECTSEN,text/plain,en,SEDIA,SEDIA,MK 24 IPA TR 01 26 Alignment of national legislation and policies with EU Acquis for road infrastructure management together with capacity building,0.0,MK 24 IPA TR 01 26 Alignment of national legislation and policies with EU Acquis for road infrastructure management together with capacity building,False,[],[],MK 24 IPA TR 01 26 Alignment of national legislation and policies with EU Acquis for road infrastructure management together with capacity building. Available at: https://ec.europa.eu/info/funding-tenders/opportunities/portal/screen/opportunities/topic-details/187686PROSPECTSEN,['EuropeAid/187686/ID/ACT/MK'],['text/plain'],['true'],['2026-09-03T10:00:28.000+0000'],['2026-11-05T22:59:00.000+0000'],,['en'],['MK 24 IPA TR 01 26 Alignment of national legislation and policies with EU Acquis for road infrastructure management together with capacity building'],['2'],['https://ec.europa.eu/info/funding-tenders/opportunities/portal/screen/opportunities/topic-details/187686PROSPECTSEN'],['https://ec.europa.eu/info/funding-tenders/opportunities/portal/screen/opportunities/topic-details/187686PROSPECTSEN'],,['SEDIA'],['187686PROSPECTSEN'],,['111111'],['2026-09-03T10:00:28.000+0000'],,['31094502'],,2026-09-20 09:08:50.362431+00:00
2.155,14488COMPETITIVE_CALLen,https://ec.europa.eu/info/funding-tenders/opportunities/portal/screen/opportunities/competitive-calls-cs/48401785,text/plain,en,SEDIA,SEDIA,CodeSupply open call (2026-11Y),0.0,CodeSupply open call (2026-11Y),False,[],[],Drive the evolution of the internet towards open and interoperable Web 4.0 and Virtual Worlds: building blocks in priority areas (RIA) (Virtual Worlds Partnership). Available at: https://ec.europa.eu/info/funding-tenders/opportunities/portal/screen/opportunities/competitive-calls-cs/48401785,['HORIZON-CL4-2025-03-HUMAN-16'],['text/plain'],['CodeSupply open call (2026-11Y)'],['2026-09-03T00:00:00.000+0000'],['2026-11-03T12:00:00.000+0000'],"['<p>Open data about software packages is critical for the automation and scale necessary to resolve software supply chain management and address security and regulatory and open source compliance challenges. <strong>CodeSupply</strong> aggregates and curates comprehensive software metadata, including origin and licensing information, security vulnerabilities, and quality metrics from distributed, authoritative data sources across programming ecosystems and software types. This metadata is assembled in reference data sets, federated in a unified data catalog for digital sovereignty and independence, and distributed as open data, freely available to all, using an open source data license.</p><p><br></p><p>The <em>CodeSupply</em> project pursues three interconnected objectives that directly address data challenges in cybersecurity, software supply chain management, and regulatory and open source license compliance:</p><ol><li data-list=""ordered""><span class=""ql-ui"" contenteditable=""false""></span>Publish current, correct, and comprehensive <strong>software metadata</strong></li><li data-list=""ordered""><span class=""ql-ui"" contenteditable=""false""></span><strong>Establish a scalable and sustainable mechanism to provide democratic access</strong> to data sets</li><li data-list=""ordered""><span class=""ql-ui"" contenteditable=""false""></span>Create a <strong>foundational framework</strong> for future iterations, enhancements, and new data sets</li></ol><p><br></p><p>CodeSupply will deliver an ambitious development effort, but this is a vast domain with many more challenges than what any preconceived effort could tackle by itself. <strong>This is why we invite your contribution</strong> to help us reshape the state of play, and together create an open, trustworthy and reliable internet for all.</p><p><br></p><p><strong>This is your opportunity to make a real difference</strong>. You tell us how your project can help CodeSupply go harder, better, faster, stronger. In order to enable you to make such contributions, we will award small to medium-size R&D grants towards solutions that bring the next generation of mobile solutions closer. We are seeking project proposals <strong>between 5.000 and 50.000 euro\'s</strong> — which should get you on your way. If the project works out well you can subsequently scale up in other programmes funded by NLnet such as <a href=""https://nlnet.nl/restack"" rel=""noopener noreferrer"" target=""_blank"">Restack</a>. Noteworthy fact: several projects within CodeSupply were themselves bootstrapped on precisely such a grant from NLnet, and now it is your turn.</p>']",['en'],['Drive the evolution of the internet towards open and interoperable Web 4.0 and Virtual Worlds: building blocks in priority areas (RIA) (Virtual Worlds Partnership)'],['8'],['https://ec.europa.eu/info/funding-tenders/opportunities/portal/screen/opportunities/competitive-calls-cs/48401785'],['https://ec.europa.eu/info/funding-tenders/opportunities/portal/screen/opportunities/competitive-calls-cs/48401785'],['14488'],['SEDIA'],['14488COMPETITIVE_CALLen'],['CodeSupply'],['43108390'],['2026-09-03T00:00:00.000+0000'],['single-stage'],['31094502'],,2026-09-20 09:08:50.362431+00:00
2.155,14506COMPETITIVE_CALLen,https://ec.europa.eu/info/funding-tenders/opportunities/portal/screen/opportunities/competitive-calls-cs/48400841,text/plain,en,SEDIA,SEDIA,Restack Open Call (2026-11R),0.0,Restack Open Call (2026-11R),False,[],[],Open Internet Stack: development of technological commons/open-source 3C building blocks (RIA). Available at: https://ec.europa.eu/info/funding-tenders/opportunities/portal/screen/opportunities/competitive-calls-cs/48400841,['HORIZON-CL4-2025-03-DATA-11'],['text/plain'],['Restack Open Call (2026-11R)'],['2026-09-03T00:00:00.000+0000'],['2026-11-03T12:00:00.000+0000'],"['<p>Open Internet Stack is an initiative by the European Commission to work towards an resilient operational stack of strategic technology commons worthy of trust — a stable and defendable foundation to foster healthy and strong democracies and economies, delivering the European vision of next generation digital infrastructures and connected collaborative computing networks. It aims to deliver an ecosystem of deployable, scalable, and secure technologies that allow for permissionless innovation, contribute to quality of life and deliver strategic autonomy.</p><p><br></p><p>The goal of <strong>Restack</strong> is to help deliver, mature and scale <strong>new internet commons</strong> across the technology stack: from libre chips to middleware without a vendor lock-in, from productivity tools to \'local-first\' infrastructure — and of course the end user applications needed to consume those networked services. We <strong>restack</strong> because there is no other viable way. If we want to reclaim digital self-sustainability and yield the full benefits from technology as a society, we need to have an entire stack that is open from the ground up — period.</p><p><br></p><p>Only though enough critical mass of <strong>shared building blocks</strong> and <strong>collective pooling</strong> of resources and capabilities will our governments, businesses and civil society be able to count on digital security and long term operational availability — and steer towards more fair, innovative economies and societies. And there is no time to waste. <strong>This is why we invite your contribution</strong> to help us reshape the state of play, and together create an open, trustworthy and reliable internet for all.</p><p><br></p><p><strong>This is your opportunity to make a real difference</strong>. In order to enable you to make such contributions, we will award small to medium-size R&D grants towards solutions that bring the next generation of mobile solutions closer. We are seeking project proposals <strong>between 5.000 and 50.000 euro\'s</strong> — which should get you on your way. if there is proven potential, there is a possibility to subsequently scale up your project significantly. Next to financial support, we provide <a href=""https://nlnet.nl/restack/background"" rel=""noopener noreferrer"" target=""_blank"">all kinds of help</a> too — ranging from accessiibility scans and security audits to reproducible packaging, and from support with copyright compliance and governance to standardisation.</p>']",['en'],['Open Internet Stack: development of technological commons/open-source 3C building blocks (RIA)'],['8'],['https://ec.europa.eu/info/funding-tenders/opportunities/portal/screen/opportunities/competitive-calls-cs/48400841'],['https://ec.europa.eu/info/funding-tenders/opportunities/portal/screen/opportunities/competitive-calls-cs/48400841'],['14506'],['SEDIA'],['14506COMPETITIVE_CALLen'],['Restack'],['43108390'],['2026-09-03T00:00:00.000+0000'],['single-stage'],['31094502'],,2026-09-20 09:08:50.362431+00:00
2.155,15569COMPETITIVE_CALLen,https://ec.europa.eu/info/funding-tenders/opportunities/portal/screen/opportunities/competitive-calls-cs/48165818,text/plain,en,SEDIA,SEDIA,EFCSN Permanent Call for Protection Grants,0.0,EFCSN Permanent Call for Protection Grants,False,[],[],European Network of Factcheckers. Available at: https://ec.europa.eu/info/funding-tenders/opportunities/portal/screen/opportunities/competitive-calls-cs/48165818,['DIGITAL-2025-BESTUSE-08-FACTCHECKERS'],['text/plain'],['EFCSN Permanent Call for Protection Grants'],['2026-09-02T00:00:00.000+0000'],['2028-05-31T17:00:00.000+0000'],[],['en'],['European Network of Factcheckers'],['8'],['https://ec.europa.eu/info/funding-tenders/opportunities/portal/screen/opportunities/competitive-calls-cs/48165818'],['https://ec.europa.eu/info/funding-tenders/opportunities/portal/screen/opportunities/competitive-calls-cs/48165818'],['15569'],['SEDIA'],['15569COMPETITIVE_CALLen'],['FACTEUR'],['43152860'],['2026-09-02T00:00:00.000+0000'],['single-stage'],['31094502'],,2026-09-20 09:08:50.362431+00:00
2.155,52395682TOPICSen,https://ec.europa.eu/info/funding-tenders/opportunities/portal/screen/opportunities/topic-details/HORIZON-EIT-2026-PRIZE-WIP-LEADERSHIP,text/plain,en,SEDIA,SEDIA,Women Leadership Category,0.0,Women Leadership Category,False,[],[],Women Leadership Category. Available at: https://ec.europa.eu/info/funding-tenders/opportunities/portal/screen/opportunities/topic-details/HORIZON-EIT-2026-PRIZE-WIP-LEADERSHIP,['HORIZON-EIT-2026-PRIZE-WIP-LEADERSHIP'],['text/plain'],,['2026-09-02T00:00:00.000+0000'],['2026-12-01T00:00:00.000+0000'],,['en'],['Women Leadership Category'],['1'],['https://ec.europa.eu/info/funding-tenders/opportunities/portal/screen/opportunities/topic-details/HORIZON-EIT-2026-PRIZE-WIP-LEADERSHIP'],['https://ec.europa.eu/info/funding-tenders/opportunities/portal/screen/opportunities/topic-details/HORIZON-EIT-2026-PRIZE-WIP-LEADERSHIP'],['52395690'],['SEDIA'],['52395682TOPICSen'],,['43108390'],['2026-09-02T00:00:00.000+0000'],['single-stage'],['31094502'],['HORIZON Recognition Prize'],2026-09-20 09:08:50.362431+00:00
2.155,52395722TOPICSen,https://ec.europa.eu/info/funding-tenders/opportunities/portal/screen/opportunities/topic-details/HORIZON-EIC-2026-PRIZE-WIP,text/plain,en,SEDIA,SEDIA,The European Prize for Women Innovators,0.0,The European Prize for Women Innovators,False,[],[],The European Prize for Women Innovators. Available at: https://ec.europa.eu/info/funding-tenders/opportunities/portal/screen/opportunities/topic-details/HORIZON-EIC-2026-PRIZE-WIP,['HORIZON-EIC-2026-PRIZE-WIP'],['text/plain'],,['2026-09-02T00:00:00.000+0000'],['2026-12-01T00:00:00.000+0000'],,['en'],['The European Prize for Women Innovators'],['1'],['https://ec.europa.eu/info/funding-tenders/opportunities/portal/screen/opportunities/topic-details/HORIZON-EIC-2026-PRIZE-WIP'],['https://ec.europa.eu/info/funding-tenders/opportunities/portal/screen/opportunities/topic-details/HORIZON-EIC-2026-PRIZE-WIP'],['52395786'],['SEDIA'],['52395722TOPICSen'],,['43108390'],['2026-09-02T00:00:00.000+0000'],['single-stage'],['31094502'],['HORIZON Recognition Prize'],2026-09-20 09:08:50.362431+00:00
2.155,52503133TOPICSen,https://ec.europa.eu/info/funding-tenders/opportunities/portal/screen/opportunities/topic-details/HORIZON-EIC-2026-PRIZE-WIP-RisingInnovators,text/plain,en,SEDIA,SEDIA,Rising Innovators category,0.0,Rising Innovators category,False,[],[],Rising Innovators category. Available at: https://ec.europa.eu/info/funding-tenders/opportunities/portal/screen/opportunities/topic-details/HORIZON-EIC-2026-PRIZE-WIP-RisingInnovators,['HORIZON-EIC-2026-PRIZE-WIP-RisingInnovators'],['text/plain'],,['2026-09-02T00:00:00.000+0000'],['2026-12-01T00:00:00.000+0000'],,['en'],['Rising Innovators category'],['1'],['https://ec.europa.eu/info/funding-tenders/opportunities/portal/screen/opportunities/topic-details/HORIZON-EIC-2026-PRIZE-WIP-RisingInnovators'],['https://ec.europa.eu/info/funding-tenders/opportunities/portal/screen/opportunities/topic-details/HORIZON-EIC-2026-PRIZE-WIP-RisingInnovators'],['52395786'],['SEDIA'],['52503133TOPICSen'],,['43108390'],['2026-09-02T00:00:00.000+0000'],['single-stage'],['31094502'],['HORIZON Recognition Prize'],2026-09-20 09:08:50.362431+00:00
2.155,15563COMPETITIVE_CALLen,https://ec.europa.eu/info/funding-tenders/opportunities/portal/screen/opportunities/competitive-calls-cs/48939726,text/plain,en,SEDIA,SEDIA,Call for University Incubators and Entrepreneurship Support Providers - Beyond the Idea: From Concept to Venture,0.0,Call for University Incubators and Entrepreneurship Support Providers - Beyond the Idea: From Concept to Venture,False,[],[],EITHEALTH Business Plan 2026. Available at: https://ec.europa.eu/info/funding-tenders/opportunities/portal/screen/opportunities/competitive-calls-cs/48939726,['HORIZON-EIT-2025-KIC-IBA-H'],['text/plain'],['Call for University Incubators and Entrepreneurship Support Providers - Beyond the Idea: From Concept to Venture '],['2026-09-02T00:00:00.000+0000'],['2026-11-02T16:00:00.000+0000'],[],['en'],['EITHEALTH Business Plan 2026'],['8'],['https://ec.europa.eu/info/funding-tenders/opportunities/portal/screen/opportunities/competitive-calls-cs/48939726'],['https://ec.europa.eu/info/funding-tenders/opportunities/portal/screen/opportunities/competitive-calls-cs/48939726'],['15563'],['SEDIA'],['15563COMPETITIVE_CALLen'],['EIT Health 26-28'],['43108390'],['2026-09-02T00:00:00.000+0000'],['single-stage'],['31094502'],,2026-09-20 09:08:50.362431+00:00
2.155,15562COMPETITIVE_CALLen,https://ec.europa.eu/info/funding-tenders/opportunities/portal/screen/opportunities/competitive-calls-cs/48939726,text/plain,en,SEDIA,SEDIA,Call for Technology Transfer Offices and Entrepreneurship Support Providers,0.0,Call for Technology Transfer Offices and Entrepreneurship Support Providers,False,[],[],EITHEALTH Business Plan 2026. Available at: https://ec.europa.eu/info/funding-tenders/opportunities/portal/screen/opportunities/competitive-calls-cs/48939726,['HORIZON-EIT-2025-KIC-IBA-H'],['text/plain'],['Call for Technology Transfer Offices and Entrepreneurship Support Providers  '],['2026-09-02T00:00:00.000+0000'],['2026-11-02T16:00:00.000+0000'],[],['en'],['EITHEALTH Business Plan 2026'],['8'],['https://ec.europa.eu/info/funding-tenders/opportunities/portal/screen/opportunities/competitive-calls-cs/48939726'],['https://ec.europa.eu/info/funding-tenders/opportunities/portal/screen/opportunities/competitive-calls-cs/48939726'],['15562'],['SEDIA'],['15562COMPETITIVE_CALLen'],['EIT Health 26-28'],['43108390'],['2026-09-02T00:00:00.000+0000'],['single-stage'],['31094502'],,2026-09-20 09:08:50.362431+00:00
2.155,15561COMPETITIVE_CALLen,https://ec.europa.eu/info/funding-tenders/opportunities/portal/screen/opportunities/competitive-calls-cs/48939726,text/plain,en,SEDIA,SEDIA,Levelling Course on Entrepreneurship in Healthcare 2027,0.0,Levelling Course on Entrepreneurship in Healthcare 2027,False,[],[],EITHEALTH Business Plan 2026. Available at: https://ec.europa.eu/info/funding-tenders/opportunities/portal/screen/opportunities/competitive-calls-cs/48939726,['HORIZON-EIT-2025-KIC-IBA-H'],['text/plain'],['Levelling Course on Entrepreneurship in Healthcare 2027'],['2026-09-02T00:00:00.000+0000'],['2026-11-02T16:00:00.000+0000'],[],['en'],['EITHEALTH Business Plan 2026'],['8'],['https://ec.europa.eu/info/funding-tenders/opportunities/portal/screen/opportunities/competitive-calls-cs/48939726'],['https://ec.europa.eu/info/funding-tenders/opportunities/portal/screen/opportunities/competitive-calls-cs/48939726'],['15561'],['SEDIA'],['15561COMPETITIVE_CALLen'],['EIT Health 26-28'],['43108390'],['2026-09-02T00:00:00.000+0000'],['single-stage'],['31094502'],,2026-09-20 09:08:50.362431+00:00
2.155,15564COMPETITIVE_CALLen,https://ec.europa.eu/info/funding-tenders/opportunities/portal/screen/opportunities/competitive-calls-cs/48939726,text/plain,en,SEDIA,SEDIA,Fostering Opportunity in Regional Growth across Europe (FORGE),0.0,Fostering Opportunity in Regional Growth across Europe (FORGE),False,[],[],EITHEALTH Business Plan 2026. Available at: https://ec.europa.eu/info/funding-tenders/opportunities/portal/screen/opportunities/competitive-calls-cs/48939726,['HORIZON-EIT-2025-KIC-IBA-H'],['text/plain'],['Fostering Opportunity in Regional Growth across Europe (FORGE)'],['2026-09-02T00:00:00.000+0000'],['2026-11-02T16:00:00.000+0000'],[],['en'],['EITHEALTH Business Plan 2026'],['8'],['https://ec.europa.eu/info/funding-tenders/opportunities/portal/screen/opportunities/competitive-calls-cs/48939726'],['https://ec.europa.eu/info/funding-tenders/opportunities/portal/screen/opportunities/competitive-calls-cs/48939726'],['15564'],['SEDIA'],['15564COMPETITIVE_CALLen'],['EIT Health 26-28'],['43108390'],['2026-09-02T00:00:00.000+0000'],['single-stage'],['31094502'],,2026-09-20 09:08:50.362431+00:00
2.155,15565COMPETITIVE_CALLen,https://ec.europa.eu/info/funding-tenders/opportunities/portal/screen/opportunities/competitive-calls-cs/48939726,text/plain,en,SEDIA,SEDIA,Summer Schools and Certified Innovation Path Residentials Call,0.0,Summer Schools and Certified Innovation Path Residentials Call,False,[],[],EITHEALTH Business Plan 2026. Available at: https://ec.europa.eu/info/funding-tenders/opportunities/portal/screen/opportunities/competitive-calls-cs/48939726,['HORIZON-EIT-2025-KIC-IBA-H'],['text/plain'],['Summer Schools and Certified Innovation Path Residentials Call'],['2026-09-02T00:00:00.000+0000'],['2026-11-02T16:00:00.000+0000'],[],['en'],['EITHEALTH Business Plan 2026'],['8'],['https://ec.europa.eu/info/funding-tenders/opportunities/portal/screen/opportunities/competitive-calls-cs/48939726'],['https://ec.europa.eu/info/funding-tenders/opportunities/portal/screen/opportunities/competitive-calls-cs/48939726'],['15565'],['SEDIA'],['15565COMPETITIVE_CALLen'],['EIT Health 26-28'],['43108390'],['2026-09-02T00:00:00.000+0000'],['single-stage'],['31094502'],,2026-09-20 09:08:50.362431+00:00
2.155,15567COMPETITIVE_CALLen,https://ec.europa.eu/info/funding-tenders/opportunities/portal/screen/opportunities/competitive-calls-cs/48939726,text/plain,en,SEDIA,SEDIA,EIT Health Regional Innovation Scheme Country Representatives 2027-2028,0.0,EIT Health Regional Innovation Scheme Country Representatives 2027-2028,False,[],[],EITHEALTH Business Plan 2026. Available at: https://ec.europa.eu/info/funding-tenders/opportunities/portal/screen/opportunities/competitive-calls-cs/48939726,['HORIZON-EIT-2025-KIC-IBA-H'],['text/plain'],['EIT Health Regional Innovation Scheme Country Representatives 2027-2028 '],['2026-09-02T00:00:00.000+0000'],['2026-11-02T16:00:00.000+0000'],[],['en'],['EITHEALTH Business Plan 2026'],['8'],['https://ec.europa.eu/info/funding-tenders/opportunities/portal/screen/opportunities/competitive-calls-cs/48939726'],['https://ec.europa.eu/info/funding-tenders/opportunities/portal/screen/opportunities/competitive-calls-cs/48939726'],['15567'],['SEDIA'],['15567COMPETITIVE_CALLen'],['EIT Health 26-28'],['43108390'],['2026-09-02T00:00:00.000+0000'],['single-stage'],['31094502'],,2026-09-20 09:08:50.362431+00:00
2.155,15566COMPETITIVE_CALLen,https://ec.europa.eu/info/funding-tenders/opportunities/portal/screen/opportunities/competitive-calls-cs/48939726,text/plain,en,SEDIA,SEDIA,Bootcamps - Call for Providers,0.0,Bootcamps - Call for Providers,False,[],[],EITHEALTH Business Plan 2026. Available at: https://ec.europa.eu/info/funding-tenders/opportunities/portal/screen/opportunities/competitive-calls-cs/48939726,['HORIZON-EIT-2025-KIC-IBA-H'],['text/plain'],['Bootcamps - Call for Providers'],['2026-09-02T00:00:00.000+0000'],['2026-11-02T16:00:00.000+0000'],[],['en'],['EITHEALTH Business Plan 2026'],['8'],['https://ec.europa.eu/info/funding-tenders/opportunities/portal/screen/opportunities/competitive-calls-cs/48939726'],['https://ec.europa.eu/info/funding-tenders/opportunities/portal/screen/opportunities/competitive-calls-cs/48939726'],['15566'],['SEDIA'],['15566COMPETITIVE_CALLen'],['EIT Health 26-28'],['43108390'],['2026-09-02T00:00:00.000+0000'],['single-stage'],['31094502'],,2026-09-20 09:08:50.362431+00:00
2.155,50143228TOPICSen,https://ec.europa.eu/info/funding-tenders/opportunities/portal/screen/opportunities/topic-details/SOCPL-2026-INFO-REPR,text/plain,en,SEDIA,SEDIA,SOCPL-2026-INFO-REPR,0.0,SOCPL-2026-INFO-REPR,False,[],[],SOCPL-2026-INFO-REPR. Available at: https://ec.europa.eu/info/funding-tenders/opportunities/portal/screen/opportunities/topic-details/SOCPL-2026-INFO-REPR,['SOCPL-2026-INFO-REPR'],['text/plain'],,['2026-09-02T00:00:00.000+0000'],['2026-11-12T00:00:00.000+0000'],,['en'],['SOCPL-2026-INFO-REPR'],['1'],['https://ec.europa.eu/info/funding-tenders/opportunities/portal/screen/opportunities/topic-details/SOCPL-2026-INFO-REPR'],['https://ec.europa.eu/info/funding-tenders/opportunities/portal/screen/opportunities/topic-details/SOCPL-2026-INFO-REPR'],['50143238'],['SEDIA'],['50143228TOPICSen'],,['43252517'],['2026-09-02T00:00:00.000+0000'],['single-stage'],['31094502'],['SOCPL Project Grants'],2026-09-20 09:08:50.362431+00:00
2.155,50127765TOPICSen,https://ec.europa.eu/info/funding-tenders/opportunities/portal/screen/opportunities/topic-details/HORIZON-WIDERA-2027-04-WIDENING-01,text/plain,en,SEDIA,SEDIA,Excellence Hubs,0.0,Excellence Hubs,False,[],[],Excellence Hubs. Available at: https://ec.europa.eu/info/funding-tenders/opportunities/portal/screen/opportunities/topic-details/HORIZON-WIDERA-2027-04-WIDENING-01,['HORIZON-WIDERA-2027-04-WIDENING-01'],['text/plain'],,['2026-09-02T00:00:00.000+0000'],['2027-03-04T00:00:00.000+0000'],,['en'],['Excellence Hubs'],['1'],['https://ec.europa.eu/info/funding-tenders/opportunities/portal/screen/opportunities/topic-details/HORIZON-WIDERA-2027-04-WIDENING-01'],['https://ec.europa.eu/info/funding-tenders/opportunities/portal/screen/opportunities/topic-details/HORIZON-WIDERA-2027-04-WIDENING-01'],['50127783'],['SEDIA'],['50127765TOPICSen'],,['43108390'],['2026-09-02T00:00:00.000+0000'],['single-stage'],['31094502'],['HORIZON Coordination and Support Actions'],2026-09-20 09:08:50.362431+00:00
2.155,187605PROSPECTSEN,https://webgate.ec.europa.eu/prospect/external/publishedcalls.htm?callId=187605,text/plain,en,SEDIA,SEDIA,Civil Society Organisation (CSO) Thematic Programme in Indonesia,0.0,Civil Society Organisation (CSO) Thematic Programme in Indonesia,False,[],[],Civil Society Organisation (CSO) Thematic Programme in Indonesia. Available at: https://webgate.ec.europa.eu/prospect/external/publishedcalls.htm?callId=187605,['EuropeAid/187605/DD/ACT/ID'],['text/plain'],,['2026-09-01T10:00:47.000+0000'],['2026-11-03T11:00:50.000+0000'],,['en'],['Civil Society Organisation (CSO) Thematic Programme in Indonesia'],['2'],['https://webgate.ec.europa.eu/prospect/external/publishedcalls.htm?callId=187605'],['https://webgate.ec.europa.eu/prospect/external/publishedcalls.htm?callId=187605'],,['SEDIA'],['187605PROSPECTSEN'],,['111111'],['2026-09-01T10:00:47.000+0000'],,['31094502'],,2026-09-20 09:08:50.362431+00:00
2.155,15544COMPETITIVE_CALLen,https://ec.europa.eu/info/funding-tenders/opportunities/portal/screen/opportunities/competitive-calls-cs/46238629,text/plain,en,SEDIA,SEDIA,EFFEA Call #5,0.0,EFFEA Call #5,False,[],[],European Platforms for the promotion of emerging artists. Available at: https://ec.europa.eu/info/funding-tenders/opportunities/portal/screen/opportunities/competitive-calls-cs/46238629,['CREA-CULT-2024-PLAT'],['text/plain'],['EFFEA Call #5'],['2026-09-01T00:00:00.000+0000'],['2026-11-03T23:59:00.000+0000'],[],['en'],['European Platforms for the promotion of emerging artists'],['8'],['https://ec.europa.eu/info/funding-tenders/opportunities/portal/screen/opportunities/competitive-calls-cs/46238629'],['https://ec.europa.eu/info/funding-tenders/opportunities/portal/screen/opportunities/competitive-calls-cs/46238629'],['15544'],['SEDIA'],['15544COMPETITIVE_CALLen'],['EFFEA II'],['43251814'],['2026-09-01T00:00:00.000+0000'],['single-stage'],['31094502'],,2026-09-20 09:08:50.362431+00:00
2.155,15545COMPETITIVE_CALLen,https://ec.europa.eu/info/funding-tenders/opportunities/portal/screen/opportunities/competitive-calls-cs/46357639,text/plain,en,SEDIA,SEDIA,Social Power - Convocatoria 2,0.0,Social Power - Convocatoria 2,False,[],[],Call for proposals for civil society organisations active on protecting and promoting Union values: call to intermediaries (giving financial support to third parties). Available at: https://ec.europa.eu/info/funding-tenders/opportunities/portal/screen/opportunities/competitive-calls-cs/46357639,['CERV-2024-CITIZENS-VALUES'],['text/plain'],['Social Power - Convocatoria 2'],['2026-09-01T00:00:00.000+0000'],['2026-11-02T17:00:00.000+0000'],[],['en'],['Call for proposals for civil society organisations active on protecting and promoting Union values: call to intermediaries (giving financial support to third parties)'],['8'],['https://ec.europa.eu/info/funding-tenders/opportunities/portal/screen/opportunities/competitive-calls-cs/46357639'],['https://ec.europa.eu/info/funding-tenders/opportunities/portal/screen/opportunities/competitive-calls-cs/46357639'],['15545'],['SEDIA'],['15545COMPETITIVE_CALLen'],['SocialPower'],['43251589'],['2026-09-01T00:00:00.000+0000'],['single-stage'],['31094502'],,2026-09-20 09:08:50.362431+00:00
2.155,15361COMPETITIVE_CALLen,https://ec.europa.eu/info/funding-tenders/opportunities/portal/screen/opportunities/competitive-calls-cs/46786367,text/plain,en,SEDIA,SEDIA,"Financial support for Finnish micro, small, and medium-sized enterprises to promote the commercialisation of innovative cybersecurity solutions",0.0,"Financial support for Finnish micro, small, and medium-sized enterprises to promote the commercialisation of innovative cybersecurity solutions",False,[],[],Deploying The Network of National Coordination Centres with Member States. Available at: https://ec.europa.eu/info/funding-tenders/opportunities/portal/screen/opportunities/competitive-calls-cs/46786367,['DIGITAL-ECCC-2024-DEPLOY-NCC-06-MS-COORDINATION'],['text/plain'],"['Financial support for Finnish micro, small, and medium-sized enterprises to promote the commercialisation of innovative cybersecurity solutions']",['2026-09-01T00:00:00.000+0000'],['2026-11-04T23:59:00.000+0000'],"['<p>This call for proposals concerns granting a financial support for micro, small, and medium-sized enterprises registered in Finland to support the market readiness and commercialisation of innovative cybersecurity solutions.</p>']",['en'],['Deploying The Network of National Coordination Centres with Member States'],['8'],['https://ec.europa.eu/info/funding-tenders/opportunities/portal/screen/opportunities/competitive-calls-cs/46786367'],['https://ec.europa.eu/info/funding-tenders/opportunities/portal/screen/opportunities/competitive-calls-cs/46786367'],['15361'],['SEDIA'],['15361COMPETITIVE_CALLen'],['NCCFIUP'],['43152860'],['2026-09-01T00:00:00.000+0000'],['single-stage'],['31094502'],,2026-09-20 09:08:50.362431+00:00
2.155,15122COMPETITIVE_CALLen,https://ec.europa.eu/info/funding-tenders/opportunities/portal/screen/opportunities/competitive-calls-cs/44121492,text/plain,en,SEDIA,SEDIA,Driving Urban Transitions (DUT) Call 2026,0.0,Driving Urban Transitions (DUT) Call 2026,False,[],[],Co-Funded Partnership: Driving Urban Transitions to a sustainable future (DUT). Available at: https://ec.europa.eu/info/funding-tenders/opportunities/portal/screen/opportunities/competitive-calls-cs/44121492,['HORIZON-CL5-2021-D2-01-16'],['text/plain'],['Driving Urban Transitions (DUT) Call 2026'],['2026-09-01T00:00:00.000+0000'],"['2026-11-17T13:00:00.000+0000', '2027-04-15T13:00:00.000+0000']",[],['en'],['Co-Funded Partnership: Driving Urban Transitions to a sustainable future (DUT)'],['8'],['https://ec.europa.eu/info/funding-tenders/opportunities/portal/screen/opportunities/competitive-calls-cs/44121492'],['https://ec.europa.eu/info/funding-tenders/opportunities/portal/screen/opportunities/competitive-calls-cs/44121492'],['15122'],['SEDIA'],['15122COMPETITIVE_CALLen'],['DUT'],['43108390'],['2026-09-01T00:00:00.000+0000'],['multiple cut-off'],['31094502'],,2026-09-20 09:08:50.362431+00:00
2.155,15501COMPETITIVE_CALLen,https://ec.europa.eu/info/funding-tenders/opportunities/portal/screen/opportunities/competitive-calls-cs/45634882,text/plain,en,SEDIA,SEDIA,FORTIS Open Call #2: Pushing towards the deployment of FORTIS and Exploiting the FORTIS solution in other key sectors,0.0,FORTIS Open Call #2: Pushing towards the deployment of FORTIS and Exploiting the FORTIS solution in other key sectors,False,[],[],"Industrial leadership in AI, Data and Robotics – advanced human robot interaction (AI Data and Robotics Partnership) (IA). Available at: https://ec.europa.eu/info/funding-tenders/opportunities/portal/screen/opportunities/competitive-calls-cs/45634882",['HORIZON-CL4-2023-DIGITAL-EMERGING-01-02'],['text/plain'],['FORTIS Open Call #2: Pushing towards the deployment of FORTIS and Exploiting the FORTIS solution in other key sectors'],['2026-09-01T00:00:00.000+0000'],['2026-11-04T17:00:00.000+0000'],"['<p>The FORTIS Open Call #2 aims to attract system actors and innovators - universities, research organizations, mid-caps, SMEs, startups, and domain end-users - capable of incorporating their technologies into the FORTIS framework or demonstrating cross-sector adoption. Proposals must enter at TRL 4–5 and aim to achieve TRL 7 by project completion. Applicants must submit their proposal under one of the following main topics/subtopics:</p><p>● Topic OC#2.1: Pushing towards the deployment of FORTIS (Integration and pilot deployment)</p><p>○ Subtopic 1: Optimisation of HRC / Task Allocation</p><p>○ Subtopic 2: Flexible Interface Digital Twin</p><p>○ Subtopic 3: HRI Watchdog</p><p>○ Subtopic 4: HRI Activities Digital Twin</p><p>○ Subtopic 5: Omnideployment of the FORTIS Solution</p><p>○ Subtopic 6: Ergonomics-Aware Human State and Interaction Context for Adaptive HRC</p><p>○ Subtopic 7: Interfaces with XR</p><p>○ Subtopic 8: Trust-Aware Multi-Sensor Localisation and Mapping for FORTIS Robotic Platforms</p><p>● Topic OC#2.2: Exploiting the FORTIS solution in other key sectors (Open Topic for technology transfer & cross-sector validation in non-core civilian HRI domains such as agriculture, healthcare, events, retail, etc.)</p>']",['en'],"['Industrial leadership in AI, Data and Robotics – advanced human robot interaction (AI Data and Robotics Partnership) (IA)']",['8'],['https://ec.europa.eu/info/funding-tenders/opportunities/portal/screen/opportunities/competitive-calls-cs/45634882'],['https://ec.europa.eu/info/funding-tenders/opportunities/portal/screen/opportunities/competitive-calls-cs/45634882'],['15501'],['SEDIA'],['15501COMPETITIVE_CALLen'],['FORTIS'],['43108390'],['2026-09-01T00:00:00.000+0000'],['single-stage'],['31094502'],,2026-09-20 09:08:50.362431+00:00
2.155,14981COMPETITIVE_CALLen,https://ec.europa.eu/info/funding-tenders/opportunities/portal/screen/opportunities/competitive-calls-cs/46597762,text/plain,en,SEDIA,SEDIA,GroundWork Open Call,0.0,GroundWork Open Call,False,[],[],Co-creating solutions for soil health in Living Labs. Available at: https://ec.europa.eu/info/funding-tenders/opportunities/portal/screen/opportunities/competitive-calls-cs/46597762,['HORIZON-MISS-2024-SOIL-01-01'],['text/plain'],['GroundWork Open Call'],['2026-09-01T00:00:00.000+0000'],['2026-11-19T15:00:00.000+0000'],"['<p class=""ql-align-justify"">Our 3-year Regenerative Grazing Programme is designed to help farmers improve their farm\'s soil and environment by changing how their animals feed on the land (so-called ""adaptive livestock management""). By joining this Regenerative Grazing Programme, farmers will become part of a local network of farmers and experts where they can share ideas, compare results, and learn from each other\'s experiences.</p><p class=""ql-align-justify"">The overall objective of the Programme is to encourage Farmers <strong>to actively engage in regenerative farming</strong>, through simplicity, continuous guidance, access to finance & business consultation and data-driven communication.</p><p>The main activity expected from the Farming Projects is the implementation of Regenerative Livestock Grazing Practices based on regional farming realities and contexts.</p><p>Other activities:</p><ol><li data-list=""bullet""><span class=""ql-ui"" contenteditable=""false""></span>Soil health assessment.</li><li data-list=""bullet""><span class=""ql-ui"" contenteditable=""false""></span>Pervasive soil health monitoring using sensors.</li><li data-list=""bullet""><span class=""ql-ui"" contenteditable=""false""></span>Animal welfare assessment.</li><li data-list=""bullet""><span class=""ql-ui"" contenteditable=""false""></span>Environmental performance assessment (Environmental Life Cycle Assessment\ufffeELCA).</li><li data-list=""bullet""><span class=""ql-ui"" contenteditable=""false""></span>Social impact assessment.</li><li data-list=""bullet""><span class=""ql-ui"" contenteditable=""false""></span>Sharing expertise, ideas exchange, and RLGPs co-design.</li></ol><p class=""ql-align-justify""><br></p><p class=""ql-align-justify"">The Programme is divided into 3 main stages over the 36 months. Farmers will receive their grant in installments upon the successful completion of each stage.</p><p class=""ql-align-justify""><br></p>']",['en'],['Co-creating solutions for soil health in Living Labs'],['8'],['https://ec.europa.eu/info/funding-tenders/opportunities/portal/screen/opportunities/competitive-calls-cs/46597762'],['https://ec.europa.eu/info/funding-tenders/opportunities/portal/screen/opportunities/competitive-calls-cs/46597762'],['14981'],['SEDIA'],['14981COMPETITIVE_CALLen'],['GroundWork'],['43108390'],['2026-09-01T00:00:00.000+0000'],['single-stage'],['31094502'],,2026-09-20 09:08:50.362431+00:00
2.155,15522COMPETITIVE_CALLen,https://ec.europa.eu/info/funding-tenders/opportunities/portal/screen/opportunities/competitive-calls-cs/45114064,text/plain,en,SEDIA,SEDIA,DigiWind NTNU Open Call 2 – Spring & Autumn 2027,0.0,DigiWind NTNU Open Call 2 – Spring & Autumn 2027,False,[],[],Specialised education programmes or modules in key capacity areas. Available at: https://ec.europa.eu/info/funding-tenders/opportunities/portal/screen/opportunities/competitive-calls-cs/45114064,['DIGITAL-2022-SKILLS-03-SPECIALISED-EDU'],['text/plain'],['DigiWind NTNU Open Call 2 – Spring & Autumn 2027 '],['2026-09-01T00:00:00.000+0000'],"['2026-11-02T17:00:00.000+0000', '2027-03-01T17:00:00.000+0000']",[],['en'],['Specialised education programmes or modules in key capacity areas'],['8'],['https://ec.europa.eu/info/funding-tenders/opportunities/portal/screen/opportunities/competitive-calls-cs/45114064'],['https://ec.europa.eu/info/funding-tenders/opportunities/portal/screen/opportunities/competitive-calls-cs/45114064'],['15522'],['SEDIA'],['15522COMPETITIVE_CALLen'],['DigiWind'],['43152860'],['2026-09-01T00:00:00.000+0000'],['multiple cut-off'],['31094502'],,2026-09-20 09:08:50.362431+00:00
2.155,52303950TOPICSen,https://ec.europa.eu/info/funding-tenders/opportunities/portal/screen/opportunities/topic-details/DIGITAL-ECCC-2027-DEPLOY-CYBER-11-DUALUSE,text/plain,en,SEDIA,SEDIA,Dual-use technologies,0.0,Dual-use technologies,False,[],[],Dual-use technologies. Available at: https://ec.europa.eu/info/funding-tenders/opportunities/portal/screen/opportunities/topic-details/DIGITAL-ECCC-2027-DEPLOY-CYBER-11-DUALUSE,['DIGITAL-ECCC-2027-DEPLOY-CYBER-11-DUALUSE'],['text/plain'],,['2026-09-01T00:00:00.000+0000'],['2027-01-14T00:00:00.000+0000'],,['en'],['Dual-use technologies'],['1'],['https://ec.europa.eu/info/funding-tenders/opportunities/portal/screen/opportunities/topic-details/DIGITAL-ECCC-2027-DEPLOY-CYBER-11-DUALUSE'],['https://ec.europa.eu/info/funding-tenders/opportunities/portal/screen/opportunities/topic-details/DIGITAL-ECCC-2027-DEPLOY-CYBER-11-DUALUSE'],['52303968'],['SEDIA'],['52303950TOPICSen'],,['43152860'],['2026-09-01T00:00:00.000+0000'],['single-stage'],['31094502'],['DIGITAL JU Simple Grants'],2026-09-20 09:08:50.362431+00:00
2.155,52303917TOPICSen,https://ec.europa.eu/info/funding-tenders/opportunities/portal/screen/opportunities/topic-details/DIGITAL-ECCC-2027-DEPLOY-CYBER-11-AI4SME,text/plain,en,SEDIA,SEDIA,Strengthening cybersecurity capacities of European SMEs  with cybersecure AI-powered solutions,0.0,Strengthening cybersecurity capacities of European SMEs  with cybersecure AI-powered solutions,False,[],[],Strengthening cybersecurity capacities of European SMEs  with cybersecure AI-powered solutions. Available at: https://ec.europa.eu/info/funding-tenders/opportunities/portal/screen/opportunities/topic-details/DIGITAL-ECCC-2027-DEPLOY-CYBER-11-AI4SME,['DIGITAL-ECCC-2027-DEPLOY-CYBER-11-AI4SME'],['text/plain'],,['2026-09-01T00:00:00.000+0000'],['2027-01-14T00:00:00.000+0000'],,['en'],['Strengthening cybersecurity capacities of European SMEs  with cybersecure AI-powered solutions'],['1'],['https://ec.europa.eu/info/funding-tenders/opportunities/portal/screen/opportunities/topic-details/DIGITAL-ECCC-2027-DEPLOY-CYBER-11-AI4SME'],['https://ec.europa.eu/info/funding-tenders/opportunities/portal/screen/opportunities/topic-details/DIGITAL-ECCC-2027-DEPLOY-CYBER-11-AI4SME'],['52303968'],['SEDIA'],['52303917TOPICSen'],,['43152860'],['2026-09-01T00:00:00.000+0000'],['single-stage'],['31094502'],['DIGITAL JU SME Support Actions'],2026-09-20 09:08:50.362431+00:00
2.155,52303942TOPICSen,https://ec.europa.eu/info/funding-tenders/opportunities/portal/screen/opportunities/topic-details/DIGITAL-ECCC-2027-DEPLOY-CYBER-11-EULEG,text/plain,en,SEDIA,SEDIA,Strengthening EU cybersecurity capacities & capabilities in line with legislative requirements,0.0,Strengthening EU cybersecurity capacities & capabilities in line with legislative requirements,False,[],[],Strengthening EU cybersecurity capacities & capabilities in line with legislative requirements. Available at: https://ec.europa.eu/info/funding-tenders/opportunities/portal/screen/opportunities/topic-details/DIGITAL-ECCC-2027-DEPLOY-CYBER-11-EULEG,['DIGITAL-ECCC-2027-DEPLOY-CYBER-11-EULEG'],['text/plain'],,['2026-09-01T00:00:00.000+0000'],['2027-01-14T00:00:00.000+0000'],,['en'],['Strengthening EU cybersecurity capacities & capabilities in line with legislative requirements'],['1'],['https://ec.europa.eu/info/funding-tenders/opportunities/portal/screen/opportunities/topic-details/DIGITAL-ECCC-2027-DEPLOY-CYBER-11-EULEG'],['https://ec.europa.eu/info/funding-tenders/opportunities/portal/screen/opportunities/topic-details/DIGITAL-ECCC-2027-DEPLOY-CYBER-11-EULEG'],['52303968'],['SEDIA'],['52303942TOPICSen'],,['43152860'],['2026-09-01T00:00:00.000+0000'],['single-stage'],['31094502'],['DIGITAL JU Simple Grants'],2026-09-20 09:08:50.362431+00:00
2.155,52303934TOPICSen,https://ec.europa.eu/info/funding-tenders/opportunities/portal/screen/opportunities/topic-details/DIGITAL-ECCC-2027-DEPLOY-CYBER-11-NCC,text/plain,en,SEDIA,SEDIA,Enhancing the NCC Network,0.0,Enhancing the NCC Network,False,[],[],Enhancing the NCC Network. Available at: https://ec.europa.eu/info/funding-tenders/opportunities/portal/screen/opportunities/topic-details/DIGITAL-ECCC-2027-DEPLOY-CYBER-11-NCC,['DIGITAL-ECCC-2027-DEPLOY-CYBER-11-NCC'],['text/plain'],,['2026-09-01T00:00:00.000+0000'],['2027-01-14T00:00:00.000+0000'],,['en'],['Enhancing the NCC Network'],['1'],['https://ec.europa.eu/info/funding-tenders/opportunities/portal/screen/opportunities/topic-details/DIGITAL-ECCC-2027-DEPLOY-CYBER-11-NCC'],['https://ec.europa.eu/info/funding-tenders/opportunities/portal/screen/opportunities/topic-details/DIGITAL-ECCC-2027-DEPLOY-CYBER-11-NCC'],['52303968'],['SEDIA'],['52303934TOPICSen'],,['43152860'],['2026-09-01T00:00:00.000+0000'],['single-stage'],['31094502'],['DIGITAL JU Simple Grants'],2026-09-20 09:08:50.362431+00:00
2.155,52303908TOPICSen,https://ec.europa.eu/info/funding-tenders/opportunities/portal/screen/opportunities/topic-details/DIGITAL-ECCC-2027-DEPLOY-CYBER-11-CYBERAI,text/plain,en,SEDIA,SEDIA,"Cybersecure tools, technologies and services relying on AI",0.0,"Cybersecure tools, technologies and services relying on AI",False,[],[],"Cybersecure tools, technologies and services relying on AI. Available at: https://ec.europa.eu/info/funding-tenders/opportunities/portal/screen/opportunities/topic-details/DIGITAL-ECCC-2027-DEPLOY-CYBER-11-CYBERAI",['DIGITAL-ECCC-2027-DEPLOY-CYBER-11-CYBERAI'],['text/plain'],,['2026-09-01T00:00:00.000+0000'],['2027-01-14T00:00:00.000+0000'],,['en'],"['Cybersecure tools, technologies and services relying on AI']",['1'],['https://ec.europa.eu/info/funding-tenders/opportunities/portal/screen/opportunities/topic-details/DIGITAL-ECCC-2027-DEPLOY-CYBER-11-CYBERAI'],['https://ec.europa.eu/info/funding-tenders/opportunities/portal/screen/opportunities/topic-details/DIGITAL-ECCC-2027-DEPLOY-CYBER-11-CYBERAI'],['52303968'],['SEDIA'],['52303908TOPICSen'],,['43152860'],['2026-09-01T00:00:00.000+0000'],['single-stage'],['31094502'],['DIGITAL JU Simple Grants'],2026-09-20 09:08:50.362431+00:00
2.155,15523COMPETITIVE_CALLen,https://ec.europa.eu/info/funding-tenders/opportunities/portal/screen/opportunities/competitive-calls-cs/47365875,text/plain,en,SEDIA,SEDIA,Culture Helps Solidarity - Second call for proposals for collaboration grants,0.0,Culture Helps Solidarity - Second call for proposals for collaboration grants,False,[],[],Fostering Ukrainians’ access to culture and cultural heritage. Available at: https://ec.europa.eu/info/funding-tenders/opportunities/portal/screen/opportunities/competitive-calls-cs/47365875,['CREA-CULT-2025-COOP-UA-2'],['text/plain'],['Culture Helps Solidarity - Second call for proposals for collaboration grants'],['2026-09-01T00:00:00.000+0000'],['2026-11-10T13:00:00.000+0000'],[],['en'],['Fostering Ukrainians’ access to culture and cultural heritage'],['8'],['https://ec.europa.eu/info/funding-tenders/opportunities/portal/screen/opportunities/competitive-calls-cs/47365875'],['https://ec.europa.eu/info/funding-tenders/opportunities/portal/screen/opportunities/competitive-calls-cs/47365875'],['15523'],['SEDIA'],['15523COMPETITIVE_CALLen'],['Culture Helps S'],['43251814'],['2026-09-01T00:00:00.000+0000'],['single-stage'],['31094502'],,2026-09-20 09:08:50.362431+00:00
2.155,52303958TOPICSen,https://ec.europa.eu/info/funding-tenders/opportunities/portal/screen/opportunities/topic-details/DIGITAL-ECCC-2027-DEPLOY-CYBER-11-REGCABH,text/plain,en,SEDIA,SEDIA,Regional Cable Hubs,0.0,Regional Cable Hubs,False,[],[],Regional Cable Hubs. Available at: https://ec.europa.eu/info/funding-tenders/opportunities/portal/screen/opportunities/topic-details/DIGITAL-ECCC-2027-DEPLOY-CYBER-11-REGCABH,['DIGITAL-ECCC-2027-DEPLOY-CYBER-11-REGCABH'],['text/plain'],,['2026-09-01T00:00:00.000+0000'],['2027-01-14T00:00:00.000+0000'],,['en'],['Regional Cable Hubs'],['1'],['https://ec.europa.eu/info/funding-tenders/opportunities/portal/screen/opportunities/topic-details/DIGITAL-ECCC-2027-DEPLOY-CYBER-11-REGCABH'],['https://ec.europa.eu/info/funding-tenders/opportunities/portal/screen/opportunities/topic-details/DIGITAL-ECCC-2027-DEPLOY-CYBER-11-REGCABH'],['52303968'],['SEDIA'],['52303958TOPICSen'],,['43152860'],['2026-09-01T00:00:00.000+0000'],['single-stage'],['31094502'],['DIGITAL JU Simple Grants'],2026-09-20 09:08:50.362431+00:00
2.155,52303926TOPICSen,https://ec.europa.eu/info/funding-tenders/opportunities/portal/screen/opportunities/topic-details/DIGITAL-ECCC-2027-DEPLOY-CYBER-11-COORDPREP,text/plain,en,SEDIA,SEDIA,Coordinated preparedness testing and other preparedness actions,0.0,Coordinated preparedness testing and other preparedness actions,False,[],[],Coordinated preparedness testing and other preparedness actions. Available at: https://ec.europa.eu/info/funding-tenders/opportunities/portal/screen/opportunities/topic-details/DIGITAL-ECCC-2027-DEPLOY-CYBER-11-COORDPREP,['DIGITAL-ECCC-2027-DEPLOY-CYBER-11-COORDPREP'],['text/plain'],,['2026-09-01T00:00:00.000+0000'],['2027-01-14T00:00:00.000+0000'],,['en'],['Coordinated preparedness testing and other preparedness actions'],['1'],['https://ec.europa.eu/info/funding-tenders/opportunities/portal/screen/opportunities/topic-details/DIGITAL-ECCC-2027-DEPLOY-CYBER-11-COORDPREP'],['https://ec.europa.eu/info/funding-tenders/opportunities/portal/screen/opportunities/topic-details/DIGITAL-ECCC-2027-DEPLOY-CYBER-11-COORDPREP'],['52303968'],['SEDIA'],['52303926TOPICSen'],,['43152860'],['2026-09-01T00:00:00.000+0000'],['single-stage'],['31094502'],['DIGITAL JU Simple Grants'],2026-09-20 09:08:50.362431+00:00
2.155,52256539TOPICSen,https://ec.europa.eu/info/funding-tenders/opportunities/portal/screen/opportunities/topic-details/ESF-2027-PEP-ENGAGEMENT,text/plain,en,SEDIA,SEDIA,Structured dialogue with people with lived experience of poverty,0.0,Structured dialogue with people with lived experience of poverty,False,[],[],Structured dialogue with people with lived experience of poverty. Available at: https://ec.europa.eu/info/funding-tenders/opportunities/portal/screen/opportunities/topic-details/ESF-2027-PEP-ENGAGEMENT,['ESF-2027-PEP-ENGAGEMENT'],['text/plain'],,['2026-09-01T00:00:00.000+0000'],['2026-10-29T00:00:00.000+0000'],,['en'],['Structured dialogue with people with lived experience of poverty'],['1'],['https://ec.europa.eu/info/funding-tenders/opportunities/portal/screen/opportunities/topic-details/ESF-2027-PEP-ENGAGEMENT'],['https://ec.europa.eu/info/funding-tenders/opportunities/portal/screen/opportunities/topic-details/ESF-2027-PEP-ENGAGEMENT'],['52256547'],['SEDIA'],['52256539TOPICSen'],,['43254019'],['2026-09-01T00:00:00.000+0000'],['single-stage'],['31094502'],['ESF Project Grants'],2026-09-20 09:08:50.362431+00:00
2.155,15482COMPETITIVE_CALLen,https://ec.europa.eu/info/funding-tenders/opportunities/portal/screen/opportunities/competitive-calls-cs/48400288,text/plain,en,SEDIA,SEDIA,NetZeroCities ECT2: Enabling City Transformation 2,0.0,NetZeroCities ECT2: Enabling City Transformation 2,False,[],[],Specific Grant Agreement to the FPA to reinforce the operations of the Climate-Neutral and Smart Cities Mission Platform. Available at: https://ec.europa.eu/info/funding-tenders/opportunities/portal/screen/opportunities/competitive-calls-cs/48400288,['HORIZON-MISS-2025-CIT-SGA'],['text/plain'],['NetZeroCities ECT2: Enabling City Transformation 2'],['2026-08-31T00:00:00.000+0000'],['2026-12-03T12:00:00.000+0000'],"['<p class=""ql-align-justify"">ECT2 will expand the existing portfolio of whole-city transformation activities and interventions by focusing on implementation barriers shared by cities across the Mission.</p><p class=""ql-align-justify"">The core shift introduced in this call is a move away from broad, domain-based support towards a <strong>more focused model that organises action around clearly defined systemic barriers and bottlenecks</strong>.</p><p class=""ql-align-justify"">To this end, ECT2 is organised around six challenge areas which represent critical city-wide implementation barriers that currently prevent cities from translating Climate City Contract ambitions into replicable and scalable outcomes.</p><p class=""ql-align-justify"">The challenge areas are:</p><ol><li data-list=""bullet"" class=""ql-align-justify""><span class=""ql-ui"" contenteditable=""false""></span><strong>Place-based heating and cooling</strong></li><li data-list=""bullet"" class=""ql-align-justify""><span class=""ql-ui"" contenteditable=""false""></span><strong>Nature Based Solutions at city scale</strong></li><li data-list=""bullet"" class=""ql-align-justify""><span class=""ql-ui"" contenteditable=""false""></span><strong>Urban energy systems</strong></li><li data-list=""bullet"" class=""ql-align-justify""><span class=""ql-ui"" contenteditable=""false""></span><strong>City finance innovation for climate neutrality</strong></li><li data-list=""bullet"" class=""ql-align-justify""><span class=""ql-ui"" contenteditable=""false""></span><strong>Large-scale building retrofits and renovations</strong></li><li data-list=""bullet"" class=""ql-align-justify""><span class=""ql-ui"" contenteditable=""false""></span><strong>Decarbonising urban mobility and logistics</strong></li></ol><p class=""ql-align-justify"">All applicants must:</p><ol><li data-list=""bullet"" class=""ql-align-justify""><span class=""ql-ui"" contenteditable=""false""></span>Choose the challenge area that resonates most and anchor the rationale for intervention within this area.</li><li data-list=""bullet"" class=""ql-align-justify""><span class=""ql-ui"" contenteditable=""false""></span>Within their chosen challenge area, formulate an adequate context-specific impact pathway following the impact framework. While the impact pathway describes how the proposed intervention is expected to create change, the Impact Framework provides the progression from problem to impact and the structure for how that change will be monitored, evidenced and reported.</li></ol><p class=""ql-align-justify""><br></p><p class=""ql-align-justify"">Across all challenge areas, ECT2 aims to enable cities to move from constrained implementation to durable, city-wide transformation by combining activities which remove diagnosed systemic blockers and accelerate progress to climate neutrality. To this end, the programme aims to ensure that Mission Cities can:</p><ol><li data-list=""bullet"" class=""ql-align-justify""><span class=""ql-ui"" contenteditable=""false""></span>Deploy and scale climate‑neutral solutions by addressing institutional, policy, financial, governance, market or social bottlenecks that limit uptake or speed.</li><li data-list=""bullet"" class=""ql-align-justify""><span class=""ql-ui"" contenteditable=""false""></span>Translate research, innovation and evidence into operational policy and delivery systems, ensuring that scientific and technical knowledge is effectively embedded into city decision‑making.</li><li data-list=""bullet"" class=""ql-align-justify""><span class=""ql-ui"" contenteditable=""false""></span>Strengthen city capacities and capabilities so that climate‑neutral delivery becomes business‑as‑usual, independent of individual champions or one‑off projects.</li><li data-list=""bullet"" class=""ql-align-justify""><span class=""ql-ui"" contenteditable=""false""></span>Cover a broad range of levers for change (policy, green technology, finance, governance, behavioural change, social innovation, multi-actor collaboration, procurement, new business models as circular economy, etc.)</li><li data-list=""bullet"" class=""ql-align-justify""><span class=""ql-ui"" contenteditable=""false""></span>Enable collaborative governance and citizen engagement models that support systemic, cross‑sectoral climate action and deliver just transition outcomes.</li></ol><p class=""ql-align-justify""><br></p><p class=""ql-align-justify""><strong>The selection of proposals will result in </strong>multiple implementation-enabling innovations focussing on resolving key implementation challenges. Interventions will work individually and in combinations/clusters to generate resolutions for shared barriers.</p><p class=""ql-align-justify""><br></p><p><strong>Activities eligible for funding are:</strong></p><p>Interventions should consist of the following activities to be eligible for funding:</p><ol><li data-list=""bullet""><span class=""ql-ui"" contenteditable=""false""></span><strong>Pioneering Activities:</strong> Activities that adapt, test or deploy innovative or enabling solutions at city level.</li><li data-list=""bullet""><span class=""ql-ui"" contenteditable=""false""></span><strong>Systemic, Science‑based Innovative Initiatives</strong>: Activities that strengthen the connection between research, evidence and city delivery.</li><li data-list=""bullet""><span class=""ql-ui"" contenteditable=""false""></span><strong>Capacity and capability‑building activities:</strong> Activities that establish new knowledge, skills and institutional competence within city administrations and key local actors.</li><li data-list=""bullet""><span class=""ql-ui"" contenteditable=""false""></span><strong>Collaborative governance and community‑building activities: </strong>Activities that build more collaborative, inclusive and systemic governance arrangements.</li></ol><p class=""ql-align-justify""><br></p><p class=""ql-align-justify""><strong>Please note: proposed interventions may cover several or all of these descriptions of eligible activities – this list is intended to allow for flexibility in proposing interventions, rather than limiting proposed interventions to any one eligible activity alone.</strong></p><p class=""ql-align-justify"">Applicants will be requested at the point of submitting a proposal to describe and declare the links between their proposed interventions and the eligible activities as listed above.</p><p class=""ql-align-justify""><br></p><p class=""ql-align-justify""><strong>For more information please refer to the Call Guidelines, </strong>which provide information on the aim, scope, and approach of the call and clarify how to submit a proposal, budget requirements, and the review mechanism and decision-making process.</p>']",['en'],['Specific Grant Agreement to the FPA to reinforce the operations of the Climate-Neutral and Smart Cities Mission Platform'],['8'],['https://ec.europa.eu/info/funding-tenders/opportunities/portal/screen/opportunities/competitive-calls-cs/48400288'],['https://ec.europa.eu/info/funding-tenders/opportunities/portal/screen/opportunities/competitive-calls-cs/48400288'],['15482'],['SEDIA'],['15482COMPETITIVE_CALLen'],['SGA3-NZC'],['43108390'],['2026-08-31T00:00:00.000+0000'],['single-stage'],['31094502'],,2026-09-20 09:08:50.362431+00:00
2.155,187517PROSPECTSEN,https://ec.europa.eu/info/funding-tenders/opportunities/portal/screen/opportunities/topic-details/187517PROSPECTSEN,text/plain,en,SEDIA,SEDIA,Strengthening Open Data Publication and Personal Data Protection in Albania,0.0,Strengthening Open Data Publication and Personal Data Protection in Albania,False,[],[],Strengthening Open Data Publication and Personal Data Protection in Albania. Available at: https://ec.europa.eu/info/funding-tenders/opportunities/portal/screen/opportunities/topic-details/187517PROSPECTSEN,['EuropeAid/187517/DD/ACT/AL'],['text/plain'],['true'],['2026-08-25T10:00:21.000+0000'],['2026-10-27T16:30:00.000+0000'],,['en'],['Strengthening Open Data Publication and Personal Data Protection in Albania'],['2'],['https://ec.europa.eu/info/funding-tenders/opportunities/portal/screen/opportunities/topic-details/187517PROSPECTSEN'],['https://ec.europa.eu/info/funding-tenders/opportunities/portal/screen/opportunities/topic-details/187517PROSPECTSEN'],,['SEDIA'],['187517PROSPECTSEN'],,['111111'],['2026-08-25T10:00:21.000+0000'],,['31094502'],,2026-09-20 09:08:50.362431+00:00
2.155,15142COMPETITIVE_CALLen,https://ec.europa.eu/info/funding-tenders/opportunities/portal/screen/opportunities/competitive-calls-cs/45640341,text/plain,en,SEDIA,SEDIA,HERIFORGE 2nd Open Call,0.0,HERIFORGE 2nd Open Call,False,[],[],Excellence Hubs. Available at: https://ec.europa.eu/info/funding-tenders/opportunities/portal/screen/opportunities/competitive-calls-cs/45640341,['HORIZON-WIDERA-2023-ACCESS-07-01'],['text/plain'],['HERIFORGE 2nd Open Call'],['2026-08-25T00:00:00.000+0000'],['2026-10-27T17:00:00.000+0000'],"['<p>HERIFORGE seeks to harness the expertise of three excellence hubs in Cyprus, Poland and Türkiye on XR technologies, advanced IT and digital humanities infrastructures as well as cultural heritage resources to provide an interregional ecosystem of innovation. </p><p class=""ql-align-justify"">The <strong>HERIFORGE 2nd Open Call</strong> will finance up to 6 Proposals to address specific Challenges defined by the HERIFORGE Hubs. Successful applicants will receive financial support of up to <strong>€50,000</strong>, along with technical mentoring for a maximum duration of <strong>up to 6 months</strong>, which is divided into 3 stages:&nbsp;</p><p class=""ql-align-justify""><strong>Stage 1</strong>: Plan Phase, during which the beneficiary should deliver an Individual Mentoring Plan (including a design, challenges and activities planned, and a budget), the duration of this stage is up to 1 month and, after completing it, the beneficiary will receive the <strong>20% of the requested grant (up to 15.000€)</strong>.</p><p class=""ql-align-justify""><strong>Stage 2</strong>: Development Phase, which should lead to a Technical Report of the Prototype Release (minimal requirement). The duration of this stage is 3 months and, after completing it, the beneficiary will receive the <strong>50% of the requested grant (up to 25.000€)</strong>.</p><p class=""ql-align-justify""><strong>Stage 3</strong>: Release Phase, which should lead to a Technical Report on the Conducted Demonstration (minimal requirement). The duration of this stage is 2 months and, after completing it, the beneficiary will receive the <strong>30% of the requested grant (up to 15.000€)</strong>.</p>']",['en'],['Excellence Hubs'],['8'],['https://ec.europa.eu/info/funding-tenders/opportunities/portal/screen/opportunities/competitive-calls-cs/45640341'],['https://ec.europa.eu/info/funding-tenders/opportunities/portal/screen/opportunities/competitive-calls-cs/45640341'],['15142'],['SEDIA'],['15142COMPETITIVE_CALLen'],['HERIFORGE'],['43108390'],['2026-08-25T00:00:00.000+0000'],['single-stage'],['31094502'],,2026-09-20 09:08:50.362431+00:00
2.155,50127691TOPICSen,https://ec.europa.eu/info/funding-tenders/opportunities/portal/screen/opportunities/topic-details/HORIZON-CL6-2026-04-GOVERNANCE-01,text/plain,en,SEDIA,SEDIA,Additional activities for the European Partnership of Agriculture of Data,0.0,Additional activities for the European Partnership of Agriculture of Data,False,[],[],Additional activities for the European Partnership of Agriculture of Data. Available at: https://ec.europa.eu/info/funding-tenders/opportunities/portal/screen/opportunities/topic-details/HORIZON-CL6-2026-04-GOVERNANCE-01,['HORIZON-CL6-2026-04-GOVERNANCE-01'],['text/plain'],,['2026-08-25T00:00:00.000+0000'],['2026-11-26T00:00:00.000+0000'],,['en'],['Additional activities for the European Partnership of Agriculture of Data'],['1'],['https://ec.europa.eu/info/funding-tenders/opportunities/portal/screen/opportunities/topic-details/HORIZON-CL6-2026-04-GOVERNANCE-01'],['https://ec.europa.eu/info/funding-tenders/opportunities/portal/screen/opportunities/topic-details/HORIZON-CL6-2026-04-GOVERNANCE-01'],['50127747'],['SEDIA'],['50127691TOPICSen'],,['43108390'],['2026-08-25T00:00:00.000+0000'],['single-stage'],['31094502'],['HORIZON Programme Cofund Actions'],2026-09-20 09:08:50.362431+00:00
2.155,15381COMPETITIVE_CALLen,https://ec.europa.eu/info/funding-tenders/opportunities/portal/screen/opportunities/competitive-calls-cs/47365875,text/plain,en,SEDIA,SEDIA,Second Call for Proposals for Project Grants,0.0,Second Call for Proposals for Project Grants,False,[],[],Fostering Ukrainians’ access to culture and cultural heritage. Available at: https://ec.europa.eu/info/funding-tenders/opportunities/portal/screen/opportunities/competitive-calls-cs/47365875,['CREA-CULT-2025-COOP-UA-2'],['text/plain'],['Second Call for Proposals for Project Grants'],['2026-08-18T00:00:00.000+0000'],['2026-10-06T13:00:00.000+0000'],[],['en'],['Fostering Ukrainians’ access to culture and cultural heritage'],['8'],['https://ec.europa.eu/info/funding-tenders/opportunities/portal/screen/opportunities/competitive-calls-cs/47365875'],['https://ec.europa.eu/info/funding-tenders/opportunities/portal/screen/opportunities/competitive-calls-cs/47365875'],['15381'],['SEDIA'],['15381COMPETITIVE_CALLen'],['Culture Helps S'],['43251814'],['2026-08-18T00:00:00.000+0000'],['single-stage'],['31094502'],,2026-09-20 09:08:50.362431+00:00
2.155,15123COMPETITIVE_CALLen,https://ec.europa.eu/info/funding-tenders/opportunities/portal/screen/opportunities/competitive-calls-cs/46014469,text/plain,en,SEDIA,SEDIA,Round 2: Small Grants for Grassroots Coding Projects as part of EU Code Week,0.0,Round 2: Small Grants for Grassroots Coding Projects as part of EU Code Week,False,[],[],"Boosting Digital Skills of young pupils, in particular girls. Available at: https://ec.europa.eu/info/funding-tenders/opportunities/portal/screen/opportunities/competitive-calls-cs/46014469",['DIGITAL-2023-SKILLS-04-BOOSTINGDIGIT'],['text/plain'],['Round 2: Small Grants for Grassroots Coding Projects as part of EU Code Week'],['2026-08-17T00:00:00.000+0000'],['2026-10-17T02:00:00.000+0000'],"['<p>The purpose of this call is to identify and support projects that&nbsp;can foster EU Code Week’s mission to promote coding, computational thinking, and digital skills across Europe.</p><p>The aim is to&nbsp;identify&nbsp;projects that can achieve large-scale impact and deliver on key EU Code Week performance indicators within the project implementation period.&nbsp;</p><p>Key&nbsp;tasks:&nbsp;</p><ol><li data-list=""bullet""><span class=""ql-ui"" contenteditable=""false""></span>Supporting the organisation of&nbsp;a large number of&nbsp;impactful coding, computational thinking, digital skills, and STEM activities;&nbsp;</li><li data-list=""bullet""><span class=""ql-ui"" contenteditable=""false""></span>Increasing the number of activities registered on the EU Code Week platform;&nbsp;</li><li data-list=""bullet""><span class=""ql-ui"" contenteditable=""false""></span>Reaching&nbsp;a large number of&nbsp;participants through local, regional, national, or cross-border activities;&nbsp;</li><li data-list=""bullet""><span class=""ql-ui"" contenteditable=""false""></span>Increasing the participation of girls and young women in coding, digital skills, and STEM education;&nbsp;</li><li data-list=""bullet""><span class=""ql-ui"" contenteditable=""false""></span>Supporting career-focused events that introduce students to educational and professional opportunities in STEM and digital fields;&nbsp;</li><li data-list=""bullet""><span class=""ql-ui"" contenteditable=""false""></span>Supporting university visits and other activities that strengthen connections between schools, students, and higher-education institutions;&nbsp;</li><li data-list=""bullet""><span class=""ql-ui"" contenteditable=""false""></span>Supporting activities and approaches that can be replicated or scaled beyond the project implementation period.&nbsp;</li></ol><p>Priority will be given to projects that can deliver&nbsp;a large number of&nbsp;activities&nbsp;to&nbsp;the EU&nbsp;Code Week platform&nbsp;and participants while&nbsp;maintaining&nbsp;educational quality and demonstrating clear and measurable impact.&nbsp;</p>']",['en'],"['Boosting Digital Skills of young pupils, in particular girls']",['8'],['https://ec.europa.eu/info/funding-tenders/opportunities/portal/screen/opportunities/competitive-calls-cs/46014469'],['https://ec.europa.eu/info/funding-tenders/opportunities/portal/screen/opportunities/competitive-calls-cs/46014469'],['15123'],['SEDIA'],['15123COMPETITIVE_CALLen'],['Code4Europe'],['43152860'],['2026-08-17T00:00:00.000+0000'],['single-stage'],['31094502'],,2026-09-20 09:08:50.362431+00:00
2.155,15301COMPETITIVE_CALLen,https://ec.europa.eu/info/funding-tenders/opportunities/portal/screen/opportunities/competitive-calls-cs/46786367,text/plain,en,SEDIA,SEDIA,Support for the Implementation of a Cybersecurity Monitoring Solution (Security Information and Event Management) for SMEs,0.0,Support for the Implementation of a Cybersecurity Monitoring Solution (Security Information and Event Management) for SMEs,False,[],[],Deploying The Network of National Coordination Centres with Member States. Available at: https://ec.europa.eu/info/funding-tenders/opportunities/portal/screen/opportunities/competitive-calls-cs/46786367,['DIGITAL-ECCC-2024-DEPLOY-NCC-06-MS-COORDINATION'],['text/plain'],['Support for the Implementation of a Cybersecurity Monitoring Solution (Security Information and Event Management) for SMEs'],['2026-08-17T00:00:00.000+0000'],['2026-10-19T23:59:00.000+0000'],"['<p>Eligible projects under this call must focus on supporting the implementation of a cybersecurity monitoring solution (Security Information and Event Management) in a small or medium sized enterprise. The project must include all mandatory phases listed below and may also include the optional cybersecurity audit phase.</p><p><br></p><p>The project must cover the following phases:</p><p>· &nbsp;&nbsp;Analysis - mandatory</p><p>·&nbsp;&nbsp;&nbsp;&nbsp;&nbsp;Preparation of infrastructure, information systems and log sources - mandatory</p><p>·&nbsp;&nbsp;&nbsp;&nbsp;&nbsp;Design and configuration of rules - mandatory</p><p>·&nbsp;&nbsp;&nbsp;&nbsp;&nbsp;Deployment and integration of the SIEM solution in the applicant’s environment - mandatory</p><p>·&nbsp;&nbsp;&nbsp;&nbsp;&nbsp;Testing - mandatory</p><p>·&nbsp;&nbsp;&nbsp;&nbsp;&nbsp;Transition to operation, adoption and training – mandatory</p><p>·&nbsp;&nbsp;&nbsp;&nbsp;&nbsp;Cybersecurity audit under Act No. 69/2018 Coll. On Cybersecurity following SIEM deployment – optional</p><p><br></p><p>The required measurable project output is one enterprise with an implemented SIEM. The purchase of the SIEM solution itself is not an eligible cost. The project objective must be maintained for three years following the financial completion of the project.</p><p><br></p><p><br></p><p><br></p>']",['en'],['Deploying The Network of National Coordination Centres with Member States'],['8'],['https://ec.europa.eu/info/funding-tenders/opportunities/portal/screen/opportunities/competitive-calls-cs/46786367'],['https://ec.europa.eu/info/funding-tenders/opportunities/portal/screen/opportunities/competitive-calls-cs/46786367'],['15301'],['SEDIA'],['15301COMPETITIVE_CALLen'],['NCC-SK 2.0'],['43152860'],['2026-08-17T00:00:00.000+0000'],['single-stage'],['31094502'],,2026-09-20 09:08:50.362431+00:00
2.155,186723PROSPECTSEN,https://webgate.ec.europa.eu/prospect/external/publishedcalls.htm?callId=186723,text/plain,en,SEDIA,SEDIA,No Child Left Behind: Inclusion and Protection for Children with Disabilities,0.0,No Child Left Behind: Inclusion and Protection for Children with Disabilities,False,[],[],No Child Left Behind: Inclusion and Protection for Children with Disabilities. Available at: https://webgate.ec.europa.eu/prospect/external/publishedcalls.htm?callId=186723,['EuropeAid/186723/DD/ACT/EG'],['text/plain'],,['2026-08-16T15:00:00.000+0000'],['2026-09-30T10:00:44.000+0000'],,['en'],['No Child Left Behind: Inclusion and Protection for Children with Disabilities'],['2'],['https://webgate.ec.europa.eu/prospect/external/publishedcalls.htm?callId=186723'],['https://webgate.ec.europa.eu/prospect/external/publishedcalls.htm?callId=186723'],,['SEDIA'],['186723PROSPECTSEN'],,['111111'],['2026-08-16T15:00:00.000+0000'],,['31094502'],,2026-09-20 09:08:50.362431+00:00
2.155,14861COMPETITIVE_CALLen,https://ec.europa.eu/info/funding-tenders/opportunities/portal/screen/opportunities/competitive-calls-cs/45114064,text/plain,en,SEDIA,SEDIA,DIGI-ME Triple Degree Scholarship Award Procedure and Selection Rules at the University of Vaasa,0.0,DIGI-ME Triple Degree Scholarship Award Procedure and Selection Rules at the University of Vaasa,False,[],[],Specialised education programmes or modules in key capacity areas. Available at: https://ec.europa.eu/info/funding-tenders/opportunities/portal/screen/opportunities/competitive-calls-cs/45114064,['DIGITAL-2022-SKILLS-03-SPECIALISED-EDU'],['text/plain'],['DIGI-ME Triple Degree Scholarship Award Procedure and Selection Rules  at the University of Vaasa'],['2026-08-15T00:00:00.000+0000'],['2026-10-15T17:00:00.000+0000'],[],['en'],['Specialised education programmes or modules in key capacity areas'],['8'],['https://ec.europa.eu/info/funding-tenders/opportunities/portal/screen/opportunities/competitive-calls-cs/45114064'],['https://ec.europa.eu/info/funding-tenders/opportunities/portal/screen/opportunities/competitive-calls-cs/45114064'],['14861'],['SEDIA'],['14861COMPETITIVE_CALLen'],['DIGI-ME'],['43152860'],['2026-08-15T00:00:00.000+0000'],['single-stage'],['31094502'],,2026-09-20 09:08:50.362431+00:00
2.155,187611PROSPECTSEN,https://ec.europa.eu/info/funding-tenders/opportunities/portal/screen/opportunities/topic-details/187611PROSPECTSEN,text/plain,en,SEDIA,SEDIA,Strengthening the National Bank of Moldova’s capacities to align with EU standards in central banking and support Moldova’s EU integration,0.0,Strengthening the National Bank of Moldova’s capacities to align with EU standards in central banking and support Moldova’s EU integration,False,[],[],Strengthening the National Bank of Moldova’s capacities to align with EU standards in central banking and support Moldova’s EU integration. Available at: https://ec.europa.eu/info/funding-tenders/opportunities/portal/screen/opportunities/topic-details/187611PROSPECTSEN,['EuropeAid/187611/DD/ACT/MD'],['text/plain'],['true'],['2026-08-13T12:00:21.000+0000'],['2026-10-28T11:00:00.000+0000'],,['en'],['Strengthening the National Bank of Moldova’s capacities to align with EU standards in central banking and support Moldova’s EU integration'],['2'],['https://ec.europa.eu/info/funding-tenders/opportunities/portal/screen/opportunities/topic-details/187611PROSPECTSEN'],['https://ec.europa.eu/info/funding-tenders/opportunities/portal/screen/opportunities/topic-details/187611PROSPECTSEN'],,['SEDIA'],['187611PROSPECTSEN'],,['111111'],['2026-08-13T12:00:21.000+0000'],,['31094502'],,2026-09-20 09:08:50.362431+00:00
2.155,52210430TOPICSen,https://ec.europa.eu/info/funding-tenders/opportunities/portal/screen/opportunities/topic-details/HORIZON-JU-EUROHPC-2026-SPT-10-01,text/plain,en,SEDIA,SEDIA,Superconducting Platform Technologies,0.0,Superconducting Platform Technologies,False,[],[],Superconducting Platform Technologies. Available at: https://ec.europa.eu/info/funding-tenders/opportunities/portal/screen/opportunities/topic-details/HORIZON-JU-EUROHPC-2026-SPT-10-01,['HORIZON-JU-EUROHPC-2026-SPT-10-01'],['text/plain'],,['2026-08-13T00:00:00.000+0000'],['2026-11-17T00:00:00.000+0000'],,['en'],['Superconducting Platform Technologies'],['1'],['https://ec.europa.eu/info/funding-tenders/opportunities/portal/screen/opportunities/topic-details/HORIZON-JU-EUROHPC-2026-SPT-10-01'],['https://ec.europa.eu/info/funding-tenders/opportunities/portal/screen/opportunities/topic-details/HORIZON-JU-EUROHPC-2026-SPT-10-01'],['52210438'],['SEDIA'],['52210430TOPICSen'],,['43108390'],['2026-08-13T00:00:00.000+0000'],['single-stage'],['31094502'],['HORIZON JU Research and Innovation Actions'],2026-09-20 09:08:50.362431+00:00
2.155,52210456TOPICSen,https://ec.europa.eu/info/funding-tenders/opportunities/portal/screen/opportunities/topic-details/HORIZON-JU-EUROHPC-2026-QEXP-14-01,text/plain,en,SEDIA,SEDIA,Quantum Experimental Pilot Lines for Quantum Technologies,0.0,Quantum Experimental Pilot Lines for Quantum Technologies,False,[],[],Quantum Experimental Pilot Lines for Quantum Technologies. Available at: https://ec.europa.eu/info/funding-tenders/opportunities/portal/screen/opportunities/topic-details/HORIZON-JU-EUROHPC-2026-QEXP-14-01,['HORIZON-JU-EUROHPC-2026-QEXP-14-01'],['text/plain'],,['2026-08-13T00:00:00.000+0000'],['2026-11-17T00:00:00.000+0000'],,['en'],['Quantum Experimental Pilot Lines for Quantum Technologies'],['1'],['https://ec.europa.eu/info/funding-tenders/opportunities/portal/screen/opportunities/topic-details/HORIZON-JU-EUROHPC-2026-QEXP-14-01'],['https://ec.europa.eu/info/funding-tenders/opportunities/portal/screen/opportunities/topic-details/HORIZON-JU-EUROHPC-2026-QEXP-14-01'],['52210464'],['SEDIA'],['52210456TOPICSen'],,['43108390'],['2026-08-13T00:00:00.000+0000'],['single-stage'],['31094502'],['HORIZON JU Research and Innovation Actions'],2026-09-20 09:08:50.362431+00:00
2.155,52210416TOPICSen,https://ec.europa.eu/info/funding-tenders/opportunities/portal/screen/opportunities/topic-details/HORIZON-JU-EUROHPC-2026-TIPT-09-01,text/plain,en,SEDIA,SEDIA,Trapped-Ion Platform Technologies,0.0,Trapped-Ion Platform Technologies,False,[],[],Trapped-Ion Platform Technologies. Available at: https://ec.europa.eu/info/funding-tenders/opportunities/portal/screen/opportunities/topic-details/HORIZON-JU-EUROHPC-2026-TIPT-09-01,['HORIZON-JU-EUROHPC-2026-TIPT-09-01'],['text/plain'],,['2026-08-13T00:00:00.000+0000'],['2026-11-17T00:00:00.000+0000'],,['en'],['Trapped-Ion Platform Technologies'],['1'],['https://ec.europa.eu/info/funding-tenders/opportunities/portal/screen/opportunities/topic-details/HORIZON-JU-EUROHPC-2026-TIPT-09-01'],['https://ec.europa.eu/info/funding-tenders/opportunities/portal/screen/opportunities/topic-details/HORIZON-JU-EUROHPC-2026-TIPT-09-01'],['52210424'],['SEDIA'],['52210416TOPICSen'],,['43108390'],['2026-08-13T00:00:00.000+0000'],['single-stage'],['31094502'],['HORIZON JU Research and Innovation Actions'],2026-09-20 09:08:50.362431+00:00
2.155,52247349TOPICSen,https://ec.europa.eu/info/funding-tenders/opportunities/portal/screen/opportunities/topic-details/HORIZON-JU-EUROHPC-2026-QTI-13-01,text/plain,en,SEDIA,SEDIA,Quantum-Testing Infrastructure for Quantum Technologies,0.0,Quantum-Testing Infrastructure for Quantum Technologies,False,[],[],Quantum-Testing Infrastructure for Quantum Technologies. Available at: https://ec.europa.eu/info/funding-tenders/opportunities/portal/screen/opportunities/topic-details/HORIZON-JU-EUROHPC-2026-QTI-13-01,['HORIZON-JU-EUROHPC-2026-QTI-13-01'],['text/plain'],,['2026-08-13T00:00:00.000+0000'],['2026-11-17T00:00:00.000+0000'],,['en'],['Quantum-Testing Infrastructure for Quantum Technologies'],['1'],['https://ec.europa.eu/info/funding-tenders/opportunities/portal/screen/opportunities/topic-details/HORIZON-JU-EUROHPC-2026-QTI-13-01'],['https://ec.europa.eu/info/funding-tenders/opportunities/portal/screen/opportunities/topic-details/HORIZON-JU-EUROHPC-2026-QTI-13-01'],['52247357'],['SEDIA'],['52247349TOPICSen'],,['43108390'],['2026-08-13T00:00:00.000+0000'],['single-stage'],['31094502'],['HORIZON JU Research and Innovation Actions'],2026-09-20 09:08:50.362431+00:00
2.155,52255623TOPICSen,https://ec.europa.eu/info/funding-tenders/opportunities/portal/screen/opportunities/topic-details/HORIZON-JU-EUROHPC-2026-NAPT-11-01,text/plain,en,SEDIA,SEDIA,Neutral-Atom Platform Technologies,0.0,Neutral-Atom Platform Technologies,False,[],[],Neutral-Atom Platform Technologies. Available at: https://ec.europa.eu/info/funding-tenders/opportunities/portal/screen/opportunities/topic-details/HORIZON-JU-EUROHPC-2026-NAPT-11-01,['HORIZON-JU-EUROHPC-2026-NAPT-11-01'],['text/plain'],,['2026-08-13T00:00:00.000+0000'],['2026-11-17T00:00:00.000+0000'],,['en'],['Neutral-Atom Platform Technologies'],['1'],['https://ec.europa.eu/info/funding-tenders/opportunities/portal/screen/opportunities/topic-details/HORIZON-JU-EUROHPC-2026-NAPT-11-01'],['https://ec.europa.eu/info/funding-tenders/opportunities/portal/screen/opportunities/topic-details/HORIZON-JU-EUROHPC-2026-NAPT-11-01'],['52255632'],['SEDIA'],['52255623TOPICSen'],,['43108390'],['2026-08-13T00:00:00.000+0000'],['single-stage'],['31094502'],['HORIZON JU Research and Innovation Actions'],2026-09-20 09:08:50.362431+00:00
2.155,52271561TOPICSen,https://ec.europa.eu/info/funding-tenders/opportunities/portal/screen/opportunities/topic-details/HORIZON-JU-EUROHPC-2026-NQKD-12-01,text/plain,en,SEDIA,SEDIA,Next-Generation QKD Systems,0.0,Next-Generation QKD Systems,False,[],[],Next-Generation QKD Systems. Available at: https://ec.europa.eu/info/funding-tenders/opportunities/portal/screen/opportunities/topic-details/HORIZON-JU-EUROHPC-2026-NQKD-12-01,['HORIZON-JU-EUROHPC-2026-NQKD-12-01'],['text/plain'],,['2026-08-13T00:00:00.000+0000'],['2026-11-17T00:00:00.000+0000'],,['en'],['Next-Generation QKD Systems'],['1'],['https://ec.europa.eu/info/funding-tenders/opportunities/portal/screen/opportunities/topic-details/HORIZON-JU-EUROHPC-2026-NQKD-12-01'],['https://ec.europa.eu/info/funding-tenders/opportunities/portal/screen/opportunities/topic-details/HORIZON-JU-EUROHPC-2026-NQKD-12-01'],['52271571'],['SEDIA'],['52271561TOPICSen'],,['43108390'],['2026-08-13T00:00:00.000+0000'],['single-stage'],['31094502'],['HORIZON JU Research and Innovation Actions'],2026-09-20 09:08:50.362431+00:00
2.155,15082COMPETITIVE_CALLen,https://ec.europa.eu/info/funding-tenders/opportunities/portal/screen/opportunities/competitive-calls-cs/48165818,text/plain,en,SEDIA,SEDIA,Emergency Response - Support Grants,0.0,Emergency Response - Support Grants,False,[],[],European Network of Factcheckers. Available at: https://ec.europa.eu/info/funding-tenders/opportunities/portal/screen/opportunities/competitive-calls-cs/48165818,['DIGITAL-2025-BESTUSE-08-FACTCHECKERS'],['text/plain'],['Emergency Response - Support Grants'],['2026-08-10T00:00:00.000+0000'],['2027-12-31T23:59:00.000+0000'],"['<p><a href=""https://efcsn.com/funding-opportunities/efcsn-emergency-response-support-grants/"" rel=""noopener noreferrer"" target=""_blank"">Link to the published call</a>.</p>']",['en'],['European Network of Factcheckers'],['8'],['https://ec.europa.eu/info/funding-tenders/opportunities/portal/screen/opportunities/competitive-calls-cs/48165818'],['https://ec.europa.eu/info/funding-tenders/opportunities/portal/screen/opportunities/competitive-calls-cs/48165818'],['15082'],['SEDIA'],['15082COMPETITIVE_CALLen'],['FACTEUR'],['43152860'],['2026-08-10T00:00:00.000+0000'],['single-stage'],['31094502'],,2026-09-20 09:08:50.362431+00:00
2.155,15281COMPETITIVE_CALLen,https://ec.europa.eu/info/funding-tenders/opportunities/portal/screen/opportunities/competitive-calls-cs/46357639,text/plain,en,SEDIA,SEDIA,Call for proposals for small grants 3/SPLOT/GM/2026,0.0,Call for proposals for small grants 3/SPLOT/GM/2026,False,[],[],Call for proposals for civil society organisations active on protecting and promoting Union values: call to intermediaries (giving financial support to third parties). Available at: https://ec.europa.eu/info/funding-tenders/opportunities/portal/screen/opportunities/competitive-calls-cs/46357639,['CERV-2024-CITIZENS-VALUES'],['text/plain'],['Call for proposals for small grants 3/SPLOT/GM/2026'],['2026-08-10T00:00:00.000+0000'],['2026-10-09T15:00:00.000+0000'],"[""<p>The following activities of the Grantees may be financed under the grants:</p><p>- Raising awareness of the rights and values enshrined in the EU Treaties and the Charter and reaching out to the general public and key actors such as policymakers and legislators, legal practitioners and the judiciary; communication and information campaigns via social media.</p><p>- Organising citizens' platforms and citizens' dialogues on topics related to EU rights and values (including through the use of digital technologies).</p><p>- Coalitions and partnerships between civil society organisations; coordination and strategic cooperation between civil society organisations and other stakeholders, public or private sector actors.</p><p>- Providing free advice, supervision and monitoring of EU policies, rights and values as enshrined in the EU Treaties and the Charter.</p><p>- Promotion of the implementation of adopted laws, regulations and court cases.</p><p>- Citizen participation/lobbying/advocacy to influence policy and contribute to decision-making processes (at national, regional or local level), including review/update/adoption of policies and legislation.</p><p>- Research and analysis to inform policy-making at EU and national level, develop tools and standards to support EU values.</p><p>- Providing targeted support services such as victim support, psychological support to deal with online and offline threats, etc.</p><p>Only activities carried out in Poland are eligible. Grant projects can be local, regional or nationwide.</p>""]",['en'],['Call for proposals for civil society organisations active on protecting and promoting Union values: call to intermediaries (giving financial support to third parties)'],['8'],['https://ec.europa.eu/info/funding-tenders/opportunities/portal/screen/opportunities/competitive-calls-cs/46357639'],['https://ec.europa.eu/info/funding-tenders/opportunities/portal/screen/opportunities/competitive-calls-cs/46357639'],['15281'],['SEDIA'],['15281COMPETITIVE_CALLen'],['SPLOT wartosci 2.0'],['43251589'],['2026-08-10T00:00:00.000+0000'],['single-stage'],['31094502'],,2026-09-20 09:08:50.362431+00:00
2.155,15083COMPETITIVE_CALLen,https://ec.europa.eu/info/funding-tenders/opportunities/portal/screen/opportunities/competitive-calls-cs/48165818,text/plain,en,SEDIA,SEDIA,Emergency Response - Microgrants for Ecosystem Development,0.0,Emergency Response - Microgrants for Ecosystem Development,False,[],[],European Network of Factcheckers. Available at: https://ec.europa.eu/info/funding-tenders/opportunities/portal/screen/opportunities/competitive-calls-cs/48165818,['DIGITAL-2025-BESTUSE-08-FACTCHECKERS'],['text/plain'],['Emergency Response - Microgrants for Ecosystem Development'],['2026-08-10T00:00:00.000+0000'],['2028-04-30T23:59:00.000+0000'],"['<p><a href=""https://efcsn.com/funding-opportunities/efcsn-emergency-response-microgrants/"" rel=""noopener noreferrer"" target=""_blank"">Link to the published call</a>.</p>']",['en'],['European Network of Factcheckers'],['8'],['https://ec.europa.eu/info/funding-tenders/opportunities/portal/screen/opportunities/competitive-calls-cs/48165818'],['https://ec.europa.eu/info/funding-tenders/opportunities/portal/screen/opportunities/competitive-calls-cs/48165818'],['15083'],['SEDIA'],['15083COMPETITIVE_CALLen'],['FACTEUR'],['43152860'],['2026-08-10T00:00:00.000+0000'],['single-stage'],['31094502'],,2026-09-20 09:08:50.362431+00:00
2.155,15343COMPETITIVE_CALLen,https://ec.europa.eu/info/funding-tenders/opportunities/portal/screen/opportunities/competitive-calls-cs/48939704,text/plain,en,SEDIA,SEDIA,Financial Support to Startups and Scaleups (Shape Accelerator & Scale Post-Accelerator),0.0,Financial Support to Startups and Scaleups (Shape Accelerator & Scale Post-Accelerator),False,[],[],EITCULTURE Business Plan 2026. Available at: https://ec.europa.eu/info/funding-tenders/opportunities/portal/screen/opportunities/competitive-calls-cs/48939704,['HORIZON-EIT-2025-KIC-IBA-CC'],['text/plain'],['Financial Support to Startups and Scaleups (Shape Accelerator & Scale Post-Accelerator)'],['2026-08-10T00:00:00.000+0000'],['2026-10-12T17:00:00.000+0000'],"['<p>This call provides financial support and structured growth support to startups and scaleups with high growth potential operating in the Cultural and Creative Sectors and Industries (CCSI). It targets ventures developing tech-enabled, market-driven, and IP-leveraged solutions capable of scaling commercially, generating economic and societal value, and strengthening the competitiveness of Europe’s creative economy. Through a single application process, companies may access different funding and support depending on their stage of development and investment readiness.</p><p>Financial Support to Growth-stage Ventures (Shape Acceleration Programme) is designed for early-stage startups that have validated an initial market need and are beginning to generate traction, revenues, or pilot customers, but still require support to strengthen product-market fit, refine their business model, and prepare for larger-scale commercial growth and future investment. Selected ventures may receive initial financial support of up to EUR 100,000, complemented by structured business development, mentoring and investment-readiness support through the EIT Culture & Creativity Shape Acceleration Programme. During the programme’s Demo Day, up to four Shape ventures may be selected to receive additional financial support of up to EUR 100,000, subject to the conditions specified in the Call Guidelines.</p><p>Financial Support to Scaling-stage Ventures (Scale Post-Acceleration Programme) targets mature startups and scale-ups that have already demonstrated strong product-market fit, recurring revenues, customer growth, and international scaling potential, and are now seeking to accelerate expansion through external investment and market scaling. Selected ventures may receive financial support of up to EUR 200,000 for non-RIS-based ventures and eligible ventures already included in the EIT Culture &amp; Creativity 100-to-Watch portfolio, or up to EUR 500,000 for eligible RIS-based ventures.</p><p>This call is open to legal entities established in EU Member States and Horizon Europe Associated Countries.</p>']",['en'],['EITCULTURE Business Plan 2026'],['8'],['https://ec.europa.eu/info/funding-tenders/opportunities/portal/screen/opportunities/competitive-calls-cs/48939704'],['https://ec.europa.eu/info/funding-tenders/opportunities/portal/screen/opportunities/competitive-calls-cs/48939704'],['15343'],['SEDIA'],['15343COMPETITIVE_CALLen'],['BP26-28 EITCC'],['43108390'],['2026-08-10T00:00:00.000+0000'],['single-stage'],['31094502'],,2026-09-20 09:08:50.362431+00:00
2.155,15321COMPETITIVE_CALLen,https://ec.europa.eu/info/funding-tenders/opportunities/portal/screen/opportunities/competitive-calls-cs/48939754,text/plain,en,SEDIA,SEDIA,KAVA Call 14 - Upscaling,0.0,KAVA Call 14 - Upscaling,False,[],[],EITRAWMATERIALS Business Plan 2026. Available at: https://ec.europa.eu/info/funding-tenders/opportunities/portal/screen/opportunities/competitive-calls-cs/48939754,['HORIZON-EIT-2025-KIC-IBA-RM'],['text/plain'],['KAVA Call 14 - Upscaling'],['2026-08-07T00:00:00.000+0000'],['2026-10-16T13:00:00.000+0000'],[],['en'],['EITRAWMATERIALS Business Plan 2026'],['8'],['https://ec.europa.eu/info/funding-tenders/opportunities/portal/screen/opportunities/competitive-calls-cs/48939754'],['https://ec.europa.eu/info/funding-tenders/opportunities/portal/screen/opportunities/competitive-calls-cs/48939754'],['15321'],['SEDIA'],['15321COMPETITIVE_CALLen'],['EIT RM BP26-28'],['43108390'],['2026-08-07T00:00:00.000+0000'],['single-stage'],['31094502'],,2026-09-20 09:08:50.362431+00:00
2.155,15322COMPETITIVE_CALLen,https://ec.europa.eu/info/funding-tenders/opportunities/portal/screen/opportunities/competitive-calls-cs/48939754,text/plain,en,SEDIA,SEDIA,KAVA Call 14 - RIS Innovation,0.0,KAVA Call 14 - RIS Innovation,False,[],[],EITRAWMATERIALS Business Plan 2026. Available at: https://ec.europa.eu/info/funding-tenders/opportunities/portal/screen/opportunities/competitive-calls-cs/48939754,['HORIZON-EIT-2025-KIC-IBA-RM'],['text/plain'],['KAVA Call 14 - RIS Innovation'],['2026-08-07T00:00:00.000+0000'],['2026-10-16T13:00:00.000+0000'],"['<p>The call text, as well as all supporting documents and link to the application platform can be found on the website of EIT RawMaterials <strong><a href=""https://eitrawmaterials.eu/call-ris-projects"" rel=""noopener noreferrer"" target=""_blank"">her\ufeffe</a></strong>.</p>']",['en'],['EITRAWMATERIALS Business Plan 2026'],['8'],['https://ec.europa.eu/info/funding-tenders/opportunities/portal/screen/opportunities/competitive-calls-cs/48939754'],['https://ec.europa.eu/info/funding-tenders/opportunities/portal/screen/opportunities/competitive-calls-cs/48939754'],['15322'],['SEDIA'],['15322COMPETITIVE_CALLen'],['EIT RM BP26-28'],['43108390'],['2026-08-07T00:00:00.000+0000'],['single-stage'],['31094502'],,2026-09-20 09:08:50.362431+00:00
2.155,50129441TOPICSen,https://ec.europa.eu/info/funding-tenders/opportunities/portal/screen/opportunities/topic-details/HORIZON-CL5-2026-11-D3-05,text/plain,en,SEDIA,SEDIA,Demonstration of solid biofuel supply and conversion to high efficiency CHP from fully sustainable regional value chains,0.0,Demonstration of solid biofuel supply and conversion to high efficiency CHP from fully sustainable regional value chains,False,[],[],Demonstration of solid biofuel supply and conversion to high efficiency CHP from fully sustainable regional value chains. Available at: https://ec.europa.eu/info/funding-tenders/opportunities/portal/screen/opportunities/topic-details/HORIZON-CL5-2026-11-D3-05,['HORIZON-CL5-2026-11-D3-05'],['text/plain'],,['2026-08-04T00:00:00.000+0000'],['2026-12-01T00:00:00.000+0000'],,['en'],['Demonstration of solid biofuel supply and conversion to high efficiency CHP from fully sustainable regional value chains'],['1'],['https://ec.europa.eu/info/funding-tenders/opportunities/portal/screen/opportunities/topic-details/HORIZON-CL5-2026-11-D3-05'],['https://ec.europa.eu/info/funding-tenders/opportunities/portal/screen/opportunities/topic-details/HORIZON-CL5-2026-11-D3-05'],['50131216'],['SEDIA'],['50129441TOPICSen'],,['43108390'],['2026-08-04T00:00:00.000+0000'],['single-stage'],['31094502'],['HORIZON Innovation Actions'],2026-09-20 09:08:50.362431+00:00
2.155,50129654TOPICSen,https://ec.europa.eu/info/funding-tenders/opportunities/portal/screen/opportunities/topic-details/HORIZON-CL5-2026-11-D3-06,text/plain,en,SEDIA,SEDIA,Resource assessment for deep sedimentary and basement reservoirs,0.0,Resource assessment for deep sedimentary and basement reservoirs,False,[],[],Resource assessment for deep sedimentary and basement reservoirs. Available at: https://ec.europa.eu/info/funding-tenders/opportunities/portal/screen/opportunities/topic-details/HORIZON-CL5-2026-11-D3-06,['HORIZON-CL5-2026-11-D3-06'],['text/plain'],,['2026-08-04T00:00:00.000+0000'],['2026-12-01T00:00:00.000+0000'],,['en'],['Resource assessment for deep sedimentary and basement reservoirs'],['1'],['https://ec.europa.eu/info/funding-tenders/opportunities/portal/screen/opportunities/topic-details/HORIZON-CL5-2026-11-D3-06'],['https://ec.europa.eu/info/funding-tenders/opportunities/portal/screen/opportunities/topic-details/HORIZON-CL5-2026-11-D3-06'],['50131216'],['SEDIA'],['50129654TOPICSen'],,['43108390'],['2026-08-04T00:00:00.000+0000'],['single-stage'],['31094502'],['HORIZON  Research and Innovation Actions'],2026-09-20 09:08:50.362431+00:00
2.155,50129721TOPICSen,https://ec.europa.eu/info/funding-tenders/opportunities/portal/screen/opportunities/topic-details/HORIZON-CL5-2026-11-D3-14,text/plain,en,SEDIA,SEDIA,Improved system design for innovative PV applications (EUPI-PV Partnership),0.0,Improved system design for innovative PV applications (EUPI-PV Partnership),False,[],[],Improved system design for innovative PV applications (EUPI-PV Partnership). Available at: https://ec.europa.eu/info/funding-tenders/opportunities/portal/screen/opportunities/topic-details/HORIZON-CL5-2026-11-D3-14,['HORIZON-CL5-2026-11-D3-14'],['text/plain'],,['2026-08-04T00:00:00.000+0000'],['2026-12-01T00:00:00.000+0000'],,['en'],['Improved system design for innovative PV applications (EUPI-PV Partnership)'],['1'],['https://ec.europa.eu/info/funding-tenders/opportunities/portal/screen/opportunities/topic-details/HORIZON-CL5-2026-11-D3-14'],['https://ec.europa.eu/info/funding-tenders/opportunities/portal/screen/opportunities/topic-details/HORIZON-CL5-2026-11-D3-14'],['50131216'],['SEDIA'],['50129721TOPICSen'],,['43108390'],['2026-08-04T00:00:00.000+0000'],['single-stage'],['31094502'],['HORIZON Innovation Actions'],2026-09-20 09:08:50.362431+00:00
2.155,50129401TOPICSen,https://ec.europa.eu/info/funding-tenders/opportunities/portal/screen/opportunities/topic-details/HORIZON-CL5-2026-11-D3-04,text/plain,en,SEDIA,SEDIA,De-risking renewable fuel technologies through transnational pre-commercial procurement of renewable fuel industrial value chains,0.0,De-risking renewable fuel technologies through transnational pre-commercial procurement of renewable fuel industrial value chains,False,[],[],De-risking renewable fuel technologies through transnational pre-commercial procurement of renewable fuel industrial value chains. Available at: https://ec.europa.eu/info/funding-tenders/opportunities/portal/screen/opportunities/topic-details/HORIZON-CL5-2026-11-D3-04,['HORIZON-CL5-2026-11-D3-04'],['text/plain'],,['2026-08-04T00:00:00.000+0000'],['2026-12-01T00:00:00.000+0000'],,['en'],['De-risking renewable fuel technologies through transnational pre-commercial procurement of renewable fuel industrial value chains'],['1'],['https://ec.europa.eu/info/funding-tenders/opportunities/portal/screen/opportunities/topic-details/HORIZON-CL5-2026-11-D3-04'],['https://ec.europa.eu/info/funding-tenders/opportunities/portal/screen/opportunities/topic-details/HORIZON-CL5-2026-11-D3-04'],['50131216'],['SEDIA'],['50129401TOPICSen'],,['43108390'],['2026-08-04T00:00:00.000+0000'],['single-stage'],['31094502'],['HORIZON Pre-commercial Procurement'],2026-09-20 09:08:50.362431+00:00
2.155,50129993TOPICSen,https://ec.europa.eu/info/funding-tenders/opportunities/portal/screen/opportunities/topic-details/HORIZON-CL5-2026-11-D3-23,text/plain,en,SEDIA,SEDIA,Data sharing to support the training and development of AI foundation models in the energy sector,0.0,Data sharing to support the training and development of AI foundation models in the energy sector,False,[],[],Data sharing to support the training and development of AI foundation models in the energy sector. Available at: https://ec.europa.eu/info/funding-tenders/opportunities/portal/screen/opportunities/topic-details/HORIZON-CL5-2026-11-D3-23,['HORIZON-CL5-2026-11-D3-23'],['text/plain'],,['2026-08-04T00:00:00.000+0000'],['2026-12-01T00:00:00.000+0000'],,['en'],['Data sharing to support the training and development of AI foundation models in the energy sector'],['1'],['https://ec.europa.eu/info/funding-tenders/opportunities/portal/screen/opportunities/topic-details/HORIZON-CL5-2026-11-D3-23'],['https://ec.europa.eu/info/funding-tenders/opportunities/portal/screen/opportunities/topic-details/HORIZON-CL5-2026-11-D3-23'],['50131216'],['SEDIA'],['50129993TOPICSen'],,['43108390'],['2026-08-04T00:00:00.000+0000'],['single-stage'],['31094502'],['HORIZON Innovation Actions'],2026-09-20 09:08:50.362431+00:00
2.155,15241COMPETITIVE_CALLen,https://ec.europa.eu/info/funding-tenders/opportunities/portal/screen/opportunities/competitive-calls-cs/47365875,text/plain,en,SEDIA,SEDIA,Cultural Horizons: Artistic Debuts,0.0,Cultural Horizons: Artistic Debuts,False,[],[],Fostering Ukrainians’ access to culture and cultural heritage. Available at: https://ec.europa.eu/info/funding-tenders/opportunities/portal/screen/opportunities/competitive-calls-cs/47365875,['CREA-CULT-2025-COOP-UA-2'],['text/plain'],['Cultural Horizons: Artistic Debuts'],['2026-08-03T00:00:00.000+0000'],['2026-10-05T05:00:00.000+0000'],[],['en'],['Fostering Ukrainians’ access to culture and cultural heritage'],['8'],['https://ec.europa.eu/info/funding-tenders/opportunities/portal/screen/opportunities/competitive-calls-cs/47365875'],['https://ec.europa.eu/info/funding-tenders/opportunities/portal/screen/opportunities/competitive-calls-cs/47365875'],['15241'],['SEDIA'],['15241COMPETITIVE_CALLen'],['Cultural Horizons'],['43251814'],['2026-08-03T00:00:00.000+0000'],['single-stage'],['31094502'],,2026-09-20 09:08:50.362431+00:00
2.155,187027PROSPECTSEN,https://webgate.ec.europa.eu/prospect/external/publishedcalls.htm?callId=187027,text/plain,en,SEDIA,SEDIA,Borderlands V - West Africa,0.0,Borderlands V - West Africa,False,[],[],Borderlands V - West Africa. Available at: https://webgate.ec.europa.eu/prospect/external/publishedcalls.htm?callId=187027,['EuropeAid/187027/DD/ACT/Multi'],['text/plain'],,['2026-07-30T18:00:00.000+0000'],['2026-10-06T18:00:40.000+0000'],,['en'],['Borderlands V - West Africa'],['2'],['https://webgate.ec.europa.eu/prospect/external/publishedcalls.htm?callId=187027'],['https://webgate.ec.europa.eu/prospect/external/publishedcalls.htm?callId=187027'],,['SEDIA'],['187027PROSPECTSEN'],,['111111'],['2026-07-30T18:00:00.000+0000'],,['31094502'],,2026-09-20 09:08:50.362431+00:00
2.155,15223COMPETITIVE_CALLen,https://ec.europa.eu/info/funding-tenders/opportunities/portal/screen/opportunities/competitive-calls-cs/46950864,text/plain,en,SEDIA,SEDIA,Open Call 3 - Short Term and Long Term Funding to support ICT standardisation,0.0,Open Call 3 - Short Term and Long Term Funding to support ICT standardisation,False,[],[],Facilitate the engagement in global ICT standardisation development (CSA). Available at: https://ec.europa.eu/info/funding-tenders/opportunities/portal/screen/opportunities/competitive-calls-cs/46950864,['HORIZON-CL4-2024-HUMAN-03-04'],['text/plain'],['Open Call 3 - Short Term and Long Term Funding to support ICT standardisation'],['2026-07-30T00:00:00.000+0000'],['2026-10-02T17:00:00.000+0000'],[],['en'],['Facilitate the engagement in global ICT standardisation development (CSA)'],['8'],['https://ec.europa.eu/info/funding-tenders/opportunities/portal/screen/opportunities/competitive-calls-cs/46950864'],['https://ec.europa.eu/info/funding-tenders/opportunities/portal/screen/opportunities/competitive-calls-cs/46950864'],['15223'],['SEDIA'],['15223COMPETITIVE_CALLen'],['StandICT.eu 2029'],['43108390'],['2026-07-30T00:00:00.000+0000'],['single-stage'],['31094502'],,2026-09-20 09:08:50.362431+00:00
2.155,15183COMPETITIVE_CALLen,https://ec.europa.eu/info/funding-tenders/opportunities/portal/screen/opportunities/competitive-calls-cs/46813062,text/plain,en,SEDIA,SEDIA,VIC FSTP – EUNEIZ Advanced Training Programme Scholarships 2026-2027,0.0,VIC FSTP – EUNEIZ Advanced Training Programme Scholarships 2026-2027,False,[],[],Specialised Education Programmes in Key Capacity Areas. Available at: https://ec.europa.eu/info/funding-tenders/opportunities/portal/screen/opportunities/competitive-calls-cs/46813062,['DIGITAL-2024-ADVANCED-DIGITAL-07-KEYCAPACITY'],['text/plain'],['VIC FSTP – EUNEIZ Advanced Training Programme Scholarships 2026-2027'],['2026-07-30T00:00:00.000+0000'],['2026-09-30T17:00:00.000+0000'],"['<p>This call provides Financial Support to Third Parties (FSTP) in the form of institutional scholarships to support participation in the 2026-2027 edition of the Advanced Training Programme in Immersive Technologies and Artificial Intelligence delivered by EUNEIZ.</p><p>The objective of the call is to reduce financial barriers to access and to promote diversity, inclusion, and participation in advanced digital skills education in the fields of immersive technologies and artificial intelligence.</p><p>Through this call, selected participants may receive partial financial support applied directly to the participation fee of the programme.</p><p>The support is intended to facilitate access for participants who may otherwise face economic or structural barriers to participation, particularly those from underrepresented groups, interdisciplinary or non-ICT backgrounds, and applicants contributing to the diversity and inclusion objectives of the programme.</p><p>This call contributes to the broader objectives of the Virtual Innovation Consortium (VIC), namely the strengthening of European advanced digital skills capacity in Virtual Reality (VR), Augmented Reality (AR), Extended Reality (XR), and related digital innovation domains.</p>']",['en'],['Specialised Education Programmes in Key Capacity Areas'],['8'],['https://ec.europa.eu/info/funding-tenders/opportunities/portal/screen/opportunities/competitive-calls-cs/46813062'],['https://ec.europa.eu/info/funding-tenders/opportunities/portal/screen/opportunities/competitive-calls-cs/46813062'],['15183'],['SEDIA'],['15183COMPETITIVE_CALLen'],['VIC'],['43152860'],['2026-07-30T00:00:00.000+0000'],['single-stage'],['31094502'],,2026-09-20 09:08:50.362431+00:00
2.155,15182COMPETITIVE_CALLen,https://ec.europa.eu/info/funding-tenders/opportunities/portal/screen/opportunities/competitive-calls-cs/46813062,text/plain,en,SEDIA,SEDIA,VIC FSTP – ISTEC Advanced Training Programme Scholarships 2026-2027,0.0,VIC FSTP – ISTEC Advanced Training Programme Scholarships 2026-2027,False,[],[],Specialised Education Programmes in Key Capacity Areas. Available at: https://ec.europa.eu/info/funding-tenders/opportunities/portal/screen/opportunities/competitive-calls-cs/46813062,['DIGITAL-2024-ADVANCED-DIGITAL-07-KEYCAPACITY'],['text/plain'],['VIC FSTP – ISTEC Advanced Training Programme Scholarships 2026-2027'],['2026-07-30T00:00:00.000+0000'],['2026-09-30T16:00:00.000+0000'],"['<p>This call provides Financial Support to Third Parties (FSTP) in the form of institutional scholarships to support participation in the 2026-2027 edition of the Advanced Training Programme in Immersive Technologies and Artificial Intelligence delivered by ISTEC.</p><p>The objective of the call is to reduce financial barriers to access and to promote diversity, inclusion, and participation in advanced digital skills education in the fields of immersive technologies and artificial intelligence.</p><p>Through this call, selected participants may receive partial financial support applied directly to the participation fee of the programme.</p><p>The support is intended to facilitate access for participants who may otherwise face economic or structural barriers to participation, particularly those from underrepresented groups, interdisciplinary or non-ICT backgrounds, and applicants contributing to the diversity and inclusion objectives of the programme.</p><p>This call contributes to the broader objectives of the Virtual Innovation Consortium (VIC), namely the strengthening of European advanced digital skills capacity in Virtual Reality (VR), Augmented Reality (AR), Extended Reality (XR), and related digital innovation domains.</p>']",['en'],['Specialised Education Programmes in Key Capacity Areas'],['8'],['https://ec.europa.eu/info/funding-tenders/opportunities/portal/screen/opportunities/competitive-calls-cs/46813062'],['https://ec.europa.eu/info/funding-tenders/opportunities/portal/screen/opportunities/competitive-calls-cs/46813062'],['15182'],['SEDIA'],['15182COMPETITIVE_CALLen'],['VIC'],['43152860'],['2026-07-30T00:00:00.000+0000'],['single-stage'],['31094502'],,2026-09-20 09:08:50.362431+00:00
2.155,15221COMPETITIVE_CALLen,https://ec.europa.eu/info/funding-tenders/opportunities/portal/screen/opportunities/competitive-calls-cs/47039365,text/plain,en,SEDIA,SEDIA,TRUNSPORT Open Call 1,0.0,TRUNSPORT Open Call 1,False,[],[],"Preparedness Support and Mutual Assistance, Targeting Larger Industrial Operations and Installations. Available at: https://ec.europa.eu/info/funding-tenders/opportunities/portal/screen/opportunities/competitive-calls-cs/47039365",['DIGITAL-ECCC-2024-DEPLOY-CYBER-07-LARGEOPER'],['text/plain'],['TRUNSPORT Open Call 1'],['2026-07-30T00:00:00.000+0000'],['2026-10-30T19:00:00.000+0000'],"['<p>Selected sub-projects of the TRUNSPORT Open Call 1 will begin in January 2027.The implementation period of the selected sub-projects (shown in Figure 3) will be 9 months:</p><ol><li data-list=""bullet""><span class=""ql-ui"" contenteditable=""false""></span>Phase 1 - Plan: Payment of 30% of the total fund [Deliverable 1: Description and planning report (M1)]</li><li data-list=""bullet""><span class=""ql-ui"" contenteditable=""false""></span>Phase 2 - Development: Payment of 30% of the total fund [Deliverable 2: Intermediate progress report (M4)]</li><li data-list=""bullet""><span class=""ql-ui"" contenteditable=""false""></span>Phase 3 - Validation: Payment of the final 40% of the total fund [Deliverable 3: Implementation and validation report (M9)]</li></ol><p>The following three deliverables are expected to be submitted by the projects funded under the TRUNSPORT Open Call 1.</p><ol><li data-list=""bullet""><span class=""ql-ui"" contenteditable=""false""></span>Deliverable 1: Description and planning report (delivery at Month 1)</li><li data-list=""bullet"" class=""ql-indent-1""><span class=""ql-ui"" contenteditable=""false""></span>Solution overview and final description</li><li data-list=""bullet"" class=""ql-indent-1""><span class=""ql-ui"" contenteditable=""false""></span>Addressed use cases</li><li data-list=""bullet"" class=""ql-indent-1""><span class=""ql-ui"" contenteditable=""false""></span>Technical architecture</li><li data-list=""bullet"" class=""ql-indent-1""><span class=""ql-ui"" contenteditable=""false""></span>Mapping to Open Call 1 objectives</li><li data-list=""bullet"" class=""ql-indent-1""><span class=""ql-ui"" contenteditable=""false""></span>Integration approach</li><li data-list=""bullet"" class=""ql-indent-1""><span class=""ql-ui"" contenteditable=""false""></span>A validation plan describing testing activities in operational or simulated environments</li><li data-list=""bullet"" class=""ql-indent-1""><span class=""ql-ui"" contenteditable=""false""></span>KPIs and expected outcomes</li><li data-list=""bullet"" class=""ql-indent-1""><span class=""ql-ui"" contenteditable=""false""></span>Timeline of planned activities</li><li data-list=""bullet""><span class=""ql-ui"" contenteditable=""false""></span>Deliverable 2: Intermediate progress report (delivery at Month 4)</li><li data-list=""bullet"" class=""ql-indent-1""><span class=""ql-ui"" contenteditable=""false""></span>Technical/integration activities performed</li><li data-list=""bullet"" class=""ql-indent-1""><span class=""ql-ui"" contenteditable=""false""></span>Preliminary testing outcomes</li><li data-list=""bullet""><span class=""ql-ui"" contenteditable=""false""></span>Deliverable 3: Implementation and validation report (delivery at Month 9)</li><li data-list=""bullet"" class=""ql-indent-1""><span class=""ql-ui"" contenteditable=""false""></span>Technical/integration activities performed</li><li data-list=""bullet"" class=""ql-indent-1""><span class=""ql-ui"" contenteditable=""false""></span>Final testing outcomes (software, supporting material, etc.)</li><li data-list=""bullet"" class=""ql-indent-1""><span class=""ql-ui"" contenteditable=""false""></span>Lessons learned & added value proposition for TRUNSPORT CSH</li><li data-list=""bullet"" class=""ql-indent-1""><span class=""ql-ui"" contenteditable=""false""></span>Scalability and applicability to transport or other critical infrastructure sectors</li><li data-list=""bullet"" class=""ql-indent-1""><span class=""ql-ui"" contenteditable=""false""></span>Sustainability and exploitation considerations</li><li data-list=""bullet"" class=""ql-indent-1""><span class=""ql-ui"" contenteditable=""false""></span>Validation against KPIs defined</li></ol>']",['en'],"['Preparedness Support and Mutual Assistance, Targeting Larger Industrial Operations and Installations']",['8'],['https://ec.europa.eu/info/funding-tenders/opportunities/portal/screen/opportunities/competitive-calls-cs/47039365'],['https://ec.europa.eu/info/funding-tenders/opportunities/portal/screen/opportunities/competitive-calls-cs/47039365'],['15221'],['SEDIA'],['15221COMPETITIVE_CALLen'],['TRUNSPORT'],['43152860'],['2026-07-30T00:00:00.000+0000'],['single-stage'],['31094502'],,2026-09-20 09:08:50.362431+00:00
2.155,51979058TOPICSen,https://ec.europa.eu/info/funding-tenders/opportunities/portal/screen/opportunities/topic-details/PPPA-2026-YOUTH-SOCIAL-MEDIA-DESIGN,text/plain,en,SEDIA,SEDIA,"Youth-Driven Social Media Design: Safe, Inclusive, and Publicly-Owned Social Media",0.0,"Youth-Driven Social Media Design: Safe, Inclusive, and Publicly-Owned Social Media",False,[],[],"Youth-Driven Social Media Design: Safe, Inclusive, and Publicly-Owned Social Media. Available at: https://ec.europa.eu/info/funding-tenders/opportunities/portal/screen/opportunities/topic-details/PPPA-2026-YOUTH-SOCIAL-MEDIA-DESIGN",['PPPA-2026-YOUTH-SOCIAL-MEDIA-DESIGN'],['text/plain'],,['2026-07-30T00:00:00.000+0000'],['2026-10-06T00:00:00.000+0000'],,['en'],"['Youth-Driven Social Media Design: Safe, Inclusive, and Publicly-Owned Social Media']",['1'],['https://ec.europa.eu/info/funding-tenders/opportunities/portal/screen/opportunities/topic-details/PPPA-2026-YOUTH-SOCIAL-MEDIA-DESIGN'],['https://ec.europa.eu/info/funding-tenders/opportunities/portal/screen/opportunities/topic-details/PPPA-2026-YOUTH-SOCIAL-MEDIA-DESIGN'],['51979079'],['SEDIA'],['51979058TOPICSen'],,['43637601'],['2026-07-30T00:00:00.000+0000'],['single-stage'],['31094502'],['PPPA Project Grants'],2026-09-20 09:08:50.362431+00:00
2.155,15081COMPETITIVE_CALLen,https://ec.europa.eu/info/funding-tenders/opportunities/portal/screen/opportunities/competitive-calls-cs/48165818,text/plain,en,SEDIA,SEDIA,Database Grants,0.0,Database Grants,False,[],[],European Network of Factcheckers. Available at: https://ec.europa.eu/info/funding-tenders/opportunities/portal/screen/opportunities/competitive-calls-cs/48165818,['DIGITAL-2025-BESTUSE-08-FACTCHECKERS'],['text/plain'],['Database Grants'],['2026-07-29T00:00:00.000+0000'],['2026-09-20T23:59:00.000+0000'],"['<p><a href=""https://efcsn.com/funding-opportunities/efcsn-database-grants/"" rel=""noopener noreferrer"" target=""_blank"">Link to the published cal</a>l.</p>']",['en'],['European Network of Factcheckers'],['8'],['https://ec.europa.eu/info/funding-tenders/opportunities/portal/screen/opportunities/competitive-calls-cs/48165818'],['https://ec.europa.eu/info/funding-tenders/opportunities/portal/screen/opportunities/competitive-calls-cs/48165818'],['15081'],['SEDIA'],['15081COMPETITIVE_CALLen'],['FACTEUR'],['43152860'],['2026-07-29T00:00:00.000+0000'],['single-stage'],['31094502'],,2026-09-20 09:08:50.362431+00:00
2.155,186052PROSPECTSEN,https://webgate.ec.europa.eu/prospect/external/publishedcalls.htm?callId=186052,text/plain,en,SEDIA,SEDIA,Strengthening the role of women’s rights organisations in the implementation of gender equality and women’s empowerment in Zimbabwe,0.0,Strengthening the role of women’s rights organisations in the implementation of gender equality and women’s empowerment in Zimbabwe,False,[],[],Strengthening the role of women’s rights organisations in the implementation of gender equality and women’s empowerment in Zimbabwe. Available at: https://webgate.ec.europa.eu/prospect/external/publishedcalls.htm?callId=186052,['EuropeAid/186052/DD/ACT/ZW'],['text/plain'],,['2026-07-28T10:00:00.000+0000'],['2026-09-22T15:00:40.000+0000'],,['en'],['Strengthening the role of women’s rights organisations in the implementation of gender equality and women’s empowerment in Zimbabwe'],['2'],['https://webgate.ec.europa.eu/prospect/external/publishedcalls.htm?callId=186052'],['https://webgate.ec.europa.eu/prospect/external/publishedcalls.htm?callId=186052'],,['SEDIA'],['186052PROSPECTSEN'],,['111111'],['2026-07-28T10:00:00.000+0000'],,['31094502'],,2026-09-20 09:08:50.362431+00:00
2.155,51809060TOPICSen,https://ec.europa.eu/info/funding-tenders/opportunities/portal/screen/opportunities/topic-details/ERC-2027-STG,text/plain,en,SEDIA,SEDIA,ERC Starting Grant,0.0,ERC Starting Grant,False,[],[],ERC Starting Grant. Available at: https://ec.europa.eu/info/funding-tenders/opportunities/portal/screen/opportunities/topic-details/ERC-2027-STG,['ERC-2027-STG'],['text/plain'],,['2026-07-22T00:00:00.000+0000'],['2026-10-14T00:00:00.000+0000'],,['en'],['ERC Starting Grant'],['1'],['https://ec.europa.eu/info/funding-tenders/opportunities/portal/screen/opportunities/topic-details/ERC-2027-STG'],['https://ec.europa.eu/info/funding-tenders/opportunities/portal/screen/opportunities/topic-details/ERC-2027-STG'],['51809067'],['SEDIA'],['51809060TOPICSen'],,['43108390'],['2026-07-22T00:00:00.000+0000'],['single-stage'],['31094502'],['HORIZON ERC Grants'],2026-09-20 09:08:50.362431+00:00
2.155,51349575TOPICSen,https://ec.europa.eu/info/funding-tenders/opportunities/portal/screen/opportunities/topic-details/HORIZON-EIC-2026-PATHFINDERCHALLENGES-01-01,text/plain,en,SEDIA,SEDIA,Advanced Materials for Miniaturised Energy Harvesting Systems,0.0,Advanced Materials for Miniaturised Energy Harvesting Systems,False,[],[],Advanced Materials for Miniaturised Energy Harvesting Systems. Available at: https://ec.europa.eu/info/funding-tenders/opportunities/portal/screen/opportunities/topic-details/HORIZON-EIC-2026-PATHFINDERCHALLENGES-01-01,['HORIZON-EIC-2026-PATHFINDERCHALLENGES-01-01'],['text/plain'],,['2026-07-22T00:00:00.000+0000'],['2026-10-28T00:00:00.000+0000'],,['en'],['Advanced Materials for Miniaturised Energy Harvesting Systems'],['1'],['https://ec.europa.eu/info/funding-tenders/opportunities/portal/screen/opportunities/topic-details/HORIZON-EIC-2026-PATHFINDERCHALLENGES-01-01'],['https://ec.europa.eu/info/funding-tenders/opportunities/portal/screen/opportunities/topic-details/HORIZON-EIC-2026-PATHFINDERCHALLENGES-01-01'],['51349601'],['SEDIA'],['51349575TOPICSen'],,['43108390'],['2026-07-22T00:00:00.000+0000'],['single-stage'],['31094502'],['HORIZON EIC Grants'],2026-09-20 09:08:50.362431+00:00
2.155,51349591TOPICSen,https://ec.europa.eu/info/funding-tenders/opportunities/portal/screen/opportunities/topic-details/HORIZON-EIC-2026-PATHFINDERCHALLENGES-01-03,text/plain,en,SEDIA,SEDIA,"DeepRAP: Deep Reasoning, Abstraction & Planning towards trustworthy Cognitive AI Systems",0.0,"DeepRAP: Deep Reasoning, Abstraction & Planning towards trustworthy Cognitive AI Systems",False,[],[],"DeepRAP: Deep Reasoning, Abstraction & Planning towards trustworthy Cognitive AI Systems. Available at: https://ec.europa.eu/info/funding-tenders/opportunities/portal/screen/opportunities/topic-details/HORIZON-EIC-2026-PATHFINDERCHALLENGES-01-03",['HORIZON-EIC-2026-PATHFINDERCHALLENGES-01-03'],['text/plain'],,['2026-07-22T00:00:00.000+0000'],['2026-10-28T00:00:00.000+0000'],,['en'],"['DeepRAP: Deep Reasoning, Abstraction & Planning towards trustworthy Cognitive AI Systems']",['1'],['https://ec.europa.eu/info/funding-tenders/opportunities/portal/screen/opportunities/topic-details/HORIZON-EIC-2026-PATHFINDERCHALLENGES-01-03'],['https://ec.europa.eu/info/funding-tenders/opportunities/portal/screen/opportunities/topic-details/HORIZON-EIC-2026-PATHFINDERCHALLENGES-01-03'],['51349601'],['SEDIA'],['51349591TOPICSen'],,['43108390'],['2026-07-22T00:00:00.000+0000'],['single-stage'],['31094502'],['HORIZON EIC Grants'],2026-09-20 09:08:50.362431+00:00
2.155,51349583TOPICSen,https://ec.europa.eu/info/funding-tenders/opportunities/portal/screen/opportunities/topic-details/HORIZON-EIC-2026-PATHFINDERCHALLENGES-01-02,text/plain,en,SEDIA,SEDIA,Biotechnology for Healthy Ageing,0.0,Biotechnology for Healthy Ageing,False,[],[],Biotechnology for Healthy Ageing. Available at: https://ec.europa.eu/info/funding-tenders/opportunities/portal/screen/opportunities/topic-details/HORIZON-EIC-2026-PATHFINDERCHALLENGES-01-02,['HORIZON-EIC-2026-PATHFINDERCHALLENGES-01-02'],['text/plain'],,['2026-07-22T00:00:00.000+0000'],['2026-10-28T00:00:00.000+0000'],,['en'],['Biotechnology for Healthy Ageing'],['1'],['https://ec.europa.eu/info/funding-tenders/opportunities/portal/screen/opportunities/topic-details/HORIZON-EIC-2026-PATHFINDERCHALLENGES-01-02'],['https://ec.europa.eu/info/funding-tenders/opportunities/portal/screen/opportunities/topic-details/HORIZON-EIC-2026-PATHFINDERCHALLENGES-01-02'],['51349601'],['SEDIA'],['51349583TOPICSen'],,['43108390'],['2026-07-22T00:00:00.000+0000'],['single-stage'],['31094502'],['HORIZON EIC Grants'],2026-09-20 09:08:50.362431+00:00
2.155,51896527TOPICSen,https://ec.europa.eu/info/funding-tenders/opportunities/portal/screen/opportunities/topic-details/EUBA-EFSA-2026-PLANTS-01,text/plain,en,SEDIA,SEDIA,Scientific and technical assistance on a foresight activity in the field of plant health to enhance crisis preparedness for the EU territory.,0.0,Scientific and technical assistance on a foresight activity in the field of plant health to enhance crisis preparedness for the EU territory.,False,[],[],Scientific and technical assistance on a foresight activity in the field of plant health to enhance crisis preparedness for the EU territory.. Available at: https://ec.europa.eu/info/funding-tenders/opportunities/portal/screen/opportunities/topic-details/EUBA-EFSA-2026-PLANTS-01,['EUBA-EFSA-2026-PLANTS-01'],['text/plain'],,['2026-07-22T00:00:00.000+0000'],['2026-10-07T00:00:00.000+0000'],,['en'],['Scientific and technical assistance on a foresight activity in the field of plant health to enhance crisis preparedness for the EU territory.'],['1'],['https://ec.europa.eu/info/funding-tenders/opportunities/portal/screen/opportunities/topic-details/EUBA-EFSA-2026-PLANTS-01'],['https://ec.europa.eu/info/funding-tenders/opportunities/portal/screen/opportunities/topic-details/EUBA-EFSA-2026-PLANTS-01'],['51896535'],['SEDIA'],['51896527TOPICSen'],,['45532249'],['2026-07-22T00:00:00.000+0000'],['single-stage'],['31094502'],['EUBA Type of Action'],2026-09-20 09:08:50.362431+00:00
2.155,186989PROSPECTSEN,https://webgate.ec.europa.eu/prospect/external/publishedcalls.htm?callId=186989,text/plain,en,SEDIA,SEDIA,"Renforcement et structuration des filières soja, karité et avicole au Bénin",0.0,"Renforcement et structuration des filières soja, karité et avicole au Bénin",False,[],[],"Renforcement et structuration des filières soja, karité et avicole au Bénin. Available at: https://webgate.ec.europa.eu/prospect/external/publishedcalls.htm?callId=186989",['EuropeAid/186989/DD/ACT/BJ'],['text/plain'],,['2026-07-21T10:00:04.000+0000'],['2026-10-21T10:00:28.000+0000'],,['en'],"['Renforcement et structuration des filières soja, karité et avicole au Bénin']",['2'],['https://webgate.ec.europa.eu/prospect/external/publishedcalls.htm?callId=186989'],['https://webgate.ec.europa.eu/prospect/external/publishedcalls.htm?callId=186989'],,['SEDIA'],['186989PROSPECTSEN'],,['111111'],['2026-07-21T10:00:04.000+0000'],,['31094502'],,2026-09-20 09:08:50.362431+00:00
2.155,15001COMPETITIVE_CALLen,https://ec.europa.eu/info/funding-tenders/opportunities/portal/screen/opportunities/competitive-calls-cs/48011524,text/plain,en,SEDIA,SEDIA,European Heritage Hub Small Grants Scheme for Heritage-related Projects led by Civil Society in EU candidate and other neighbouring countries,0.0,European Heritage Hub Small Grants Scheme for Heritage-related Projects led by Civil Society in EU candidate and other neighbouring countries,False,[],[],Preparatory Action - European Heritage Hub. Available at: https://ec.europa.eu/info/funding-tenders/opportunities/portal/screen/opportunities/competitive-calls-cs/48011524,['PPPA-CULT-2025-EUHERITAGEHUB-IBA'],['text/plain'],['European Heritage Hub Small Grants Scheme for Heritage-related Projects led by Civil Society in EU candidate and other neighbouring countries'],['2026-07-20T00:00:00.000+0000'],"['2026-09-07T23:59:00.000+0000', '2026-09-20T23:59:00.000+0000']",[],['en'],['Preparatory Action - European Heritage Hub'],['8'],['https://ec.europa.eu/info/funding-tenders/opportunities/portal/screen/opportunities/competitive-calls-cs/48011524'],['https://ec.europa.eu/info/funding-tenders/opportunities/portal/screen/opportunities/competitive-calls-cs/48011524'],['15001'],['SEDIA'],['15001COMPETITIVE_CALLen'],['EUHerHub'],['43637601'],['2026-07-20T00:00:00.000+0000'],['multiple cut-off'],['31094502'],,2026-09-20 09:08:50.362431+00:00
2.155,186411PROSPECTSEN,https://webgate.ec.europa.eu/prospect/external/publishedcalls.htm?callId=186411,text/plain,en,SEDIA,SEDIA,EU-China Think Tank Engagement on Green Governance,0.0,EU-China Think Tank Engagement on Green Governance,False,[],[],EU-China Think Tank Engagement on Green Governance. Available at: https://webgate.ec.europa.eu/prospect/external/publishedcalls.htm?callId=186411,['EuropeAid/186411/DD/ACT/CN'],['text/plain'],,['2026-07-17T08:00:19.000+0000'],['2026-10-30T09:00:15.000+0000'],,['en'],['EU-China Think Tank Engagement on Green Governance'],['2'],['https://webgate.ec.europa.eu/prospect/external/publishedcalls.htm?callId=186411'],['https://webgate.ec.europa.eu/prospect/external/publishedcalls.htm?callId=186411'],,['SEDIA'],['186411PROSPECTSEN'],,['111111'],['2026-07-17T08:00:19.000+0000'],,['31094502'],,2026-09-20 09:08:50.362431+00:00
2.155,15021COMPETITIVE_CALLen,https://ec.europa.eu/info/funding-tenders/opportunities/portal/screen/opportunities/competitive-calls-cs/48939740,text/plain,en,SEDIA,SEDIA,Connect NEB &amp; Co-create NEB Open Call 2027,0.0,Connect NEB &amp; Co-create NEB Open Call 2027,False,[],[],Cross KIC EIT Innovation & Business Creation Business Plan 2026. Available at: https://ec.europa.eu/info/funding-tenders/opportunities/portal/screen/opportunities/competitive-calls-cs/48939740,['HORIZON-EIT-2025-KIC-IBA-INBC'],['text/plain'],['Connect NEB & Co-create NEB Open Call 2027'],['2026-07-15T00:00:00.000+0000'],['2026-09-30T17:00:00.000+0000'],"['<p>The <strong>EIT Community New European Bauhaus</strong>, led by <strong>EIT Urban Mobility&nbsp;</strong>in collaboration with EIT Food and Climate KIC, supports&nbsp;local innovation, citizen engagement,&nbsp;entrepreneurship&nbsp;and place-based transformation across Europe.&nbsp;&nbsp;Through this open call, the EIT Community NEB aims to support two complementary types of local impact:&nbsp;</p><p><strong>Connect NEB </strong>is a <strong>mono-beneficiary </strong>programme that&nbsp;supports community-led initiatives to test&nbsp;new ideas, activate local communities, and experiment with participatory approaches, living labs and new forms of governance inspired by the New European Bauhaus.&nbsp;</p><p><strong>Co-create NEB</strong>&nbsp;is a <strong>multi-beneficiary programme</strong> that supports partnerships between communities,&nbsp;municipalities&nbsp;and other local actors to deliver visible, place-based transformation in public spaces.&nbsp;Proposals must be submitted by a consortium with<strong> 2 to 4 members</strong>, and at least one must be a <strong>city, a region, or an entity affiliated with a city or region.</strong></p><p>Both programmes, each with a maximum duration of 10 months, contribute to improving the quality of life of local communities and the environments of the neighbourhoods where they are implemented, taking into account the relevance of each specific local context and valuing the innovation capacity and creativity of each community.</p><p>Despite these differences, proposals for both programmes must serve the purpose of achieving the three inseparable core values of the New European Bauhaus: <strong>Sustainable </strong>(from climate goals, to circularity, zero pollution, and biodiversity), <strong>Beautiful </strong>(quality of experience and style, beyond functionality) and <strong>Together </strong>( from valuing diversity to equality for all, accessibility and affordability).</p><p>This Call for Proposals is open to all legal entities established in Member States of the European Union, and/or in Third countries associated to Horizon Europe. Applications from the Regional Innovation Scheme (RIS) countries are encouraged.</p><p>Applications must be submitted separately for each programme, as they are subject to different eligibility criteria, target different audiences. Applicants may apply to one or both programmes but can be eligible as the<strong> Lead Partner for only one programme</strong>.</p>']",['en'],['Cross KIC EIT Innovation & Business Creation Business Plan 2026'],['8'],['https://ec.europa.eu/info/funding-tenders/opportunities/portal/screen/opportunities/competitive-calls-cs/48939740'],['https://ec.europa.eu/info/funding-tenders/opportunities/portal/screen/opportunities/competitive-calls-cs/48939740'],['15021'],['SEDIA'],['15021COMPETITIVE_CALLen'],['EIT INNOBC'],['43108390'],['2026-07-15T00:00:00.000+0000'],['single-stage'],['31094502'],,2026-09-20 09:08:50.362431+00:00
2.155,14961COMPETITIVE_CALLen,https://ec.europa.eu/info/funding-tenders/opportunities/portal/screen/opportunities/competitive-calls-cs/45114064,text/plain,en,SEDIA,SEDIA,DigiWind Gdánsk Tech Open Call #1,0.0,DigiWind Gdánsk Tech Open Call #1,False,[],[],Specialised education programmes or modules in key capacity areas. Available at: https://ec.europa.eu/info/funding-tenders/opportunities/portal/screen/opportunities/competitive-calls-cs/45114064,['DIGITAL-2022-SKILLS-03-SPECIALISED-EDU'],['text/plain'],['DigiWind Gdánsk Tech Open Call #1'],['2026-07-15T00:00:00.000+0000'],['2026-10-15T16:00:00.000+0000'],[],['en'],['Specialised education programmes or modules in key capacity areas'],['8'],['https://ec.europa.eu/info/funding-tenders/opportunities/portal/screen/opportunities/competitive-calls-cs/45114064'],['https://ec.europa.eu/info/funding-tenders/opportunities/portal/screen/opportunities/competitive-calls-cs/45114064'],['14961'],['SEDIA'],['14961COMPETITIVE_CALLen'],['DigiWind'],['43152860'],['2026-07-15T00:00:00.000+0000'],['single-stage'],['31094502'],,2026-09-20 09:08:50.362431+00:00
2.155,51734636TOPICSen,https://ec.europa.eu/info/funding-tenders/opportunities/portal/screen/opportunities/topic-details/PPPA-2026-REGIONAL-SUBMARINE-ISM-CABLE-HUBS,text/plain,en,SEDIA,SEDIA,Integrated Surveillance mechanism: Regional Cable hubs,0.0,Integrated Surveillance mechanism: Regional Cable hubs,False,[],[],Integrated Surveillance mechanism: Regional Cable hubs. Available at: https://ec.europa.eu/info/funding-tenders/opportunities/portal/screen/opportunities/topic-details/PPPA-2026-REGIONAL-SUBMARINE-ISM-CABLE-HUBS,['PPPA-2026-REGIONAL-SUBMARINE-ISM-CABLE-HUBS'],['text/plain'],,['2026-07-14T00:00:00.000+0000'],['2026-10-08T00:00:00.000+0000'],,['en'],['Integrated Surveillance mechanism: Regional Cable hubs'],['1'],['https://ec.europa.eu/info/funding-tenders/opportunities/portal/screen/opportunities/topic-details/PPPA-2026-REGIONAL-SUBMARINE-ISM-CABLE-HUBS'],['https://ec.europa.eu/info/funding-tenders/opportunities/portal/screen/opportunities/topic-details/PPPA-2026-REGIONAL-SUBMARINE-ISM-CABLE-HUBS'],['51734654'],['SEDIA'],['51734636TOPICSen'],,['43637601'],['2026-07-14T00:00:00.000+0000'],['single-stage'],['31094502'],['PPPA Project Grants'],2026-09-20 09:08:50.362431+00:00
2.155,187388PROSPECTSEN,https://ec.europa.eu/info/funding-tenders/opportunities/portal/screen/opportunities/topic-details/187388PROSPECTSEN,text/plain,en,SEDIA,SEDIA,Support to the Food Safety and Quality Authority (FSQA) in Strengthening SPS Systems and Food Safety Control in the Horticulture Sector in The Gambia,0.0,Support to the Food Safety and Quality Authority (FSQA) in Strengthening SPS Systems and Food Safety Control in the Horticulture Sector in The Gambia,False,[],[],Support to the Food Safety and Quality Authority (FSQA) in Strengthening SPS Systems and Food Safety Control in the Horticulture Sector in The Gambia. Available at: https://ec.europa.eu/info/funding-tenders/opportunities/portal/screen/opportunities/topic-details/187388PROSPECTSEN,['EuropeAid/187388/DD/ACT/GM'],['text/plain'],['true'],['2026-07-08T12:00:45.000+0000'],['2026-10-01T15:00:00.000+0000'],,['en'],['Support to the Food Safety and Quality Authority (FSQA) in Strengthening SPS Systems and Food Safety Control in the Horticulture Sector in The Gambia'],['2'],['https://ec.europa.eu/info/funding-tenders/opportunities/portal/screen/opportunities/topic-details/187388PROSPECTSEN'],['https://ec.europa.eu/info/funding-tenders/opportunities/portal/screen/opportunities/topic-details/187388PROSPECTSEN'],,['SEDIA'],['187388PROSPECTSEN'],,['111111'],['2026-07-08T12:00:45.000+0000'],,['31094502'],,2026-09-20 09:08:50.362431+00:00
2.155,14943COMPETITIVE_CALLen,https://ec.europa.eu/info/funding-tenders/opportunities/portal/screen/opportunities/competitive-calls-cs/43849514,text/plain,en,SEDIA,SEDIA,Open Call 4bis for the selection of EEN organisations delivering Investment Readiness Services (IRS) and Follow-up Support – EEN2EIC,0.0,Open Call 4bis for the selection of EEN organisations delivering Investment Readiness Services (IRS) and Follow-up Support – EEN2EIC,False,[],[],Cooperation with EEN. Available at: https://ec.europa.eu/info/funding-tenders/opportunities/portal/screen/opportunities/competitive-calls-cs/43849514,['HORIZON-EIC-2021-EEN-01-01'],['text/plain'],['Open Call 4bis for the selection of EEN organisations delivering Investment Readiness Services (IRS) and Follow-up Support – EEN2EIC \n'],['2026-07-08T00:00:00.000+0000'],['2027-06-30T17:00:00.000+0000'],[],['en'],['Cooperation with EEN'],['8'],['https://ec.europa.eu/info/funding-tenders/opportunities/portal/screen/opportunities/competitive-calls-cs/43849514'],['https://ec.europa.eu/info/funding-tenders/opportunities/portal/screen/opportunities/competitive-calls-cs/43849514'],['14943'],['SEDIA'],['14943COMPETITIVE_CALLen'],['EEN2EIC'],['43108390'],['2026-07-08T00:00:00.000+0000'],['single-stage'],['31094502'],,2026-09-20 09:08:50.362431+00:00
2.155,14942COMPETITIVE_CALLen,https://ec.europa.eu/info/funding-tenders/opportunities/portal/screen/opportunities/competitive-calls-cs/45741299,text/plain,en,SEDIA,SEDIA,Open Call 2: Freshwater Ecosystems,0.0,Open Call 2: Freshwater Ecosystems,False,[],[],Danube river basin lighthouse – Demonstration of effective and sustainable management of sediments in the Danube river-Black sea system. Available at: https://ec.europa.eu/info/funding-tenders/opportunities/portal/screen/opportunities/competitive-calls-cs/45741299,['HORIZON-MISS-2023-OCEAN-01-02'],['text/plain'],['Open Call 2: Freshwater Ecosystems '],['2026-07-08T00:00:00.000+0000'],['2026-09-30T17:00:00.000+0000'],"['<p>The objective of each third-party replication project is to deploy, test, and engage developed sustainable sediment solutions within a new regional freshwater ecosystem type (lotic, lentic, transitional/coastal, or anthropogenic). Every selected project must execute a mandatory work plan divided into specific tasks over three programmatic phases: Project Definition (Months 1–2), Project Implementation (Months 3–6), and Project Evaluation (Months 7–9).</p><p>Core tasks across these phases include:</p><ol><li data-list=""bullet""><span class=""ql-ui"" contenteditable=""false""></span>Developing a localised baseline assessment, regional water basin characterisation, and local stakeholder mapping database.</li><li data-list=""bullet""><span class=""ql-ui"" contenteditable=""false""></span>Executing targeted regional monitoring activities from the designated catalogue, focusing on flow monitoring, sediment quantity monitoring, and/or rapid ecotoxicological sediment quality assessments.</li><li data-list=""bullet""><span class=""ql-ui"" contenteditable=""false""></span>Conducting active community stakeholder engagement, multi-actor feedback sessions, and environmental awareness campaigns to co-design future measure protocols.</li><li data-list=""bullet""><span class=""ql-ui"" contenteditable=""false""></span>Formulating a comprehensive Regional Strategic Action Plan and Implementation Roadmap with indicative budgets and local timelines to upscale and replicate sustainable practices across other EU basins.</li></ol><p><strong>Technical Mentoring Support</strong></p><p>Throughout the entire nine-month duration, selected associated regions will receive dedicated, direct technical support from assigned technical partners and project mentors. This provision includes up to eight (8) hours of individual technical mentoring per month per funded project. Mentors will work closely with your local team from the onboarding phase to co-define your project specifications, establish your individual budget and indicators, monitor your practical pilot implementation progress, and facilitate cross-border data harmonisation with the wider consortium network.</p><p><br></p>']",['en'],['Danube river basin lighthouse – Demonstration of effective and sustainable management of sediments in the Danube river-Black sea system'],['8'],['https://ec.europa.eu/info/funding-tenders/opportunities/portal/screen/opportunities/competitive-calls-cs/45741299'],['https://ec.europa.eu/info/funding-tenders/opportunities/portal/screen/opportunities/competitive-calls-cs/45741299'],['14942'],['SEDIA'],['14942COMPETITIVE_CALLen'],['SUNDANSE'],['43108390'],['2026-07-08T00:00:00.000+0000'],['single-stage'],['31094502'],,2026-09-20 09:08:50.362431+00:00
2.155,14962COMPETITIVE_CALLen,https://ec.europa.eu/info/funding-tenders/opportunities/portal/screen/opportunities/competitive-calls-cs/45114064,text/plain,en,SEDIA,SEDIA,UPC-AI4CI 1st Scholarship Call,0.0,UPC-AI4CI 1st Scholarship Call,False,[],[],Specialised education programmes or modules in key capacity areas. Available at: https://ec.europa.eu/info/funding-tenders/opportunities/portal/screen/opportunities/competitive-calls-cs/45114064,['DIGITAL-2022-SKILLS-03-SPECIALISED-EDU'],['text/plain'],['UPC-AI4CI 1st Scholarship Call'],['2026-07-08T00:00:00.000+0000'],"['2026-09-29T17:00:00.000+0000', '2027-02-05T17:00:00.000+0000', '2027-07-05T17:00:00.000+0000']",[],['en'],['Specialised education programmes or modules in key capacity areas'],['8'],['https://ec.europa.eu/info/funding-tenders/opportunities/portal/screen/opportunities/competitive-calls-cs/45114064'],['https://ec.europa.eu/info/funding-tenders/opportunities/portal/screen/opportunities/competitive-calls-cs/45114064'],['14962'],['SEDIA'],['14962COMPETITIVE_CALLen'],['AI4CI'],['43152860'],['2026-07-08T00:00:00.000+0000'],['multiple cut-off'],['31094502'],,2026-09-20 09:08:50.362431+00:00
2.155,51179568TOPICSen,https://ec.europa.eu/info/funding-tenders/opportunities/portal/screen/opportunities/topic-details/CERV-2026-DAPHNE-PROTECTION,text/plain,en,SEDIA,SEDIA,Protecting and supporting victims and survivors of gender-based violence.,0.0,Protecting and supporting victims and survivors of gender-based violence.,False,[],[],Protecting and supporting victims and survivors of gender-based violence.. Available at: https://ec.europa.eu/info/funding-tenders/opportunities/portal/screen/opportunities/topic-details/CERV-2026-DAPHNE-PROTECTION,['CERV-2026-DAPHNE-PROTECTION'],['text/plain'],,['2026-07-07T00:00:00.000+0000'],['2026-11-05T00:00:00.000+0000'],,['en'],['Protecting and supporting victims and survivors of gender-based violence.'],['1'],['https://ec.europa.eu/info/funding-tenders/opportunities/portal/screen/opportunities/topic-details/CERV-2026-DAPHNE-PROTECTION'],['https://ec.europa.eu/info/funding-tenders/opportunities/portal/screen/opportunities/topic-details/CERV-2026-DAPHNE-PROTECTION'],['51179595'],['SEDIA'],['51179568TOPICSen'],,['43251589'],['2026-07-07T00:00:00.000+0000'],['single-stage'],['31094502'],['CERV Lump Sum Grants'],2026-09-20 09:08:50.362431+00:00
2.155,51179574TOPICSen,https://ec.europa.eu/info/funding-tenders/opportunities/portal/screen/opportunities/topic-details/CERV-2026-DAPHNE-CONVENTION-DIR,text/plain,en,SEDIA,SEDIA,Supporting the achievement of the objectives of the Council of Europe Convention on preventing and combating violence against women (VAW) and domestic violence in the Union and the implementation of the Directive on combating VAW and domestic violence,0.0,Supporting the achievement of the objectives of the Council of Europe Convention on preventing and combating violence against women (VAW) and domestic violence in the Union and the implementation of the Directive on combating VAW and domestic violence,False,[],[],Supporting the achievement of the objectives of the Council of Europe Convention on preventing and combating violence against women (VAW) and domestic violence in the Union and the implementation of the Directive on combating VAW and domestic violence. Available at: https://ec.europa.eu/info/funding-tenders/opportunities/portal/screen/opportunities/topic-details/CERV-2026-DAPHNE-CONVENTION-DIR,['CERV-2026-DAPHNE-CONVENTION-DIR'],['text/plain'],,['2026-07-07T00:00:00.000+0000'],['2026-11-05T00:00:00.000+0000'],,['en'],['Supporting the achievement of the objectives of the Council of Europe Convention on preventing and combating violence against women (VAW) and domestic violence in the Union and the implementation of the Directive on combating VAW and domestic violence'],['1'],['https://ec.europa.eu/info/funding-tenders/opportunities/portal/screen/opportunities/topic-details/CERV-2026-DAPHNE-CONVENTION-DIR'],['https://ec.europa.eu/info/funding-tenders/opportunities/portal/screen/opportunities/topic-details/CERV-2026-DAPHNE-CONVENTION-DIR'],['51179595'],['SEDIA'],['51179574TOPICSen'],,['43251589'],['2026-07-07T00:00:00.000+0000'],['single-stage'],['31094502'],['CERV Lump Sum Grants'],2026-09-20 09:08:50.362431+00:00
2.155,51179580TOPICSen,https://ec.europa.eu/info/funding-tenders/opportunities/portal/screen/opportunities/topic-details/CERV-2026-DAPHNE-PREVENTION,text/plain,en,SEDIA,SEDIA,Preventing gender-based violence,0.0,Preventing gender-based violence,False,[],[],Preventing gender-based violence. Available at: https://ec.europa.eu/info/funding-tenders/opportunities/portal/screen/opportunities/topic-details/CERV-2026-DAPHNE-PREVENTION,['CERV-2026-DAPHNE-PREVENTION'],['text/plain'],,['2026-07-07T00:00:00.000+0000'],['2026-11-05T00:00:00.000+0000'],,['en'],['Preventing gender-based violence'],['1'],['https://ec.europa.eu/info/funding-tenders/opportunities/portal/screen/opportunities/topic-details/CERV-2026-DAPHNE-PREVENTION'],['https://ec.europa.eu/info/funding-tenders/opportunities/portal/screen/opportunities/topic-details/CERV-2026-DAPHNE-PREVENTION'],['51179595'],['SEDIA'],['51179580TOPICSen'],,['43251589'],['2026-07-07T00:00:00.000+0000'],['single-stage'],['31094502'],['CERV Lump Sum Grants'],2026-09-20 09:08:50.362431+00:00
2.155,51179562TOPICSen,https://ec.europa.eu/info/funding-tenders/opportunities/portal/screen/opportunities/topic-details/CERV-2026-DAPHNE-CHILDREN,text/plain,en,SEDIA,SEDIA,"Strengthen integrated child protection systems (CPS) incl. via cross-sectoral collaboration, and ensure child-centred, coordinated responses to violence against children, to contribute to the implementation of Commission Recommendation on integrated CPS",0.0,"Strengthen integrated child protection systems (CPS) incl. via cross-sectoral collaboration, and ensure child-centred, coordinated responses to violence against children, to contribute to the implementation of Commission Recommendation on integrated CPS",False,[],[],"Strengthen integrated child protection systems (CPS) incl. via cross-sectoral collaboration, and ensure child-centred, coordinated responses to violence against children, to contribute to the implementation of Commission Recommendation on integrated CPS. Available at: https://ec.europa.eu/info/funding-tenders/opportunities/portal/screen/opportunities/topic-details/CERV-2026-DAPHNE-CHILDREN",['CERV-2026-DAPHNE-CHILDREN'],['text/plain'],,['2026-07-07T00:00:00.000+0000'],['2026-11-05T00:00:00.000+0000'],,['en'],"['Strengthen integrated child protection systems (CPS) incl. via cross-sectoral collaboration, and ensure child-centred, coordinated responses to violence against children, to contribute to the implementation of Commission Recommendation on integrated CPS']",['1'],['https://ec.europa.eu/info/funding-tenders/opportunities/portal/screen/opportunities/topic-details/CERV-2026-DAPHNE-CHILDREN'],['https://ec.europa.eu/info/funding-tenders/opportunities/portal/screen/opportunities/topic-details/CERV-2026-DAPHNE-CHILDREN'],['51179595'],['SEDIA'],['51179562TOPICSen'],,['43251589'],['2026-07-07T00:00:00.000+0000'],['single-stage'],['31094502'],['CERV Lump Sum Grants'],2026-09-20 09:08:50.362431+00:00
2.155,51179586TOPICSen,https://ec.europa.eu/info/funding-tenders/opportunities/portal/screen/opportunities/topic-details/CERV-2026-DAPHNE-REGRANTING,text/plain,en,SEDIA,SEDIA,Supporting intermediary organisations (providing financial support to civil society  organisations) working in the fields of gender-based violence and violence against children,0.0,Supporting intermediary organisations (providing financial support to civil society  organisations) working in the fields of gender-based violence and violence against children,False,[],[],Supporting intermediary organisations (providing financial support to civil society  organisations) working in the fields of gender-based violence and violence against children. Available at: https://ec.europa.eu/info/funding-tenders/opportunities/portal/screen/opportunities/topic-details/CERV-2026-DAPHNE-REGRANTING,['CERV-2026-DAPHNE-REGRANTING'],['text/plain'],,['2026-07-07T00:00:00.000+0000'],['2026-11-05T00:00:00.000+0000'],,['en'],['Supporting intermediary organisations (providing financial support to civil society  organisations) working in the fields of gender-based violence and violence against children'],['1'],['https://ec.europa.eu/info/funding-tenders/opportunities/portal/screen/opportunities/topic-details/CERV-2026-DAPHNE-REGRANTING'],['https://ec.europa.eu/info/funding-tenders/opportunities/portal/screen/opportunities/topic-details/CERV-2026-DAPHNE-REGRANTING'],['51179595'],['SEDIA'],['51179586TOPICSen'],,['43251589'],['2026-07-07T00:00:00.000+0000'],['single-stage'],['31094502'],['CERV Lump Sum Grants'],2026-09-20 09:08:50.362431+00:00
2.155,51665660TOPICSen,https://ec.europa.eu/info/funding-tenders/opportunities/portal/screen/opportunities/topic-details/DIGITAL-JU-CHIPS-2026-AI1-SG,text/plain,en,SEDIA,SEDIA,AI chip demonstrators for EU compute infrastructure,0.0,AI chip demonstrators for EU compute infrastructure,False,[],[],AI chip demonstrators for EU compute infrastructure. Available at: https://ec.europa.eu/info/funding-tenders/opportunities/portal/screen/opportunities/topic-details/DIGITAL-JU-CHIPS-2026-AI1-SG,['DIGITAL-JU-CHIPS-2026-AI1-SG'],['text/plain'],,['2026-07-07T00:00:00.000+0000'],['2026-10-27T00:00:00.000+0000'],,['en'],['AI chip demonstrators for EU compute infrastructure'],['1'],['https://ec.europa.eu/info/funding-tenders/opportunities/portal/screen/opportunities/topic-details/DIGITAL-JU-CHIPS-2026-AI1-SG'],['https://ec.europa.eu/info/funding-tenders/opportunities/portal/screen/opportunities/topic-details/DIGITAL-JU-CHIPS-2026-AI1-SG'],['51665671'],['SEDIA'],['51665660TOPICSen'],,['43152860'],['2026-07-07T00:00:00.000+0000'],['single-stage'],['31094502'],['DIGITAL JU Simple Grants'],2026-09-20 09:08:50.362431+00:00
2.155,51665634TOPICSen,https://ec.europa.eu/info/funding-tenders/opportunities/portal/screen/opportunities/topic-details/DIGITAL-JU-CHIPS-2026-AI-GFP,text/plain,en,SEDIA,SEDIA,AI compute evaluation and deployment platform for EU infrastructure,0.0,AI compute evaluation and deployment platform for EU infrastructure,False,[],[],AI compute evaluation and deployment platform for EU infrastructure. Available at: https://ec.europa.eu/info/funding-tenders/opportunities/portal/screen/opportunities/topic-details/DIGITAL-JU-CHIPS-2026-AI-GFP,['DIGITAL-JU-CHIPS-2026-AI-GFP'],['text/plain'],,['2026-07-07T00:00:00.000+0000'],['2026-10-27T00:00:00.000+0000'],,['en'],['AI compute evaluation and deployment platform for EU infrastructure'],['1'],['https://ec.europa.eu/info/funding-tenders/opportunities/portal/screen/opportunities/topic-details/DIGITAL-JU-CHIPS-2026-AI-GFP'],['https://ec.europa.eu/info/funding-tenders/opportunities/portal/screen/opportunities/topic-details/DIGITAL-JU-CHIPS-2026-AI-GFP'],['51665721'],['SEDIA'],['51665634TOPICSen'],,['43152860'],['2026-07-07T00:00:00.000+0000'],['single-stage'],['31094502'],['DIGITAL JU Grants for Procurement'],2026-09-20 09:08:50.362431+00:00
2.155,51527949TOPICSen,https://ec.europa.eu/info/funding-tenders/opportunities/portal/screen/opportunities/topic-details/DIGITAL-JU-CHIPS-2026-SKILLS-HOE-SG,text/plain,en,SEDIA,SEDIA,Skills Hubs of Excellence ,0.0,Skills Hubs of Excellence ,False,[],[],Skills Hubs of Excellence . Available at: https://ec.europa.eu/info/funding-tenders/opportunities/portal/screen/opportunities/topic-details/DIGITAL-JU-CHIPS-2026-SKILLS-HOE-SG,['DIGITAL-JU-CHIPS-2026-SKILLS-HOE-SG'],['text/plain'],,['2026-07-07T00:00:00.000+0000'],['2026-09-24T00:00:00.000+0000'],,['en'],['Skills Hubs of Excellence\xa0'],['1'],['https://ec.europa.eu/info/funding-tenders/opportunities/portal/screen/opportunities/topic-details/DIGITAL-JU-CHIPS-2026-SKILLS-HOE-SG'],['https://ec.europa.eu/info/funding-tenders/opportunities/portal/screen/opportunities/topic-details/DIGITAL-JU-CHIPS-2026-SKILLS-HOE-SG'],['51550227'],['SEDIA'],['51527949TOPICSen'],,['43152860'],['2026-07-07T00:00:00.000+0000'],['single-stage'],['31094502'],['DIGITAL JU Simple Grants'],2026-09-20 09:08:50.362431+00:00
2.155,51665641TOPICSen,https://ec.europa.eu/info/funding-tenders/opportunities/portal/screen/opportunities/topic-details/HORIZON-JU-CHIPS-2026-IMAF-CSA,text/plain,en,SEDIA,SEDIA,Impact Monitoring and Assessment Framework for the Chips JU,0.0,Impact Monitoring and Assessment Framework for the Chips JU,False,[],[],Impact Monitoring and Assessment Framework for the Chips JU. Available at: https://ec.europa.eu/info/funding-tenders/opportunities/portal/screen/opportunities/topic-details/HORIZON-JU-CHIPS-2026-IMAF-CSA,['HORIZON-JU-CHIPS-2026-IMAF-CSA'],['text/plain'],,['2026-07-07T00:00:00.000+0000'],['2026-09-30T00:00:00.000+0000'],,['en'],['Impact Monitoring and Assessment Framework for the Chips JU'],['1'],['https://ec.europa.eu/info/funding-tenders/opportunities/portal/screen/opportunities/topic-details/HORIZON-JU-CHIPS-2026-IMAF-CSA'],['https://ec.europa.eu/info/funding-tenders/opportunities/portal/screen/opportunities/topic-details/HORIZON-JU-CHIPS-2026-IMAF-CSA'],['51665652'],['SEDIA'],['51665641TOPICSen'],,['43108390'],['2026-07-07T00:00:00.000+0000'],['single-stage'],['31094502'],['HORIZON JU Coordination and Support Actions'],2026-09-20 09:08:50.362431+00:00
2.155,51527965TOPICSen,https://ec.europa.eu/info/funding-tenders/opportunities/portal/screen/opportunities/topic-details/DIGITAL-JU-CHIPS-2026-SKILLS-SCD-CSA,text/plain,en,SEDIA,SEDIA,Stimulation of Chip Design,0.0,Stimulation of Chip Design,False,[],[],Stimulation of Chip Design . Available at: https://ec.europa.eu/info/funding-tenders/opportunities/portal/screen/opportunities/topic-details/DIGITAL-JU-CHIPS-2026-SKILLS-SCD-CSA,['DIGITAL-JU-CHIPS-2026-SKILLS-SCD-CSA'],['text/plain'],,['2026-07-07T00:00:00.000+0000'],['2026-09-24T00:00:00.000+0000'],,['en'],['Stimulation of Chip Design\xa0'],['1'],['https://ec.europa.eu/info/funding-tenders/opportunities/portal/screen/opportunities/topic-details/DIGITAL-JU-CHIPS-2026-SKILLS-SCD-CSA'],['https://ec.europa.eu/info/funding-tenders/opportunities/portal/screen/opportunities/topic-details/DIGITAL-JU-CHIPS-2026-SKILLS-SCD-CSA'],['51550245'],['SEDIA'],['51527965TOPICSen'],,['43152860'],['2026-07-07T00:00:00.000+0000'],['single-stage'],['31094502'],['DIGITAL JU Coordination and Support Actions'],2026-09-20 09:08:50.362431+00:00
2.155,51660589TOPICSen,https://ec.europa.eu/info/funding-tenders/opportunities/portal/screen/opportunities/topic-details/HORIZON-JU-CHIPS-2026-SDV-CSA,text/plain,en,SEDIA,SEDIA,Coordination of the European software-defined vehicle platform,0.0,Coordination of the European software-defined vehicle platform,False,[],[],Coordination of the European software-defined vehicle platform. Available at: https://ec.europa.eu/info/funding-tenders/opportunities/portal/screen/opportunities/topic-details/HORIZON-JU-CHIPS-2026-SDV-CSA,['HORIZON-JU-CHIPS-2026-SDV-CSA'],['text/plain'],,['2026-07-07T00:00:00.000+0000'],['2026-09-22T00:00:00.000+0000'],,['en'],['Coordination of the European software-defined vehicle platform'],['1'],['https://ec.europa.eu/info/funding-tenders/opportunities/portal/screen/opportunities/topic-details/HORIZON-JU-CHIPS-2026-SDV-CSA'],['https://ec.europa.eu/info/funding-tenders/opportunities/portal/screen/opportunities/topic-details/HORIZON-JU-CHIPS-2026-SDV-CSA'],['51660600'],['SEDIA'],['51660589TOPICSen'],,['43108390'],['2026-07-07T00:00:00.000+0000'],['single-stage'],['31094502'],['HORIZON JU Coordination and Support Actions'],2026-09-20 09:08:50.362431+00:00
2.155,51660494TOPICSen,https://ec.europa.eu/info/funding-tenders/opportunities/portal/screen/opportunities/topic-details/HORIZON-JU-CHIPS-2026-2-CSA,text/plain,en,SEDIA,SEDIA,Supply chain resilience CSA,0.0,Supply chain resilience CSA,False,[],[],Supply chain resilience CSA. Available at: https://ec.europa.eu/info/funding-tenders/opportunities/portal/screen/opportunities/topic-details/HORIZON-JU-CHIPS-2026-2-CSA,['HORIZON-JU-CHIPS-2026-2-CSA'],['text/plain'],,['2026-07-07T00:00:00.000+0000'],['2026-09-22T00:00:00.000+0000'],,['en'],['Supply chain resilience CSA'],['1'],['https://ec.europa.eu/info/funding-tenders/opportunities/portal/screen/opportunities/topic-details/HORIZON-JU-CHIPS-2026-2-CSA'],['https://ec.europa.eu/info/funding-tenders/opportunities/portal/screen/opportunities/topic-details/HORIZON-JU-CHIPS-2026-2-CSA'],['51660505'],['SEDIA'],['51660494TOPICSen'],,['43108390'],['2026-07-07T00:00:00.000+0000'],['single-stage'],['31094502'],['HORIZON JU Coordination and Support Actions'],2026-09-20 09:08:50.362431+00:00
2.155,51527957TOPICSen,https://ec.europa.eu/info/funding-tenders/opportunities/portal/screen/opportunities/topic-details/DIGITAL-JU-CHIPS-2026-SKILLS-PF-SG,text/plain,en,SEDIA,SEDIA,Pilot Federation,0.0,Pilot Federation,False,[],[],Pilot Federation . Available at: https://ec.europa.eu/info/funding-tenders/opportunities/portal/screen/opportunities/topic-details/DIGITAL-JU-CHIPS-2026-SKILLS-PF-SG,['DIGITAL-JU-CHIPS-2026-SKILLS-PF-SG'],['text/plain'],,['2026-07-07T00:00:00.000+0000'],['2026-09-24T00:00:00.000+0000'],,['en'],['Pilot Federation\xa0'],['1'],['https://ec.europa.eu/info/funding-tenders/opportunities/portal/screen/opportunities/topic-details/DIGITAL-JU-CHIPS-2026-SKILLS-PF-SG'],['https://ec.europa.eu/info/funding-tenders/opportunities/portal/screen/opportunities/topic-details/DIGITAL-JU-CHIPS-2026-SKILLS-PF-SG'],['51550236'],['SEDIA'],['51527957TOPICSen'],,['43152860'],['2026-07-07T00:00:00.000+0000'],['single-stage'],['31094502'],['DIGITAL JU Simple Grants'],2026-09-20 09:08:50.362431+00:00
2.155,51665394TOPICSen,https://ec.europa.eu/info/funding-tenders/opportunities/portal/screen/opportunities/topic-details/DIGITAL-JU-CHIPS-2026-SG-JAPAN,text/plain,en,SEDIA,SEDIA,International collaboration EU and Japan on semiconductors,0.0,International collaboration EU and Japan on semiconductors,False,[],[],International collaboration EU and Japan on semiconductors. Available at: https://ec.europa.eu/info/funding-tenders/opportunities/portal/screen/opportunities/topic-details/DIGITAL-JU-CHIPS-2026-SG-JAPAN,['DIGITAL-JU-CHIPS-2026-SG-JAPAN'],['text/plain'],,['2026-07-07T00:00:00.000+0000'],['2026-09-24T00:00:00.000+0000'],,['en'],['International collaboration EU and Japan on semiconductors'],['1'],['https://ec.europa.eu/info/funding-tenders/opportunities/portal/screen/opportunities/topic-details/DIGITAL-JU-CHIPS-2026-SG-JAPAN'],['https://ec.europa.eu/info/funding-tenders/opportunities/portal/screen/opportunities/topic-details/DIGITAL-JU-CHIPS-2026-SG-JAPAN'],['51665404'],['SEDIA'],['51665394TOPICSen'],,['43152860'],['2026-07-07T00:00:00.000+0000'],['single-stage'],['31094502'],['DIGITAL JU Simple Grants'],2026-09-20 09:08:50.362431+00:00
2.155,14921COMPETITIVE_CALLen,https://ec.europa.eu/info/funding-tenders/opportunities/portal/screen/opportunities/competitive-calls-cs/46830380,text/plain,en,SEDIA,SEDIA,IH MIE - Open Call,0.0,IH MIE - Open Call,False,[],[],Interregional Innovation Investments Strand 1. Available at: https://ec.europa.eu/info/funding-tenders/opportunities/portal/screen/opportunities/competitive-calls-cs/46830380,['I3-2024-INV1'],['text/plain'],['IH MIE - Open Call'],['2026-07-06T00:00:00.000+0000'],['2026-09-25T17:00:00.000+0000'],"[""<p>The IH-MIE Open Call is seeking innovative SME-led projects that address one or more of the programme's six strategic hydrogen mobility challenges: <strong>fuel cell cost and durability, refuelling infrastructure, supply chain and logistics, integration with other mobility solutions, on-board hydrogen storage, and hydrogen distribution</strong>. Selected projects should contribute to strengthening Europe's hydrogen mobility value chain while demonstrating a clear pathway from <strong>TRL 6 up to TRL 9</strong>. The call aims to support projects capable of overcoming key deployment barriers and accelerating the adoption of hydrogen-powered mobility across Europe.</p>""]",['en'],['Interregional Innovation Investments Strand 1'],['8'],['https://ec.europa.eu/info/funding-tenders/opportunities/portal/screen/opportunities/competitive-calls-cs/46830380'],['https://ec.europa.eu/info/funding-tenders/opportunities/portal/screen/opportunities/competitive-calls-cs/46830380'],['14921'],['SEDIA'],['14921COMPETITIVE_CALLen'],['IH-MIE'],['44416173'],['2026-07-06T00:00:00.000+0000'],['single-stage'],['31094502'],,2026-09-20 09:08:50.362431+00:00
2.155,14865COMPETITIVE_CALLen,https://ec.europa.eu/info/funding-tenders/opportunities/portal/screen/opportunities/competitive-calls-cs/48939761,text/plain,en,SEDIA,SEDIA,Techstars x EIT Urban Mobility Founder Catalyst programme,0.0,Techstars x EIT Urban Mobility Founder Catalyst programme,False,[],[],EITURBANMOBILITY Business Plan 2026. Available at: https://ec.europa.eu/info/funding-tenders/opportunities/portal/screen/opportunities/competitive-calls-cs/48939761,['HORIZON-EIT-2025-KIC-IBA-UM'],['text/plain'],['Techstars x EIT Urban Mobility Founder Catalyst programme'],['2026-07-02T00:00:00.000+0000'],"['2026-08-26T17:00:00.000+0000', '2027-08-25T17:00:00.000+0000', '2028-03-08T17:00:00.000+0000']",[],['en'],['EITURBANMOBILITY Business Plan 2026'],['8'],['https://ec.europa.eu/info/funding-tenders/opportunities/portal/screen/opportunities/competitive-calls-cs/48939761'],['https://ec.europa.eu/info/funding-tenders/opportunities/portal/screen/opportunities/competitive-calls-cs/48939761'],['14865'],['SEDIA'],['14865COMPETITIVE_CALLen'],['EITUM-BP26-28'],['43108390'],['2026-07-02T00:00:00.000+0000'],['multiple cut-off'],['31094502'],,2026-09-20 09:08:50.362431+00:00
2.155,51429967TOPICSen,https://ec.europa.eu/info/funding-tenders/opportunities/portal/screen/opportunities/topic-details/HORIZON-JU-IHI-2026-13-two-stage-01,text/plain,en,SEDIA,SEDIA,IHI European HealthCare Incubator Network,0.0,IHI European HealthCare Incubator Network,False,[],[],IHI European HealthCare Incubator Network. Available at: https://ec.europa.eu/info/funding-tenders/opportunities/portal/screen/opportunities/topic-details/HORIZON-JU-IHI-2026-13-two-stage-01,['HORIZON-JU-IHI-2026-13-two-stage-01'],['text/plain'],,['2026-07-02T00:00:00.000+0000'],"['2026-10-08T00:00:00.000+0000', '2027-04-21T00:00:00.000+0000']",,['en'],['IHI European HealthCare Incubator Network'],['1'],['https://ec.europa.eu/info/funding-tenders/opportunities/portal/screen/opportunities/topic-details/HORIZON-JU-IHI-2026-13-two-stage-01'],['https://ec.europa.eu/info/funding-tenders/opportunities/portal/screen/opportunities/topic-details/HORIZON-JU-IHI-2026-13-two-stage-01'],['51430023'],['SEDIA'],['51429967TOPICSen'],,['43108390'],['2026-07-02T00:00:00.000+0000'],['two-stage'],['31094502'],['HORIZON JU Research and Innovation Actions'],2026-09-20 09:08:50.362431+00:00
2.155,51429986TOPICSen,https://ec.europa.eu/info/funding-tenders/opportunities/portal/screen/opportunities/topic-details/HORIZON-JU-IHI-2026-13-two-stage-02,text/plain,en,SEDIA,SEDIA,An AI Foundation Toxicology Model and Framework to Support Waiving a Second Species in Drug Safety Studies,0.0,An AI Foundation Toxicology Model and Framework to Support Waiving a Second Species in Drug Safety Studies,False,[],[],An AI Foundation Toxicology Model and Framework to Support Waiving a Second Species in Drug Safety Studies. Available at: https://ec.europa.eu/info/funding-tenders/opportunities/portal/screen/opportunities/topic-details/HORIZON-JU-IHI-2026-13-two-stage-02,['HORIZON-JU-IHI-2026-13-two-stage-02'],['text/plain'],,['2026-07-02T00:00:00.000+0000'],"['2026-10-08T00:00:00.000+0000', '2027-04-21T00:00:00.000+0000']",,['en'],['An AI Foundation Toxicology Model and Framework to Support Waiving a Second Species in Drug Safety Studies'],['1'],['https://ec.europa.eu/info/funding-tenders/opportunities/portal/screen/opportunities/topic-details/HORIZON-JU-IHI-2026-13-two-stage-02'],['https://ec.europa.eu/info/funding-tenders/opportunities/portal/screen/opportunities/topic-details/HORIZON-JU-IHI-2026-13-two-stage-02'],['51430023'],['SEDIA'],['51429986TOPICSen'],,['43108390'],['2026-07-02T00:00:00.000+0000'],['two-stage'],['31094502'],['HORIZON JU Research and Innovation Actions'],2026-09-20 09:08:50.362431+00:00
2.155,51430003TOPICSen,https://ec.europa.eu/info/funding-tenders/opportunities/portal/screen/opportunities/topic-details/HORIZON-JU-IHI-2026-13-two-stage-03,text/plain,en,SEDIA,SEDIA,Decode the Immunoscience of age-related diseases,0.0,Decode the Immunoscience of age-related diseases,False,[],[],Decode the Immunoscience of age-related diseases. Available at: https://ec.europa.eu/info/funding-tenders/opportunities/portal/screen/opportunities/topic-details/HORIZON-JU-IHI-2026-13-two-stage-03,['HORIZON-JU-IHI-2026-13-two-stage-03'],['text/plain'],,['2026-07-02T00:00:00.000+0000'],"['2026-10-08T00:00:00.000+0000', '2027-04-21T00:00:00.000+0000']",,['en'],['Decode the Immunoscience of age-related diseases'],['1'],['https://ec.europa.eu/info/funding-tenders/opportunities/portal/screen/opportunities/topic-details/HORIZON-JU-IHI-2026-13-two-stage-03'],['https://ec.europa.eu/info/funding-tenders/opportunities/portal/screen/opportunities/topic-details/HORIZON-JU-IHI-2026-13-two-stage-03'],['51430023'],['SEDIA'],['51430003TOPICSen'],,['43108390'],['2026-07-02T00:00:00.000+0000'],['two-stage'],['31094502'],['HORIZON JU Research and Innovation Actions'],2026-09-20 09:08:50.362431+00:00
2.155,186165PROSPECTSEN,https://webgate.ec.europa.eu/prospect/external/publishedcalls.htm?callId=186165,text/plain,en,SEDIA,SEDIA,EU National Resource Center for Civil Society Organizations in Serbia,0.0,EU National Resource Center for Civil Society Organizations in Serbia,False,[],[],EU National Resource Center for Civil Society Organizations in Serbia. Available at: https://webgate.ec.europa.eu/prospect/external/publishedcalls.htm?callId=186165,['EuropeAid/186165/DD/ACT/RS'],['text/plain'],,['2026-07-01T15:00:10.000+0000'],['2026-10-05T14:00:45.000+0000'],,['en'],['EU National Resource Center for Civil Society Organizations in Serbia'],['2'],['https://webgate.ec.europa.eu/prospect/external/publishedcalls.htm?callId=186165'],['https://webgate.ec.europa.eu/prospect/external/publishedcalls.htm?callId=186165'],,['SEDIA'],['186165PROSPECTSEN'],,['111111'],['2026-07-01T15:00:10.000+0000'],,['31094502'],,2026-09-20 09:08:50.362431+00:00
2.155,14664COMPETITIVE_CALLen,https://ec.europa.eu/info/funding-tenders/opportunities/portal/screen/opportunities/competitive-calls-cs/45962345,text/plain,en,SEDIA,SEDIA,COPILOT Extra Call4Travel Vouchers - Open call 3 - Pitch Perfect 2,0.0,COPILOT Extra Call4Travel Vouchers - Open call 3 - Pitch Perfect 2,False,[],[],"EU-wide network of pilot plants and testing facilities, improving SMEs and start-ups' access to scale-up. Available at: https://ec.europa.eu/info/funding-tenders/opportunities/portal/screen/opportunities/competitive-calls-cs/45962345",['HORIZON-JU-CBE-2023-S-01'],['text/plain'],['COPILOT Extra Call4Travel Vouchers - Open call 3 - Pitch Perfect 2'],['2026-07-01T00:00:00.000+0000'],['2026-10-10T17:00:00.000+0000'],"['<p><strong>COPILOT expects the following mandatory tasks to be completed:</strong></p><p><strong>Mandatory action:</strong></p><ol><li data-list=""ordered""><span class=""ql-ui"" contenteditable=""false""></span>Attend and pitch at the event Pitch Perfect and Boost the European Bioeconomy\u202f2026 and participate in the feedback survey/evaluate the event</li><li data-list=""ordered""><span class=""ql-ui"" contenteditable=""false""></span>Follow the LinkedIn page Pilots4U powered by COPILOT and create one post about your pitch with the support of the COPILOT funding</li></ol><p><strong>Travel report:</strong></p><p>Provide travel report 10 working days after the event (Annex 5 to sub-grant agreement - Travel Report)</p><p><strong>Payment:</strong></p><p>After successful review of the travel report and within 5 working days (Annex 6 to sub-grant agreement - Payment Request)</p><p><strong>Project details</strong></p><p><strong>Project acronym</strong></p><p>COPILOT</p><p><strong>Full name of the EU funded project</strong></p><p>CO-creating the next generation platform of PILOT and demo infrastructures, unlocking faster innovation and EU bioeconomy growth</p><p><strong>Grant agreement number</strong></p><p>101157279</p><p><strong>Topic</strong></p><p>HORIZON-JU-CBE-2023-S-01 - EU-wide network of pilot plants and testing facilities, improving SMEs and start-ups\' access to scale-up</p><p><strong>Programme</strong></p><p>HORIZON</p>']",['en'],"[""EU-wide network of pilot plants and testing facilities, improving SMEs and start-ups' access to scale-up""]",['8'],['https://ec.europa.eu/info/funding-tenders/opportunities/portal/screen/opportunities/competitive-calls-cs/45962345'],['https://ec.europa.eu/info/funding-tenders/opportunities/portal/screen/opportunities/competitive-calls-cs/45962345'],['14664'],['SEDIA'],['14664COMPETITIVE_CALLen'],['COPILOT'],['43108390'],['2026-07-01T00:00:00.000+0000'],['single-stage'],['31094502'],,2026-09-20 09:08:50.362431+00:00
2.155,14661COMPETITIVE_CALLen,https://ec.europa.eu/info/funding-tenders/opportunities/portal/screen/opportunities/competitive-calls-cs/46945037,text/plain,en,SEDIA,SEDIA,Community Grant – Citizen Solutions to Sustainability Challenges,0.0,Community Grant – Citizen Solutions to Sustainability Challenges,False,[],[],Experimental local action for EU missions: knowledge institutions as focal points of transdisciplinary research and innovation activities with European outreach. Available at: https://ec.europa.eu/info/funding-tenders/opportunities/portal/screen/opportunities/competitive-calls-cs/46945037,['HORIZON-MISS-2024-CROSS-02-01'],['text/plain'],['Community Grant – Citizen Solutions to Sustainability Challenges'],['2026-07-01T00:00:00.000+0000'],['2026-09-30T06:00:00.000+0000'],"['<p>Community grants can be awarded for activities that support the objectives of the Urban Prosumers project and produce one or more of the following results:</p><ol><li data-list=""bullet""><span class=""ql-ui"" contenteditable=""false""></span>Practices, services or models related to sustainable mobility, energy and/or food that benefit people or communities in Tampere</li><li data-list=""bullet""><span class=""ql-ui"" contenteditable=""false""></span>Technological innovations that enable people to both produce and use sustainable solutions</li><li data-list=""bullet""><span class=""ql-ui"" contenteditable=""false""></span>New funding models for communities’ climate actions</li><li data-list=""bullet""><span class=""ql-ui"" contenteditable=""false""></span>New operating models for residents’ participation in the production and use of sustainable solutions</li><li data-list=""bullet""><span class=""ql-ui"" contenteditable=""false""></span>New information on what prevents or enables people’s participation in the production and use of sustainable solutions</li><li data-list=""bullet""><span class=""ql-ui"" contenteditable=""false""></span>New forms of cooperation for climate actions between residents and local actors</li><li data-list=""bullet""><span class=""ql-ui"" contenteditable=""false""></span>Business opportunities and ideas for the Tampere region related to sustainable mobility, energy or food</li></ol><p><br></p><p>The sustainability solutions to be funded can be implemented in different forms, such as new services that support sustainable mobility, energy and/or the food economy, digital applications, civic education models and training materials, and the development of forms of cooperation between residents and the City of Tampere.</p><p><br></p><p>Please note that the solutions and experiments implemented during the funded community projects must take place in Tampere or focus on Tampere. The aim is that community projects benefit a wider group of people than the applicant’s own community.</p>']",['en'],['Experimental local action for EU missions: knowledge institutions as focal points of transdisciplinary research and innovation activities with European outreach'],['8'],['https://ec.europa.eu/info/funding-tenders/opportunities/portal/screen/opportunities/competitive-calls-cs/46945037'],['https://ec.europa.eu/info/funding-tenders/opportunities/portal/screen/opportunities/competitive-calls-cs/46945037'],['14661'],['SEDIA'],['14661COMPETITIVE_CALLen'],['URBAN PROSUMERS'],['43108390'],['2026-07-01T00:00:00.000+0000'],['single-stage'],['31094502'],,2026-09-20 09:08:50.362431+00:00
2.155,14841COMPETITIVE_CALLen,https://ec.europa.eu/info/funding-tenders/opportunities/portal/screen/opportunities/competitive-calls-cs/49197485,text/plain,en,SEDIA,SEDIA,Co-Creation Accelerator 2026-2027,0.0,Co-Creation Accelerator 2026-2027,False,[],[],2026-2027 MOC Activities. Available at: https://ec.europa.eu/info/funding-tenders/opportunities/portal/screen/opportunities/competitive-calls-cs/49197485,['HORIZON-EIT-2025-MOC-IBA'],['text/plain'],['Co-Creation Accelerator 2026-2027'],['2026-07-01T00:00:00.000+0000'],"['2026-09-08T17:00:00.000+0000', '2027-04-30T17:00:00.000+0000']",[],['en'],['2026-2027 MOC Activities'],['8'],['https://ec.europa.eu/info/funding-tenders/opportunities/portal/screen/opportunities/competitive-calls-cs/49197485'],['https://ec.europa.eu/info/funding-tenders/opportunities/portal/screen/opportunities/competitive-calls-cs/49197485'],['14841'],['SEDIA'],['14841COMPETITIVE_CALLen'],['EIT Digital 2026-27'],['43108390'],['2026-07-01T00:00:00.000+0000'],['multiple cut-off'],['31094502'],,2026-09-20 09:08:50.362431+00:00
2.155,51572985TOPICSen,https://ec.europa.eu/info/funding-tenders/opportunities/portal/screen/opportunities/topic-details/HORIZON-EIC-2026-DEFENCE-01,text/plain,en,SEDIA,SEDIA,EIC defence call,0.0,EIC defence call,False,[],[],EIC defence call. Available at: https://ec.europa.eu/info/funding-tenders/opportunities/portal/screen/opportunities/topic-details/HORIZON-EIC-2026-DEFENCE-01,['HORIZON-EIC-2026-DEFENCE-01'],['text/plain'],,['2026-06-30T00:00:00.000+0000'],['2026-10-28T00:00:00.000+0000'],,['en'],['EIC defence call'],['1'],['https://ec.europa.eu/info/funding-tenders/opportunities/portal/screen/opportunities/topic-details/HORIZON-EIC-2026-DEFENCE-01'],['https://ec.europa.eu/info/funding-tenders/opportunities/portal/screen/opportunities/topic-details/HORIZON-EIC-2026-DEFENCE-01'],['51572992'],['SEDIA'],['51572985TOPICSen'],,['43108390'],['2026-06-30T00:00:00.000+0000'],['single-stage'],['31094502'],['HORIZON EIC Equity Only'],2026-09-20 09:08:50.362431+00:00
2.155,14828COMPETITIVE_CALLen,https://ec.europa.eu/info/funding-tenders/opportunities/portal/screen/opportunities/competitive-calls-cs/47365875,text/plain,en,SEDIA,SEDIA,Cultural Horizons: Residencies,0.0,Cultural Horizons: Residencies,False,[],[],Fostering Ukrainians’ access to culture and cultural heritage. Available at: https://ec.europa.eu/info/funding-tenders/opportunities/portal/screen/opportunities/competitive-calls-cs/47365875,['CREA-CULT-2025-COOP-UA-2'],['text/plain'],['Cultural Horizons: Residencies'],['2026-06-30T00:00:00.000+0000'],['2026-09-30T18:00:00.000+0000'],[],['en'],['Fostering Ukrainians’ access to culture and cultural heritage'],['8'],['https://ec.europa.eu/info/funding-tenders/opportunities/portal/screen/opportunities/competitive-calls-cs/47365875'],['https://ec.europa.eu/info/funding-tenders/opportunities/portal/screen/opportunities/competitive-calls-cs/47365875'],['14828'],['SEDIA'],['14828COMPETITIVE_CALLen'],['Cultural Horizons'],['43251814'],['2026-06-30T00:00:00.000+0000'],['single-stage'],['31094502'],,2026-09-20 09:08:50.362431+00:00
2.155,14801COMPETITIVE_CALLen,https://ec.europa.eu/info/funding-tenders/opportunities/portal/screen/opportunities/competitive-calls-cs/47108154,text/plain,en,SEDIA,SEDIA,Dual-Use Drones Innovative Programme,0.0,Dual-Use Drones Innovative Programme,False,[],[],Joint Cluster Initiatives (EUROCLUSTERS) for Europe’s recovery. Available at: https://ec.europa.eu/info/funding-tenders/opportunities/portal/screen/opportunities/competitive-calls-cs/47108154,['SMP-COSME-2024-CLUSTER-01'],['text/plain'],['Dual-Use Drones Innovative Programme'],['2026-06-30T00:00:00.000+0000'],['2026-09-30T17:00:00.000+0000'],[],['en'],['Joint Cluster Initiatives (EUROCLUSTERS) for Europe’s recovery'],['8'],['https://ec.europa.eu/info/funding-tenders/opportunities/portal/screen/opportunities/competitive-calls-cs/47108154'],['https://ec.europa.eu/info/funding-tenders/opportunities/portal/screen/opportunities/competitive-calls-cs/47108154'],['14801'],['SEDIA'],['14801COMPETITIVE_CALLen'],['ECDI'],['43252476'],['2026-06-30T00:00:00.000+0000'],['single-stage'],['31094502'],,2026-09-20 09:08:50.362431+00:00
2.155,187193PROSPECTSEN,https://webgate.ec.europa.eu/prospect/external/publishedcalls.htm?callId=187193,text/plain,en,SEDIA,SEDIA,Call for proposal - open - Human Rights & Democracy programme country allocation Mongolia 2025,0.0,Call for proposal - open - Human Rights & Democracy programme country allocation Mongolia 2025,False,[],[],Call for proposal - open - Human Rights & Democracy programme country allocation Mongolia 2025. Available at: https://webgate.ec.europa.eu/prospect/external/publishedcalls.htm?callId=187193,['EuropeAid/187193/DD/ACT/MN'],['text/plain'],,['2026-06-29T10:00:34.000+0000'],['2026-09-30T21:00:34.000+0000'],,['en'],['Call for proposal - open - Human Rights & Democracy programme country allocation Mongolia 2025'],['2'],['https://webgate.ec.europa.eu/prospect/external/publishedcalls.htm?callId=187193'],['https://webgate.ec.europa.eu/prospect/external/publishedcalls.htm?callId=187193'],,['SEDIA'],['187193PROSPECTSEN'],,['111111'],['2026-06-29T10:00:34.000+0000'],,['31094502'],,2026-09-20 09:08:50.362431+00:00
2.155,51430044TOPICSen,https://ec.europa.eu/info/funding-tenders/opportunities/portal/screen/opportunities/topic-details/JUST-2027-JACC-EJUSTICE-DIGITAL,text/plain,en,SEDIA,SEDIA,"Call for proposals for action grants to support transnational projects in the fields of e-Justice, victims’ rights and procedural rights",0.0,"Call for proposals for action grants to support transnational projects in the fields of e-Justice, victims’ rights and procedural rights",False,[],[],"Call for proposals for action grants to support transnational projects in the fields of e-Justice, victims’ rights and procedural rights. Available at: https://ec.europa.eu/info/funding-tenders/opportunities/portal/screen/opportunities/topic-details/JUST-2027-JACC-EJUSTICE-DIGITAL",['JUST-2027-JACC-EJUSTICE-DIGITAL'],['text/plain'],,['2026-06-25T00:00:00.000+0000'],['2026-10-15T00:00:00.000+0000'],,['en'],"['Call for proposals for action grants to support transnational projects in the fields of e-Justice, victims’ rights and procedural rights']",['1'],['https://ec.europa.eu/info/funding-tenders/opportunities/portal/screen/opportunities/topic-details/JUST-2027-JACC-EJUSTICE-DIGITAL'],['https://ec.europa.eu/info/funding-tenders/opportunities/portal/screen/opportunities/topic-details/JUST-2027-JACC-EJUSTICE-DIGITAL'],['51432501'],['SEDIA'],['51430044TOPICSen'],,['43252386'],['2026-06-25T00:00:00.000+0000'],['single-stage'],['31094502'],['JUST Lump Sum Grants'],2026-09-20 09:08:50.362431+00:00
2.155,51430050TOPICSen,https://ec.europa.eu/info/funding-tenders/opportunities/portal/screen/opportunities/topic-details/JUST-2027-JACC-EJUSTICE-RIGHTS,text/plain,en,SEDIA,SEDIA,"Call for proposals for action grants to support transnational projects in the fields of e-Justice, victims’ rights and procedural rights",0.0,"Call for proposals for action grants to support transnational projects in the fields of e-Justice, victims’ rights and procedural rights",False,[],[],"Call for proposals for action grants to support transnational projects in the fields of e-Justice, victims’ rights and procedural rights. Available at: https://ec.europa.eu/info/funding-tenders/opportunities/portal/screen/opportunities/topic-details/JUST-2027-JACC-EJUSTICE-RIGHTS",['JUST-2027-JACC-EJUSTICE-RIGHTS'],['text/plain'],,['2026-06-25T00:00:00.000+0000'],['2026-10-15T00:00:00.000+0000'],,['en'],"['Call for proposals for action grants to support transnational projects in the fields of e-Justice, victims’ rights and procedural rights']",['1'],['https://ec.europa.eu/info/funding-tenders/opportunities/portal/screen/opportunities/topic-details/JUST-2027-JACC-EJUSTICE-RIGHTS'],['https://ec.europa.eu/info/funding-tenders/opportunities/portal/screen/opportunities/topic-details/JUST-2027-JACC-EJUSTICE-RIGHTS'],['51432501'],['SEDIA'],['51430050TOPICSen'],,['43252386'],['2026-06-25T00:00:00.000+0000'],['single-stage'],['31094502'],['JUST Lump Sum Grants'],2026-09-20 09:08:50.362431+00:00
2.155,51527651TOPICSen,https://ec.europa.eu/info/funding-tenders/opportunities/portal/screen/opportunities/topic-details/EUBA-EUAA-2026-ASYLUMCASELAW,text/plain,en,SEDIA,SEDIA,Research and analysis of jurisprudence on international protection and registration in the EUAA Case Law Database (Asylum case law collection),0.0,Research and analysis of jurisprudence on international protection and registration in the EUAA Case Law Database (Asylum case law collection),False,[],[],Research and analysis of jurisprudence on international protection and registration in the EUAA Case Law Database (Asylum case law collection). Available at: https://ec.europa.eu/info/funding-tenders/opportunities/portal/screen/opportunities/topic-details/EUBA-EUAA-2026-ASYLUMCASELAW,['EUBA-EUAA-2026-ASYLUMCASELAW'],['text/plain'],,['2026-06-25T00:00:00.000+0000'],['2026-09-30T00:00:00.000+0000'],,['en'],['Research and analysis of jurisprudence on international protection and registration in the EUAA Case Law Database (Asylum case law collection)'],['1'],['https://ec.europa.eu/info/funding-tenders/opportunities/portal/screen/opportunities/topic-details/EUBA-EUAA-2026-ASYLUMCASELAW'],['https://ec.europa.eu/info/funding-tenders/opportunities/portal/screen/opportunities/topic-details/EUBA-EUAA-2026-ASYLUMCASELAW'],['51527663'],['SEDIA'],['51527651TOPICSen'],,['45532249'],['2026-06-25T00:00:00.000+0000'],['single-stage'],['31094502'],['EUBA Type of Action'],2026-09-20 09:08:50.362431+00:00
2.155,51426227TOPICSen,https://ec.europa.eu/info/funding-tenders/opportunities/portal/screen/opportunities/topic-details/CEF-DIG-2026-CABLE-REPAIR-CAPACITIES-WORKS,text/plain,en,SEDIA,SEDIA,Submarine Cable Repair Capacities - Works,0.0,Submarine Cable Repair Capacities - Works,False,[],[],Submarine Cable Repair Capacities - Works. Available at: https://ec.europa.eu/info/funding-tenders/opportunities/portal/screen/opportunities/topic-details/CEF-DIG-2026-CABLE-REPAIR-CAPACITIES-WORKS,['CEF-DIG-2026-CABLE-REPAIR-CAPACITIES-WORKS'],['text/plain'],,['2026-06-23T00:00:00.000+0000'],['2026-10-08T00:00:00.000+0000'],,['en'],['Submarine Cable Repair Capacities - Works'],['1'],['https://ec.europa.eu/info/funding-tenders/opportunities/portal/screen/opportunities/topic-details/CEF-DIG-2026-CABLE-REPAIR-CAPACITIES-WORKS'],['https://ec.europa.eu/info/funding-tenders/opportunities/portal/screen/opportunities/topic-details/CEF-DIG-2026-CABLE-REPAIR-CAPACITIES-WORKS'],['51426233'],['SEDIA'],['51426227TOPICSen'],,['43251567'],['2026-06-23T00:00:00.000+0000'],['single-stage'],['31094502'],['CEF Infrastructure Projects'],2026-09-20 09:08:50.362431+00:00
2.155,14741COMPETITIVE_CALLen,https://ec.europa.eu/info/funding-tenders/opportunities/portal/screen/opportunities/competitive-calls-cs/49521170,text/plain,en,SEDIA,SEDIA,Open Call of Perform Europe 2026 – 2028,0.0,Open Call of Perform Europe 2026 – 2028,False,[],[],Perform EU. Available at: https://ec.europa.eu/info/funding-tenders/opportunities/portal/screen/opportunities/competitive-calls-cs/49521170,['CREA-CULT-2026-PERFORM-EU'],['text/plain'],['Open Call of Perform Europe 2026 – 2028'],['2026-06-23T00:00:00.000+0000'],['2026-10-22T23:59:00.000+0000'],[],['en'],['Perform EU'],['8'],['https://ec.europa.eu/info/funding-tenders/opportunities/portal/screen/opportunities/competitive-calls-cs/49521170'],['https://ec.europa.eu/info/funding-tenders/opportunities/portal/screen/opportunities/competitive-calls-cs/49521170'],['14741'],['SEDIA'],['14741COMPETITIVE_CALLen'],['PE 3'],['43251814'],['2026-06-23T00:00:00.000+0000'],['single-stage'],['31094502'],,2026-09-20 09:08:50.362431+00:00
2.155,14704COMPETITIVE_CALLen,https://ec.europa.eu/info/funding-tenders/opportunities/portal/screen/opportunities/competitive-calls-cs/48400564,text/plain,en,SEDIA,SEDIA,RAMP Joint Transnational Call 2026,0.0,RAMP Joint Transnational Call 2026,False,[],[],EU Co-funded Partnership on raw materials for the green and digital transition (Co-funded partnership Raw Materials for the Green and Digital Transition). Available at: https://ec.europa.eu/info/funding-tenders/opportunities/portal/screen/opportunities/competitive-calls-cs/48400564,['HORIZON-CL4-INDUSTRY-2025-01-MATERIALS-64'],['text/plain'],['RAMP Joint Transnational Call 2026'],['2026-06-23T00:00:00.000+0000'],"['2026-09-22T23:59:00.000+0000', '2027-02-15T23:59:00.000+0000']","['<p>Funding research and innovation projects across the raw materials value chain, including primary and secondary supply, design and production, circularity, and value-chain analysis. Projects should contribute to sustainable raw material supply, efficient use, circular economy practices, and reduced social and environmental impacts.</p>']",['en'],['EU Co-funded Partnership on raw materials for the green and digital transition (Co-funded partnership Raw Materials for the Green and Digital Transition)'],['8'],['https://ec.europa.eu/info/funding-tenders/opportunities/portal/screen/opportunities/competitive-calls-cs/48400564'],['https://ec.europa.eu/info/funding-tenders/opportunities/portal/screen/opportunities/competitive-calls-cs/48400564'],['14704'],['SEDIA'],['14704COMPETITIVE_CALLen'],['RAMP'],['43108390'],['2026-06-23T00:00:00.000+0000'],['multiple cut-off'],['31094502'],,2026-09-20 09:08:50.362431+00:00
2.155,51454570TOPICSen,https://ec.europa.eu/info/funding-tenders/opportunities/portal/screen/opportunities/topic-details/CEF-T-2026-SAFEMOBGEN-EXTBORDER-WORKS,text/plain,en,SEDIA,SEDIA,"External Borders: studies, works or mixed",0.0,"External Borders: studies, works or mixed",False,[],[],"External Borders: studies, works or mixed. Available at: https://ec.europa.eu/info/funding-tenders/opportunities/portal/screen/opportunities/topic-details/CEF-T-2026-SAFEMOBGEN-EXTBORDER-WORKS",['CEF-T-2026-SAFEMOBGEN-EXTBORDER-WORKS'],['text/plain'],,['2026-06-18T00:00:00.000+0000'],['2026-10-06T00:00:00.000+0000'],,['en'],"['External Borders: studies, works or mixed']",['1'],['https://ec.europa.eu/info/funding-tenders/opportunities/portal/screen/opportunities/topic-details/CEF-T-2026-SAFEMOBGEN-EXTBORDER-WORKS'],['https://ec.europa.eu/info/funding-tenders/opportunities/portal/screen/opportunities/topic-details/CEF-T-2026-SAFEMOBGEN-EXTBORDER-WORKS'],['51454581'],['SEDIA'],['51454570TOPICSen'],,['43251567'],['2026-06-18T00:00:00.000+0000'],['single-stage'],['31094502'],['CEF Infrastructure Projects'],2026-09-20 09:08:50.362431+00:00
2.155,51454521TOPICSen,https://ec.europa.eu/info/funding-tenders/opportunities/portal/screen/opportunities/topic-details/CEF-T-2026-COREGEN-IWWP-WORKS,text/plain,en,SEDIA,SEDIA,Inland waterways – works,0.0,Inland waterways – works,False,[],[],Inland waterways – works. Available at: https://ec.europa.eu/info/funding-tenders/opportunities/portal/screen/opportunities/topic-details/CEF-T-2026-COREGEN-IWWP-WORKS,['CEF-T-2026-COREGEN-IWWP-WORKS'],['text/plain'],,['2026-06-18T00:00:00.000+0000'],['2026-10-06T00:00:00.000+0000'],,['en'],['Inland waterways – works'],['1'],['https://ec.europa.eu/info/funding-tenders/opportunities/portal/screen/opportunities/topic-details/CEF-T-2026-COREGEN-IWWP-WORKS'],['https://ec.europa.eu/info/funding-tenders/opportunities/portal/screen/opportunities/topic-details/CEF-T-2026-COREGEN-IWWP-WORKS'],['51454542'],['SEDIA'],['51454521TOPICSen'],,['43251567'],['2026-06-18T00:00:00.000+0000'],['single-stage'],['31094502'],['CEF Infrastructure Projects'],2026-09-20 09:08:50.362431+00:00
2.155,51468086TOPICSen,https://ec.europa.eu/info/funding-tenders/opportunities/portal/screen/opportunities/topic-details/CEF-T-2026-AFIFGEN-COSTS,text/plain,en,SEDIA,SEDIA,Alternative Fuel Infrastructure Facility: Road &amp; Air Transport - works,0.0,Alternative Fuel Infrastructure Facility: Road &amp; Air Transport - works,False,[],[],Alternative Fuel Infrastructure Facility: Road & Air Transport - works. Available at: https://ec.europa.eu/info/funding-tenders/opportunities/portal/screen/opportunities/topic-details/CEF-T-2026-AFIFGEN-COSTS,['CEF-T-2026-AFIFGEN-COSTS'],['text/plain'],,['2026-06-18T00:00:00.000+0000'],['2026-10-06T00:00:00.000+0000'],,['en'],['Alternative Fuel Infrastructure Facility: Road & Air Transport - works'],['1'],['https://ec.europa.eu/info/funding-tenders/opportunities/portal/screen/opportunities/topic-details/CEF-T-2026-AFIFGEN-COSTS'],['https://ec.europa.eu/info/funding-tenders/opportunities/portal/screen/opportunities/topic-details/CEF-T-2026-AFIFGEN-COSTS'],['51468098'],['SEDIA'],['51468086TOPICSen'],,['43251567'],['2026-06-18T00:00:00.000+0000'],['single-stage'],['31094502'],['CEF Infrastructure Projects'],2026-09-20 09:08:50.362431+00:00
2.155,51454530TOPICSen,https://ec.europa.eu/info/funding-tenders/opportunities/portal/screen/opportunities/topic-details/CEF-T-2026-COREGEN-RAIL-WORKS,text/plain,en,SEDIA,SEDIA,"Rail – studies, works or mixed",0.0,"Rail – studies, works or mixed",False,[],[],"Rail – studies, works or mixed. Available at: https://ec.europa.eu/info/funding-tenders/opportunities/portal/screen/opportunities/topic-details/CEF-T-2026-COREGEN-RAIL-WORKS",['CEF-T-2026-COREGEN-RAIL-WORKS'],['text/plain'],,['2026-06-18T00:00:00.000+0000'],['2026-10-06T00:00:00.000+0000'],,['en'],"['Rail – studies, works or mixed']",['1'],['https://ec.europa.eu/info/funding-tenders/opportunities/portal/screen/opportunities/topic-details/CEF-T-2026-COREGEN-RAIL-WORKS'],['https://ec.europa.eu/info/funding-tenders/opportunities/portal/screen/opportunities/topic-details/CEF-T-2026-COREGEN-RAIL-WORKS'],['51454542'],['SEDIA'],['51454530TOPICSen'],,['43251567'],['2026-06-18T00:00:00.000+0000'],['single-stage'],['31094502'],['CEF Infrastructure Projects'],2026-09-20 09:08:50.362431+00:00
2.155,51468068TOPICSen,https://ec.europa.eu/info/funding-tenders/opportunities/portal/screen/opportunities/topic-details/CEF-T-2026-MILMOB-WORKS,text/plain,en,SEDIA,SEDIA,"Adaptation of the TEN-T to civilian-defence dual use - studies, works or mixed",0.0,"Adaptation of the TEN-T to civilian-defence dual use - studies, works or mixed",False,[],[],"Adaptation of the TEN-T to civilian-defence dual use - studies, works or mixed. Available at: https://ec.europa.eu/info/funding-tenders/opportunities/portal/screen/opportunities/topic-details/CEF-T-2026-MILMOB-WORKS",['CEF-T-2026-MILMOB-WORKS'],['text/plain'],,['2026-06-18T00:00:00.000+0000'],['2026-10-06T00:00:00.000+0000'],,['en'],"['Adaptation of the TEN-T to civilian-defence dual use - studies, works or mixed']",['1'],['https://ec.europa.eu/info/funding-tenders/opportunities/portal/screen/opportunities/topic-details/CEF-T-2026-MILMOB-WORKS'],['https://ec.europa.eu/info/funding-tenders/opportunities/portal/screen/opportunities/topic-details/CEF-T-2026-MILMOB-WORKS'],['51468079'],['SEDIA'],['51468068TOPICSen'],,['43251567'],['2026-06-18T00:00:00.000+0000'],['single-stage'],['31094502'],['CEF Infrastructure Projects'],2026-09-20 09:08:50.362431+00:00
2.155,51454550TOPICSen,https://ec.europa.eu/info/funding-tenders/opportunities/portal/screen/opportunities/topic-details/CEF-T-2026-SIMOBGEN-NEWTECH-WORKS,text/plain,en,SEDIA,SEDIA,New technologies and innovation: digitalisation of road transport - works,0.0,New technologies and innovation: digitalisation of road transport - works,False,[],[],New technologies and innovation: digitalisation of road transport - works. Available at: https://ec.europa.eu/info/funding-tenders/opportunities/portal/screen/opportunities/topic-details/CEF-T-2026-SIMOBGEN-NEWTECH-WORKS,['CEF-T-2026-SIMOBGEN-NEWTECH-WORKS'],['text/plain'],,['2026-06-18T00:00:00.000+0000'],['2026-10-06T00:00:00.000+0000'],,['en'],['New technologies and innovation: digitalisation of road transport - works'],['1'],['https://ec.europa.eu/info/funding-tenders/opportunities/portal/screen/opportunities/topic-details/CEF-T-2026-SIMOBGEN-NEWTECH-WORKS'],['https://ec.europa.eu/info/funding-tenders/opportunities/portal/screen/opportunities/topic-details/CEF-T-2026-SIMOBGEN-NEWTECH-WORKS'],['51454563'],['SEDIA'],['51454550TOPICSen'],,['43251567'],['2026-06-18T00:00:00.000+0000'],['single-stage'],['31094502'],['CEF Infrastructure Projects'],2026-09-20 09:08:50.362431+00:00
2.155,51454588TOPICSen,https://ec.europa.eu/info/funding-tenders/opportunities/portal/screen/opportunities/topic-details/CEF-T-2026-SUSTMOBGEN-EMS-WORKS,text/plain,en,SEDIA,SEDIA,European Maritime Space and Inland ports (AFIF) - works,0.0,European Maritime Space and Inland ports (AFIF) - works,False,[],[],European Maritime Space and Inland ports (AFIF) - works. Available at: https://ec.europa.eu/info/funding-tenders/opportunities/portal/screen/opportunities/topic-details/CEF-T-2026-SUSTMOBGEN-EMS-WORKS,['CEF-T-2026-SUSTMOBGEN-EMS-WORKS'],['text/plain'],,['2026-06-18T00:00:00.000+0000'],['2026-10-06T00:00:00.000+0000'],,['en'],['European Maritime Space and Inland ports (AFIF) - works'],['1'],['https://ec.europa.eu/info/funding-tenders/opportunities/portal/screen/opportunities/topic-details/CEF-T-2026-SUSTMOBGEN-EMS-WORKS'],['https://ec.europa.eu/info/funding-tenders/opportunities/portal/screen/opportunities/topic-details/CEF-T-2026-SUSTMOBGEN-EMS-WORKS'],['51454601'],['SEDIA'],['51454588TOPICSen'],,['43251567'],['2026-06-18T00:00:00.000+0000'],['single-stage'],['31094502'],['CEF Infrastructure Projects'],2026-09-20 09:08:50.362431+00:00
2.155,51454858TOPICSen,https://ec.europa.eu/info/funding-tenders/opportunities/portal/screen/opportunities/topic-details/ESF-2026-AG-TCS,text/plain,en,SEDIA,SEDIA,Transaction Costs Support for social finance intermediaries,0.0,Transaction Costs Support for social finance intermediaries,False,[],[],Transaction Costs Support for social finance intermediaries. Available at: https://ec.europa.eu/info/funding-tenders/opportunities/portal/screen/opportunities/topic-details/ESF-2026-AG-TCS,['ESF-2026-AG-TCS'],['text/plain'],,['2026-06-18T00:00:00.000+0000'],['2026-09-23T00:00:00.000+0000'],,['en'],['Transaction Costs Support for social finance intermediaries'],['1'],['https://ec.europa.eu/info/funding-tenders/opportunities/portal/screen/opportunities/topic-details/ESF-2026-AG-TCS'],['https://ec.europa.eu/info/funding-tenders/opportunities/portal/screen/opportunities/topic-details/ESF-2026-AG-TCS'],['51454866'],['SEDIA'],['51454858TOPICSen'],,['43254019'],['2026-06-18T00:00:00.000+0000'],['single-stage'],['31094502'],['ESF Project Grants'],2026-09-20 09:08:50.362431+00:00
2.155,51454502TOPICSen,https://ec.europa.eu/info/funding-tenders/opportunities/portal/screen/opportunities/topic-details/CEF-T-2026-CORECOEN-RAIL-WORKS,text/plain,en,SEDIA,SEDIA,"Rail – studies, works or mixed",0.0,"Rail – studies, works or mixed",False,[],[],"Rail – studies, works or mixed. Available at: https://ec.europa.eu/info/funding-tenders/opportunities/portal/screen/opportunities/topic-details/CEF-T-2026-CORECOEN-RAIL-WORKS",['CEF-T-2026-CORECOEN-RAIL-WORKS'],['text/plain'],,['2026-06-18T00:00:00.000+0000'],['2026-10-06T00:00:00.000+0000'],,['en'],"['Rail – studies, works or mixed']",['1'],['https://ec.europa.eu/info/funding-tenders/opportunities/portal/screen/opportunities/topic-details/CEF-T-2026-CORECOEN-RAIL-WORKS'],['https://ec.europa.eu/info/funding-tenders/opportunities/portal/screen/opportunities/topic-details/CEF-T-2026-CORECOEN-RAIL-WORKS'],['51454514'],['SEDIA'],['51454502TOPICSen'],,['43251567'],['2026-06-18T00:00:00.000+0000'],['single-stage'],['31094502'],['CEF Infrastructure Projects'],2026-09-20 09:08:50.362431+00:00
2.155,186824PROSPECTSEN,https://ec.europa.eu/info/funding-tenders/opportunities/portal/screen/opportunities/topic-details/186824PROSPECTSEN,text/plain,en,SEDIA,SEDIA,"Strengthening the Palestinian Monetary Authority and its role to support the stability, transparency, accountability and the digital transition of the financial sector in Palestine",0.0,"Strengthening the Palestinian Monetary Authority and its role to support the stability, transparency, accountability and the digital transition of the financial sector in Palestine",False,[],[],"Strengthening the Palestinian Monetary Authority and its role to support the stability, transparency, accountability and the digital transition of the financial sector in Palestine. Available at: https://ec.europa.eu/info/funding-tenders/opportunities/portal/screen/opportunities/topic-details/186824PROSPECTSEN",['EuropeAid/186824/DD/ACT/PS'],['text/plain'],['true'],['2026-06-17T10:00:00.000+0000'],['2026-10-12T10:00:00.000+0000'],,['en'],"['Strengthening the Palestinian Monetary Authority and its role to support the stability, transparency, accountability and the digital transition of the financial sector in Palestine']",['2'],['https://ec.europa.eu/info/funding-tenders/opportunities/portal/screen/opportunities/topic-details/186824PROSPECTSEN'],['https://ec.europa.eu/info/funding-tenders/opportunities/portal/screen/opportunities/topic-details/186824PROSPECTSEN'],,['SEDIA'],['186824PROSPECTSEN'],,['111111'],['2026-06-17T10:00:00.000+0000'],,['31094502'],,2026-09-20 09:08:50.362431+00:00
2.155,51196315TOPICSen,https://ec.europa.eu/info/funding-tenders/opportunities/portal/screen/opportunities/topic-details/EDF-EDIP-P-2027-LS-IRA-KEC,text/plain,en,SEDIA,SEDIA,Key electronic components,0.0,Key electronic components,False,[],[],Key electronic components. Available at: https://ec.europa.eu/info/funding-tenders/opportunities/portal/screen/opportunities/topic-details/EDF-EDIP-P-2027-LS-IRA-KEC,['EDF-EDIP-P-2027-LS-IRA-KEC'],['text/plain'],,['2026-06-17T00:00:00.000+0000'],['2027-02-16T00:00:00.000+0000'],,['en'],['Key electronic components'],['1'],['https://ec.europa.eu/info/funding-tenders/opportunities/portal/screen/opportunities/topic-details/EDF-EDIP-P-2027-LS-IRA-KEC'],['https://ec.europa.eu/info/funding-tenders/opportunities/portal/screen/opportunities/topic-details/EDF-EDIP-P-2027-LS-IRA-KEC'],['51196334'],['SEDIA'],['51196315TOPICSen'],,['44181033'],['2026-06-17T00:00:00.000+0000'],['single-stage'],['31094502'],['EDF Lump Sum Grants'],2026-09-20 09:08:50.362431+00:00
2.155,51196323TOPICSen,https://ec.europa.eu/info/funding-tenders/opportunities/portal/screen/opportunities/topic-details/EDF-EDIP-P-2027-LS-IRA-PE,text/plain,en,SEDIA,SEDIA,Platforms and end-products,0.0,Platforms and end-products,False,[],[],Platforms and end-products. Available at: https://ec.europa.eu/info/funding-tenders/opportunities/portal/screen/opportunities/topic-details/EDF-EDIP-P-2027-LS-IRA-PE,['EDF-EDIP-P-2027-LS-IRA-PE'],['text/plain'],,['2026-06-17T00:00:00.000+0000'],['2027-02-16T00:00:00.000+0000'],,['en'],['Platforms and end-products'],['1'],['https://ec.europa.eu/info/funding-tenders/opportunities/portal/screen/opportunities/topic-details/EDF-EDIP-P-2027-LS-IRA-PE'],['https://ec.europa.eu/info/funding-tenders/opportunities/portal/screen/opportunities/topic-details/EDF-EDIP-P-2027-LS-IRA-PE'],['51196334'],['SEDIA'],['51196323TOPICSen'],,['44181033'],['2026-06-17T00:00:00.000+0000'],['single-stage'],['31094502'],['EDF Lump Sum Grants'],2026-09-20 09:08:50.362431+00:00
2.155,51188642TOPICSen,https://ec.europa.eu/info/funding-tenders/opportunities/portal/screen/opportunities/topic-details/EDF-EDIP-P-2027-FNLC-CPA-AMDS,text/plain,en,SEDIA,SEDIA,Air and missile defence systems,0.0,Air and missile defence systems,False,[],[],Air and missile defence systems. Available at: https://ec.europa.eu/info/funding-tenders/opportunities/portal/screen/opportunities/topic-details/EDF-EDIP-P-2027-FNLC-CPA-AMDS,['EDF-EDIP-P-2027-FNLC-CPA-AMDS'],['text/plain'],,['2026-06-17T00:00:00.000+0000'],['2027-02-16T00:00:00.000+0000'],,['en'],['Air and missile defence systems'],['1'],['https://ec.europa.eu/info/funding-tenders/opportunities/portal/screen/opportunities/topic-details/EDF-EDIP-P-2027-FNLC-CPA-AMDS'],['https://ec.europa.eu/info/funding-tenders/opportunities/portal/screen/opportunities/topic-details/EDF-EDIP-P-2027-FNLC-CPA-AMDS'],['51188669'],['SEDIA'],['51188642TOPICSen'],,['44181033'],['2026-06-17T00:00:00.000+0000'],['single-stage'],['31094502'],['EDF Lump Sum Grants'],2026-09-20 09:08:50.362431+00:00
2.155,51188650TOPICSen,https://ec.europa.eu/info/funding-tenders/opportunities/portal/screen/opportunities/topic-details/EDF-EDIP-P-2027-FNLC-CPA-C5ISRS,text/plain,en,SEDIA,SEDIA,C5ISR and other space-related products,0.0,C5ISR and other space-related products,False,[],[],C5ISR and other space-related products. Available at: https://ec.europa.eu/info/funding-tenders/opportunities/portal/screen/opportunities/topic-details/EDF-EDIP-P-2027-FNLC-CPA-C5ISRS,['EDF-EDIP-P-2027-FNLC-CPA-C5ISRS'],['text/plain'],,['2026-06-17T00:00:00.000+0000'],['2027-02-16T00:00:00.000+0000'],,['en'],['C5ISR and other space-related products'],['1'],['https://ec.europa.eu/info/funding-tenders/opportunities/portal/screen/opportunities/topic-details/EDF-EDIP-P-2027-FNLC-CPA-C5ISRS'],['https://ec.europa.eu/info/funding-tenders/opportunities/portal/screen/opportunities/topic-details/EDF-EDIP-P-2027-FNLC-CPA-C5ISRS'],['51188669'],['SEDIA'],['51188650TOPICSen'],,['44181033'],['2026-06-17T00:00:00.000+0000'],['single-stage'],['31094502'],['EDF Lump Sum Grants'],2026-09-20 09:08:50.362431+00:00
2.155,51188707TOPICSen,https://ec.europa.eu/info/funding-tenders/opportunities/portal/screen/opportunities/topic-details/EDF-EDIP-USI-2027-LS-IRA-CUXS,text/plain,en,SEDIA,SEDIA,Unmanned systems and counter-unmanned systems,0.0,Unmanned systems and counter-unmanned systems,False,[],[],Unmanned systems and counter-unmanned systems. Available at: https://ec.europa.eu/info/funding-tenders/opportunities/portal/screen/opportunities/topic-details/EDF-EDIP-USI-2027-LS-IRA-CUXS,['EDF-EDIP-USI-2027-LS-IRA-CUXS'],['text/plain'],,['2026-06-17T00:00:00.000+0000'],['2027-02-16T00:00:00.000+0000'],,['en'],['Unmanned systems and counter-unmanned systems'],['1'],['https://ec.europa.eu/info/funding-tenders/opportunities/portal/screen/opportunities/topic-details/EDF-EDIP-USI-2027-LS-IRA-CUXS'],['https://ec.europa.eu/info/funding-tenders/opportunities/portal/screen/opportunities/topic-details/EDF-EDIP-USI-2027-LS-IRA-CUXS'],['51188718'],['SEDIA'],['51188707TOPICSen'],,['44181033'],['2026-06-17T00:00:00.000+0000'],['single-stage'],['31094502'],['EDF Lump Sum Grants'],2026-09-20 09:08:50.362431+00:00
2.155,51188687TOPICSen,https://ec.europa.eu/info/funding-tenders/opportunities/portal/screen/opportunities/topic-details/EDF-EDIP-USI-2026-LS-IRA-MAB,text/plain,en,SEDIA,SEDIA,"Missiles, ammunition and bombs",0.0,"Missiles, ammunition and bombs",False,[],[],"Missiles, ammunition and bombs. Available at: https://ec.europa.eu/info/funding-tenders/opportunities/portal/screen/opportunities/topic-details/EDF-EDIP-USI-2026-LS-IRA-MAB",['EDF-EDIP-USI-2026-LS-IRA-MAB'],['text/plain'],,['2026-06-17T00:00:00.000+0000'],['2026-10-13T00:00:00.000+0000'],,['en'],"['Missiles, ammunition and bombs']",['1'],['https://ec.europa.eu/info/funding-tenders/opportunities/portal/screen/opportunities/topic-details/EDF-EDIP-USI-2026-LS-IRA-MAB'],['https://ec.europa.eu/info/funding-tenders/opportunities/portal/screen/opportunities/topic-details/EDF-EDIP-USI-2026-LS-IRA-MAB'],['51188698'],['SEDIA'],['51188687TOPICSen'],,['44181033'],['2026-06-17T00:00:00.000+0000'],['single-stage'],['31094502'],['EDF Lump Sum Grants'],2026-09-20 09:08:50.362431+00:00
2.155,51188658TOPICSen,https://ec.europa.eu/info/funding-tenders/opportunities/portal/screen/opportunities/topic-details/EDF-EDIP-P-2027-FNLC-CPA-GNPS,text/plain,en,SEDIA,SEDIA,Ground and naval platforms and systems,0.0,Ground and naval platforms and systems,False,[],[],Ground and naval platforms and systems. Available at: https://ec.europa.eu/info/funding-tenders/opportunities/portal/screen/opportunities/topic-details/EDF-EDIP-P-2027-FNLC-CPA-GNPS,['EDF-EDIP-P-2027-FNLC-CPA-GNPS'],['text/plain'],,['2026-06-17T00:00:00.000+0000'],['2027-02-16T00:00:00.000+0000'],,['en'],['Ground and naval platforms and systems'],['1'],['https://ec.europa.eu/info/funding-tenders/opportunities/portal/screen/opportunities/topic-details/EDF-EDIP-P-2027-FNLC-CPA-GNPS'],['https://ec.europa.eu/info/funding-tenders/opportunities/portal/screen/opportunities/topic-details/EDF-EDIP-P-2027-FNLC-CPA-GNPS'],['51188669'],['SEDIA'],['51188658TOPICSen'],,['44181033'],['2026-06-17T00:00:00.000+0000'],['single-stage'],['31094502'],['EDF Lump Sum Grants'],2026-09-20 09:08:50.362431+00:00
2.155,51424835TOPICSen,https://ec.europa.eu/info/funding-tenders/opportunities/portal/screen/opportunities/topic-details/SMP-FOOD-2026-FW-STAKEHOLDERS-PJ,text/plain,en,SEDIA,SEDIA,EU support to Stakeholders to improve measurement of food waste and help implement food waste prevention in their operations and organisation - 2026-2027,0.0,EU support to Stakeholders to improve measurement of food waste and help implement food waste prevention in their operations and organisation - 2026-2027,False,[],[],EU support to Stakeholders to improve measurement of food waste and help implement food waste prevention in their operations and organisation - 2026-2027. Available at: https://ec.europa.eu/info/funding-tenders/opportunities/portal/screen/opportunities/topic-details/SMP-FOOD-2026-FW-STAKEHOLDERS-PJ,['SMP-FOOD-2026-FW-STAKEHOLDERS-PJ'],['text/plain'],,['2026-06-16T00:00:00.000+0000'],['2026-10-15T00:00:00.000+0000'],,['en'],['EU support to Stakeholders to improve measurement of food waste and help implement food waste prevention in their operations and organisation - 2026-2027'],['1'],['https://ec.europa.eu/info/funding-tenders/opportunities/portal/screen/opportunities/topic-details/SMP-FOOD-2026-FW-STAKEHOLDERS-PJ'],['https://ec.europa.eu/info/funding-tenders/opportunities/portal/screen/opportunities/topic-details/SMP-FOOD-2026-FW-STAKEHOLDERS-PJ'],['51424843'],['SEDIA'],['51424835TOPICSen'],,['43252476'],['2026-06-16T00:00:00.000+0000'],['single-stage'],['31094502'],['SMP Project Grants'],2026-09-20 09:08:50.362431+00:00
2.155,51461959TOPICSen,https://ec.europa.eu/info/funding-tenders/opportunities/portal/screen/opportunities/topic-details/HORIZON-WIDERA-2026-GENDER-Prize-01,text/plain,en,SEDIA,SEDIA,Sustainable Gender Equality Champions,0.0,Sustainable Gender Equality Champions,False,[],[],Sustainable Gender Equality Champions. Available at: https://ec.europa.eu/info/funding-tenders/opportunities/portal/screen/opportunities/topic-details/HORIZON-WIDERA-2026-GENDER-Prize-01,['HORIZON-WIDERA-2026-GENDER-Prize-01'],['text/plain'],,['2026-06-16T00:00:00.000+0000'],['2026-09-29T00:00:00.000+0000'],,['en'],['Sustainable Gender Equality Champions'],['1'],['https://ec.europa.eu/info/funding-tenders/opportunities/portal/screen/opportunities/topic-details/HORIZON-WIDERA-2026-GENDER-Prize-01'],['https://ec.europa.eu/info/funding-tenders/opportunities/portal/screen/opportunities/topic-details/HORIZON-WIDERA-2026-GENDER-Prize-01'],['51461966'],['SEDIA'],['51461959TOPICSen'],,['43108390'],['2026-06-16T00:00:00.000+0000'],['single-stage'],['31094502'],['HORIZON Recognition Prize'],2026-09-20 09:08:50.362431+00:00
2.155,51525168TOPICSen,https://ec.europa.eu/info/funding-tenders/opportunities/portal/screen/opportunities/topic-details/HORIZON-WIDERA-2026-GENDER-Prize-03,text/plain,en,SEDIA,SEDIA,Inclusive Gender Equality Champions,0.0,Inclusive Gender Equality Champions,False,[],[],Inclusive Gender Equality Champions. Available at: https://ec.europa.eu/info/funding-tenders/opportunities/portal/screen/opportunities/topic-details/HORIZON-WIDERA-2026-GENDER-Prize-03,['HORIZON-WIDERA-2026-GENDER-Prize-03'],['text/plain'],,['2026-06-16T00:00:00.000+0000'],['2026-09-29T00:00:00.000+0000'],,['en'],['Inclusive Gender Equality Champions'],['1'],['https://ec.europa.eu/info/funding-tenders/opportunities/portal/screen/opportunities/topic-details/HORIZON-WIDERA-2026-GENDER-Prize-03'],['https://ec.europa.eu/info/funding-tenders/opportunities/portal/screen/opportunities/topic-details/HORIZON-WIDERA-2026-GENDER-Prize-03'],['51461966'],['SEDIA'],['51525168TOPICSen'],,['43108390'],['2026-06-16T00:00:00.000+0000'],['single-stage'],['31094502'],['HORIZON Recognition Prize'],2026-09-20 09:08:50.362431+00:00
2.155,51525163TOPICSen,https://ec.europa.eu/info/funding-tenders/opportunities/portal/screen/opportunities/topic-details/HORIZON-WIDERA-2026-GENDER-Prize-02,text/plain,en,SEDIA,SEDIA,Newcomer Gender Equality Champions,0.0,Newcomer Gender Equality Champions,False,[],[],Newcomer Gender Equality Champions. Available at: https://ec.europa.eu/info/funding-tenders/opportunities/portal/screen/opportunities/topic-details/HORIZON-WIDERA-2026-GENDER-Prize-02,['HORIZON-WIDERA-2026-GENDER-Prize-02'],['text/plain'],,['2026-06-16T00:00:00.000+0000'],['2026-09-29T00:00:00.000+0000'],,['en'],['Newcomer Gender Equality Champions'],['1'],['https://ec.europa.eu/info/funding-tenders/opportunities/portal/screen/opportunities/topic-details/HORIZON-WIDERA-2026-GENDER-Prize-02'],['https://ec.europa.eu/info/funding-tenders/opportunities/portal/screen/opportunities/topic-details/HORIZON-WIDERA-2026-GENDER-Prize-02'],['51461966'],['SEDIA'],['51525163TOPICSen'],,['43108390'],['2026-06-16T00:00:00.000+0000'],['single-stage'],['31094502'],['HORIZON Recognition Prize'],2026-09-20 09:08:50.362431+00:00
2.155,14601COMPETITIVE_CALLen,https://ec.europa.eu/info/funding-tenders/opportunities/portal/screen/opportunities/competitive-calls-cs/47365856,text/plain,en,SEDIA,SEDIA,ZMINA:Resilience. Rolling call for International Showcasing of co-creation projects,0.0,ZMINA:Resilience. Rolling call for International Showcasing of co-creation projects,False,[],[],Supporting Ukrainian artists and cultural organisations to co-create/showcase. Available at: https://ec.europa.eu/info/funding-tenders/opportunities/portal/screen/opportunities/competitive-calls-cs/47365856,['CREA-CULT-2025-COOP-UA-1'],['text/plain'],['ZMINA:Resilience. Rolling call for International Showcasing of co-creation projects'],['2026-06-15T00:00:00.000+0000'],"['2026-09-14T23:00:00.000+0000', '2026-12-14T23:00:00.000+0000', '2027-03-15T23:00:00.000+0000', '2027-06-14T23:00:00.000+0000', '2027-10-15T23:00:00.000+0000']",[],['en'],['Supporting Ukrainian artists and cultural organisations to co-create/showcase'],['8'],['https://ec.europa.eu/info/funding-tenders/opportunities/portal/screen/opportunities/competitive-calls-cs/47365856'],['https://ec.europa.eu/info/funding-tenders/opportunities/portal/screen/opportunities/competitive-calls-cs/47365856'],['14601'],['SEDIA'],['14601COMPETITIVE_CALLen'],['ZMINA.Resilience'],['43251814'],['2026-06-15T00:00:00.000+0000'],['multiple cut-off'],['31094502'],,2026-09-20 09:08:50.362431+00:00
2.155,14681COMPETITIVE_CALLen,https://ec.europa.eu/info/funding-tenders/opportunities/portal/screen/opportunities/competitive-calls-cs/45705096,text/plain,en,SEDIA,SEDIA,MANTRA Second Open Call for Manufacturing SMEs,0.0,MANTRA Second Open Call for Manufacturing SMEs,False,[],[],'Innovate to transform' support for SME's sustainability transition (CSA). Available at: https://ec.europa.eu/info/funding-tenders/opportunities/portal/screen/opportunities/competitive-calls-cs/45705096,['HORIZON-CL4-2024-RESILIENCE-01-41'],['text/plain'],['MANTRA Second Open Call for Manufacturing SMEs'],['2026-06-15T00:00:00.000+0000'],['2026-09-30T17:00:00.000+0000'],"['<p>The objective of this call is to select up to <strong>25 manufacturing SMEs</strong> that will receive support to define and implement their MANTRA Journey plan, with the aim of becoming more sustainable and innovative.</p><p>Through this initiative, selected SMEs will enhance their capacity to adopt advanced technologies and social innovation for sustainability through collaboration with technology providers and by accessing services provided by EU specialised business support networks and organisations. Financial support of up to <strong>EUR 50,000 per SME</strong> will be available to implement the recommended transformation roadmap following the advisory phase.</p><p>Proposals should focus on a transformation project that is realistic, impactful and embedded in the SME’s strategy for long-term sustainability and growth through the uptake of advanced technologies. The proposed concept must contribute to the green and digital transformation of the SME by reducing environmental impacts while enhancing the competitiveness and resilience of the business. Projects should align with circular economy principles and consider inclusive and socially responsible practices.</p><p>Selected SMEs will participate in the MANTRA Journey, consisting of a six-month advisory phase followed by a six-month implementation phase supported through MANTRA financial assistance.</p><p>Your journey begins by joining the MANTRA Community, which serves as your gateway to resources, peer learning, networking opportunities and access to the application process.</p>']",['en'],"[""'Innovate to transform' support for SME's sustainability transition (CSA)""]",['8'],['https://ec.europa.eu/info/funding-tenders/opportunities/portal/screen/opportunities/competitive-calls-cs/45705096'],['https://ec.europa.eu/info/funding-tenders/opportunities/portal/screen/opportunities/competitive-calls-cs/45705096'],['14681'],['SEDIA'],['14681COMPETITIVE_CALLen'],['MANTRA'],['43108390'],['2026-06-15T00:00:00.000+0000'],['single-stage'],['31094502'],,2026-09-20 09:08:50.362431+00:00
2.155,50217187TOPICSen,https://ec.europa.eu/info/funding-tenders/opportunities/portal/screen/opportunities/topic-details/HORIZON-EIE-2026-03-CONNECT-01,text/plain,en,SEDIA,SEDIA,From lab to market: Strengthening the role of Technology Transfer Offices in bringing knowledge to the market,0.0,From lab to market: Strengthening the role of Technology Transfer Offices in bringing knowledge to the market,False,[],[],From lab to market: Strengthening the role of Technology Transfer Offices in bringing knowledge to the market. Available at: https://ec.europa.eu/info/funding-tenders/opportunities/portal/screen/opportunities/topic-details/HORIZON-EIE-2026-03-CONNECT-01,['HORIZON-EIE-2026-03-CONNECT-01'],['text/plain'],,['2026-06-09T00:00:00.000+0000'],['2026-09-22T00:00:00.000+0000'],,['en'],['From lab to market: Strengthening the role of Technology Transfer Offices in bringing knowledge to the market'],['1'],['https://ec.europa.eu/info/funding-tenders/opportunities/portal/screen/opportunities/topic-details/HORIZON-EIE-2026-03-CONNECT-01'],['https://ec.europa.eu/info/funding-tenders/opportunities/portal/screen/opportunities/topic-details/HORIZON-EIE-2026-03-CONNECT-01'],['50239684'],['SEDIA'],['50217187TOPICSen'],,['43108390'],['2026-06-09T00:00:00.000+0000'],['single-stage'],['31094502'],['HORIZON Coordination and Support Actions'],2026-09-20 09:08:50.362431+00:00
2.155,14602COMPETITIVE_CALLen,https://ec.europa.eu/info/funding-tenders/opportunities/portal/screen/opportunities/competitive-calls-cs/46357639,text/plain,en,SEDIA,SEDIA,RIZA Call for proposals,0.0,RIZA Call for proposals,False,[],[],Call for proposals for civil society organisations active on protecting and promoting Union values: call to intermediaries (giving financial support to third parties). Available at: https://ec.europa.eu/info/funding-tenders/opportunities/portal/screen/opportunities/competitive-calls-cs/46357639,['CERV-2024-CITIZENS-VALUES'],['text/plain'],['RIZA Call for proposals'],['2026-06-05T00:00:00.000+0000'],"['2026-07-31T17:00:00.000+0000', '2026-10-31T17:00:00.000+0000']",[],['en'],['Call for proposals for civil society organisations active on protecting and promoting Union values: call to intermediaries (giving financial support to third parties)'],['8'],['https://ec.europa.eu/info/funding-tenders/opportunities/portal/screen/opportunities/competitive-calls-cs/46357639'],['https://ec.europa.eu/info/funding-tenders/opportunities/portal/screen/opportunities/competitive-calls-cs/46357639'],['14602'],['SEDIA'],['14602COMPETITIVE_CALLen'],['RIZA'],['43251589'],['2026-06-05T00:00:00.000+0000'],['multiple cut-off'],['31094502'],,2026-09-20 09:08:50.362431+00:00
2.155,50130752TOPICSen,https://ec.europa.eu/info/funding-tenders/opportunities/portal/screen/opportunities/topic-details/HORIZON-CL5-2026-10-D6-07,text/plain,en,SEDIA,SEDIA,Supporting sustainable and smart urban mobility in Europe (CIVITAS),0.0,Supporting sustainable and smart urban mobility in Europe (CIVITAS),False,[],[],Supporting sustainable and smart urban mobility in Europe (CIVITAS). Available at: https://ec.europa.eu/info/funding-tenders/opportunities/portal/screen/opportunities/topic-details/HORIZON-CL5-2026-10-D6-07,['HORIZON-CL5-2026-10-D6-07'],['text/plain'],,['2026-06-04T00:00:00.000+0000'],['2026-10-08T00:00:00.000+0000'],,['en'],['Supporting sustainable and smart urban mobility in Europe (CIVITAS)'],['1'],['https://ec.europa.eu/info/funding-tenders/opportunities/portal/screen/opportunities/topic-details/HORIZON-CL5-2026-10-D6-07'],['https://ec.europa.eu/info/funding-tenders/opportunities/portal/screen/opportunities/topic-details/HORIZON-CL5-2026-10-D6-07'],['50216890'],['SEDIA'],['50130752TOPICSen'],,['43108390'],['2026-06-04T00:00:00.000+0000'],['single-stage'],['31094502'],['HORIZON Coordination and Support Actions'],2026-09-20 09:08:50.362431+00:00
2.155,50130622TOPICSen,https://ec.europa.eu/info/funding-tenders/opportunities/portal/screen/opportunities/topic-details/HORIZON-CL5-2026-10-D6-03,text/plain,en,SEDIA,SEDIA,"Generative AI for smarter CCAM: enhancing perception, decision-making, and validation (CCAM Partnership)",0.0,"Generative AI for smarter CCAM: enhancing perception, decision-making, and validation (CCAM Partnership)",False,[],[],"Generative AI for smarter CCAM: enhancing perception, decision-making, and validation (CCAM Partnership). Available at: https://ec.europa.eu/info/funding-tenders/opportunities/portal/screen/opportunities/topic-details/HORIZON-CL5-2026-10-D6-03",['HORIZON-CL5-2026-10-D6-03'],['text/plain'],,['2026-06-04T00:00:00.000+0000'],['2026-10-08T00:00:00.000+0000'],,['en'],"['Generative AI for smarter CCAM: enhancing perception, decision-making, and validation (CCAM Partnership)']",['1'],['https://ec.europa.eu/info/funding-tenders/opportunities/portal/screen/opportunities/topic-details/HORIZON-CL5-2026-10-D6-03'],['https://ec.europa.eu/info/funding-tenders/opportunities/portal/screen/opportunities/topic-details/HORIZON-CL5-2026-10-D6-03'],['50216890'],['SEDIA'],['50130622TOPICSen'],,['43108390'],['2026-06-04T00:00:00.000+0000'],['single-stage'],['31094502'],['HORIZON  Research and Innovation Actions'],2026-09-20 09:08:50.362431+00:00
2.155,50130665TOPICSen,https://ec.europa.eu/info/funding-tenders/opportunities/portal/screen/opportunities/topic-details/HORIZON-CL5-2026-10-D6-02,text/plain,en,SEDIA,SEDIA,Geopolitical competition and socioeconomic resilience in CCAM: an innovation and policy roadmap for EU leadership (CCAM Partnership),0.0,Geopolitical competition and socioeconomic resilience in CCAM: an innovation and policy roadmap for EU leadership (CCAM Partnership),False,[],[],Geopolitical competition and socioeconomic resilience in CCAM: an innovation and policy roadmap for EU leadership (CCAM Partnership). Available at: https://ec.europa.eu/info/funding-tenders/opportunities/portal/screen/opportunities/topic-details/HORIZON-CL5-2026-10-D6-02,['HORIZON-CL5-2026-10-D6-02'],['text/plain'],,['2026-06-04T00:00:00.000+0000'],['2026-10-08T00:00:00.000+0000'],,['en'],['Geopolitical competition and socioeconomic resilience in CCAM: an innovation and policy roadmap for EU leadership (CCAM Partnership)'],['1'],['https://ec.europa.eu/info/funding-tenders/opportunities/portal/screen/opportunities/topic-details/HORIZON-CL5-2026-10-D6-02'],['https://ec.europa.eu/info/funding-tenders/opportunities/portal/screen/opportunities/topic-details/HORIZON-CL5-2026-10-D6-02'],['50216890'],['SEDIA'],['50130665TOPICSen'],,['43108390'],['2026-06-04T00:00:00.000+0000'],['single-stage'],['31094502'],['HORIZON  Research and Innovation Actions'],2026-09-20 09:08:50.362431+00:00
2.155,50130600TOPICSen,https://ec.europa.eu/info/funding-tenders/opportunities/portal/screen/opportunities/topic-details/HORIZON-CL5-2026-10-D6-01,text/plain,en,SEDIA,SEDIA,Flagship-pilot: large-scale demonstrations of CCAM (CCAM Partnership),0.0,Flagship-pilot: large-scale demonstrations of CCAM (CCAM Partnership),False,[],[],Flagship-pilot: large-scale demonstrations of CCAM (CCAM Partnership). Available at: https://ec.europa.eu/info/funding-tenders/opportunities/portal/screen/opportunities/topic-details/HORIZON-CL5-2026-10-D6-01,['HORIZON-CL5-2026-10-D6-01'],['text/plain'],,['2026-06-04T00:00:00.000+0000'],['2026-10-08T00:00:00.000+0000'],,['en'],['Flagship-pilot: large-scale demonstrations of CCAM (CCAM Partnership)'],['1'],['https://ec.europa.eu/info/funding-tenders/opportunities/portal/screen/opportunities/topic-details/HORIZON-CL5-2026-10-D6-01'],['https://ec.europa.eu/info/funding-tenders/opportunities/portal/screen/opportunities/topic-details/HORIZON-CL5-2026-10-D6-01'],['50216890'],['SEDIA'],['50130600TOPICSen'],,['43108390'],['2026-06-04T00:00:00.000+0000'],['single-stage'],['31094502'],['HORIZON Innovation Actions'],2026-09-20 09:08:50.362431+00:00
2.155,50129240TOPICSen,https://ec.europa.eu/info/funding-tenders/opportunities/portal/screen/opportunities/topic-details/HORIZON-CL5-2026-10-D2-03,text/plain,en,SEDIA,SEDIA,Integrated Production and Product Development for Next-Generation Lithium-based Batteries for Mobility (BATT4EU and Made in Europe Partnerships),0.0,Integrated Production and Product Development for Next-Generation Lithium-based Batteries for Mobility (BATT4EU and Made in Europe Partnerships),False,[],[],Integrated Production and Product Development for Next-Generation Lithium-based Batteries for Mobility (BATT4EU and Made in Europe Partnerships). Available at: https://ec.europa.eu/info/funding-tenders/opportunities/portal/screen/opportunities/topic-details/HORIZON-CL5-2026-10-D2-03,['HORIZON-CL5-2026-10-D2-03'],['text/plain'],,['2026-06-04T00:00:00.000+0000'],['2026-10-08T00:00:00.000+0000'],,['en'],['Integrated Production and Product Development for Next-Generation Lithium-based Batteries for Mobility (BATT4EU and Made in Europe Partnerships)'],['1'],['https://ec.europa.eu/info/funding-tenders/opportunities/portal/screen/opportunities/topic-details/HORIZON-CL5-2026-10-D2-03'],['https://ec.europa.eu/info/funding-tenders/opportunities/portal/screen/opportunities/topic-details/HORIZON-CL5-2026-10-D2-03'],['50216890'],['SEDIA'],['50129240TOPICSen'],,['43108390'],['2026-06-04T00:00:00.000+0000'],['single-stage'],['31094502'],['HORIZON Innovation Actions'],2026-09-20 09:08:50.362431+00:00
2.155,50130710TOPICSen,https://ec.europa.eu/info/funding-tenders/opportunities/portal/screen/opportunities/topic-details/HORIZON-CL5-2026-10-D6-06,text/plain,en,SEDIA,SEDIA,Increasing competitiveness and resilience of multimodal freight transport and logistics for competitive supply chains,0.0,Increasing competitiveness and resilience of multimodal freight transport and logistics for competitive supply chains,False,[],[],Increasing competitiveness and resilience of multimodal freight transport and logistics for competitive supply chains. Available at: https://ec.europa.eu/info/funding-tenders/opportunities/portal/screen/opportunities/topic-details/HORIZON-CL5-2026-10-D6-06,['HORIZON-CL5-2026-10-D6-06'],['text/plain'],,['2026-06-04T00:00:00.000+0000'],['2026-10-08T00:00:00.000+0000'],,['en'],['Increasing competitiveness and resilience of multimodal freight transport and logistics for competitive supply chains'],['1'],['https://ec.europa.eu/info/funding-tenders/opportunities/portal/screen/opportunities/topic-details/HORIZON-CL5-2026-10-D6-06'],['https://ec.europa.eu/info/funding-tenders/opportunities/portal/screen/opportunities/topic-details/HORIZON-CL5-2026-10-D6-06'],['50216890'],['SEDIA'],['50130710TOPICSen'],,['43108390'],['2026-06-04T00:00:00.000+0000'],['single-stage'],['31094502'],['HORIZON Innovation Actions'],2026-09-20 09:08:50.362431+00:00
2.155,50130771TOPICSen,https://ec.europa.eu/info/funding-tenders/opportunities/portal/screen/opportunities/topic-details/HORIZON-CL5-2026-10-D6-09,text/plain,en,SEDIA,SEDIA,Road Safety and resilience of rural areas,0.0,Road Safety and resilience of rural areas,False,[],[],Road Safety and resilience of rural areas. Available at: https://ec.europa.eu/info/funding-tenders/opportunities/portal/screen/opportunities/topic-details/HORIZON-CL5-2026-10-D6-09,['HORIZON-CL5-2026-10-D6-09'],['text/plain'],,['2026-06-04T00:00:00.000+0000'],['2026-10-08T00:00:00.000+0000'],,['en'],['Road Safety and resilience of rural areas'],['1'],['https://ec.europa.eu/info/funding-tenders/opportunities/portal/screen/opportunities/topic-details/HORIZON-CL5-2026-10-D6-09'],['https://ec.europa.eu/info/funding-tenders/opportunities/portal/screen/opportunities/topic-details/HORIZON-CL5-2026-10-D6-09'],['50216890'],['SEDIA'],['50130771TOPICSen'],,['43108390'],['2026-06-04T00:00:00.000+0000'],['single-stage'],['31094502'],['HORIZON Innovation Actions'],2026-09-20 09:08:50.362431+00:00
2.155,50130790TOPICSen,https://ec.europa.eu/info/funding-tenders/opportunities/portal/screen/opportunities/topic-details/HORIZON-CL5-2026-10-D6-10,text/plain,en,SEDIA,SEDIA,Enhanced resilience in multimodal passenger transport through digital technologies and generative and discriminative AI,0.0,Enhanced resilience in multimodal passenger transport through digital technologies and generative and discriminative AI,False,[],[],Enhanced resilience in multimodal passenger transport through digital technologies and generative and discriminative AI. Available at: https://ec.europa.eu/info/funding-tenders/opportunities/portal/screen/opportunities/topic-details/HORIZON-CL5-2026-10-D6-10,['HORIZON-CL5-2026-10-D6-10'],['text/plain'],,['2026-06-04T00:00:00.000+0000'],['2026-10-08T00:00:00.000+0000'],,['en'],['Enhanced resilience in multimodal passenger transport through digital technologies and generative and discriminative AI'],['1'],['https://ec.europa.eu/info/funding-tenders/opportunities/portal/screen/opportunities/topic-details/HORIZON-CL5-2026-10-D6-10'],['https://ec.europa.eu/info/funding-tenders/opportunities/portal/screen/opportunities/topic-details/HORIZON-CL5-2026-10-D6-10'],['50216890'],['SEDIA'],['50130790TOPICSen'],,['43108390'],['2026-06-04T00:00:00.000+0000'],['single-stage'],['31094502'],['HORIZON Innovation Actions'],2026-09-20 09:08:50.362431+00:00
2.155,51348921TOPICSen,https://ec.europa.eu/info/funding-tenders/opportunities/portal/screen/opportunities/topic-details/HORIZON-JU-EUROHPC-2026-QML-07-01,text/plain,en,SEDIA,SEDIA,Quantum Machine Learning,0.0,Quantum Machine Learning,False,[],[],Quantum Machine Learning. Available at: https://ec.europa.eu/info/funding-tenders/opportunities/portal/screen/opportunities/topic-details/HORIZON-JU-EUROHPC-2026-QML-07-01,['HORIZON-JU-EUROHPC-2026-QML-07-01'],['text/plain'],,['2026-06-02T00:00:00.000+0000'],['2027-01-28T00:00:00.000+0000'],,['en'],['Quantum Machine Learning'],['1'],['https://ec.europa.eu/info/funding-tenders/opportunities/portal/screen/opportunities/topic-details/HORIZON-JU-EUROHPC-2026-QML-07-01'],['https://ec.europa.eu/info/funding-tenders/opportunities/portal/screen/opportunities/topic-details/HORIZON-JU-EUROHPC-2026-QML-07-01'],['51348967'],['SEDIA'],['51348921TOPICSen'],,['43108390'],['2026-06-02T00:00:00.000+0000'],['single-stage'],['31094502'],['HORIZON JU Research and Innovation Actions'],2026-09-20 09:08:50.362431+00:00
2.155,51348881TOPICSen,https://ec.europa.eu/info/funding-tenders/opportunities/portal/screen/opportunities/topic-details/HORIZON-JU-EUROHPC-2026-NGC-04-01,text/plain,en,SEDIA,SEDIA,Grand Challenge on Quantum Sensors for Inertial Navigation,0.0,Grand Challenge on Quantum Sensors for Inertial Navigation,False,[],[],Grand Challenge on Quantum Sensors for Inertial Navigation. Available at: https://ec.europa.eu/info/funding-tenders/opportunities/portal/screen/opportunities/topic-details/HORIZON-JU-EUROHPC-2026-NGC-04-01,['HORIZON-JU-EUROHPC-2026-NGC-04-01'],['text/plain'],,['2026-06-02T00:00:00.000+0000'],['2026-09-30T00:00:00.000+0000'],,['en'],['Grand Challenge on Quantum Sensors for Inertial Navigation'],['1'],['https://ec.europa.eu/info/funding-tenders/opportunities/portal/screen/opportunities/topic-details/HORIZON-JU-EUROHPC-2026-NGC-04-01'],['https://ec.europa.eu/info/funding-tenders/opportunities/portal/screen/opportunities/topic-details/HORIZON-JU-EUROHPC-2026-NGC-04-01'],['51348932'],['SEDIA'],['51348881TOPICSen'],,['43108390'],['2026-06-02T00:00:00.000+0000'],['single-stage'],['31094502'],['HORIZON JU Coordination and Support Actions'],2026-09-20 09:08:50.362431+00:00
2.155,51348905TOPICSen,https://ec.europa.eu/info/funding-tenders/opportunities/portal/screen/opportunities/topic-details/HORIZON-JU-EUROHPC-2026-PQC-06-01,text/plain,en,SEDIA,SEDIA,Large-Scale Photonic Quantum Computing Platform Technologies,0.0,Large-Scale Photonic Quantum Computing Platform Technologies,False,[],[],Large-Scale Photonic Quantum Computing Platform Technologies. Available at: https://ec.europa.eu/info/funding-tenders/opportunities/portal/screen/opportunities/topic-details/HORIZON-JU-EUROHPC-2026-PQC-06-01,['HORIZON-JU-EUROHPC-2026-PQC-06-01'],['text/plain'],,['2026-06-02T00:00:00.000+0000'],['2026-09-30T00:00:00.000+0000'],,['en'],['Large-Scale Photonic Quantum Computing Platform Technologies'],['1'],['https://ec.europa.eu/info/funding-tenders/opportunities/portal/screen/opportunities/topic-details/HORIZON-JU-EUROHPC-2026-PQC-06-01'],['https://ec.europa.eu/info/funding-tenders/opportunities/portal/screen/opportunities/topic-details/HORIZON-JU-EUROHPC-2026-PQC-06-01'],['51348953'],['SEDIA'],['51348905TOPICSen'],,['43108390'],['2026-06-02T00:00:00.000+0000'],['single-stage'],['31094502'],['HORIZON JU Research and Innovation Actions'],2026-09-20 09:08:50.362431+00:00
2.155,51348893TOPICSen,https://ec.europa.eu/info/funding-tenders/opportunities/portal/screen/opportunities/topic-details/HORIZON-JU-EUROHPC-2026-STAND-05-01,text/plain,en,SEDIA,SEDIA,Standards for Quantum Technologies,0.0,Standards for Quantum Technologies,False,[],[],Standards for Quantum Technologies. Available at: https://ec.europa.eu/info/funding-tenders/opportunities/portal/screen/opportunities/topic-details/HORIZON-JU-EUROHPC-2026-STAND-05-01,['HORIZON-JU-EUROHPC-2026-STAND-05-01'],['text/plain'],,['2026-06-02T00:00:00.000+0000'],['2026-09-30T00:00:00.000+0000'],,['en'],['Standards for Quantum Technologies'],['1'],['https://ec.europa.eu/info/funding-tenders/opportunities/portal/screen/opportunities/topic-details/HORIZON-JU-EUROHPC-2026-STAND-05-01'],['https://ec.europa.eu/info/funding-tenders/opportunities/portal/screen/opportunities/topic-details/HORIZON-JU-EUROHPC-2026-STAND-05-01'],['51348975'],['SEDIA'],['51348893TOPICSen'],,['43108390'],['2026-06-02T00:00:00.000+0000'],['single-stage'],['31094502'],['HORIZON JU Coordination and Support Actions'],2026-09-20 09:08:50.362431+00:00
2.155,14402COMPETITIVE_CALLen,https://ec.europa.eu/info/funding-tenders/opportunities/portal/screen/opportunities/competitive-calls-cs/48106227,text/plain,en,SEDIA,SEDIA,Women TechEU Open Call,0.0,Women TechEU Open Call,False,[],[],Women Tech.EU initiative. Available at: https://ec.europa.eu/info/funding-tenders/opportunities/portal/screen/opportunities/competitive-calls-cs/48106227,['HORIZON-EIC-2025-WOMENTECH'],['text/plain'],['Women TechEU Open Call'],['2026-06-01T00:00:00.000+0000'],"['2026-09-16T17:00:00.000+0000', '2027-01-14T17:00:00.000+0000', '2027-04-01T17:00:00.000+0000', '2027-07-08T17:00:00.000+0000']",[],['en'],['Women Tech.EU initiative'],['8'],['https://ec.europa.eu/info/funding-tenders/opportunities/portal/screen/opportunities/competitive-calls-cs/48106227'],['https://ec.europa.eu/info/funding-tenders/opportunities/portal/screen/opportunities/competitive-calls-cs/48106227'],['14402'],['SEDIA'],['14402COMPETITIVE_CALLen'],['Women TechEU 2 EIC'],['43108390'],['2026-06-01T00:00:00.000+0000'],['multiple cut-off'],['31094502'],,2026-09-20 09:08:50.362431+00:00
2.155,186770PROSPECTSEN,https://ec.europa.eu/info/funding-tenders/opportunities/portal/screen/opportunities/topic-details/186770PROSPECTSEN,text/plain,en,SEDIA,SEDIA,Institutional Assistance to the Ministry for Development of   Communities and Territories of Ukraine on legal and organisational issues for rail transport reform in Ukraine,0.0,Institutional Assistance to the Ministry for Development of   Communities and Territories of Ukraine on legal and organisational issues for rail transport reform in Ukraine,False,[],[],Institutional Assistance to the Ministry for Development of   Communities and Territories of Ukraine on legal and organisational issues for rail transport reform in Ukraine. Available at: https://ec.europa.eu/info/funding-tenders/opportunities/portal/screen/opportunities/topic-details/186770PROSPECTSEN,['EuropeAid/186770/DD/ACT/UA'],['text/plain'],['true'],['2026-05-28T10:00:00.000+0000'],['2026-09-25T14:30:00.000+0000'],,['en'],['Institutional Assistance to the Ministry for Development of   Communities and Territories of Ukraine on legal and organisational issues for rail transport reform in Ukraine'],['2'],['https://ec.europa.eu/info/funding-tenders/opportunities/portal/screen/opportunities/topic-details/186770PROSPECTSEN'],['https://ec.europa.eu/info/funding-tenders/opportunities/portal/screen/opportunities/topic-details/186770PROSPECTSEN'],,['SEDIA'],['186770PROSPECTSEN'],,['111111'],['2026-05-28T10:00:00.000+0000'],,['31094502'],,2026-09-20 09:08:50.362431+00:00
2.155,51176412TOPICSen,https://ec.europa.eu/info/funding-tenders/opportunities/portal/screen/opportunities/topic-details/ISF-2026-TF2-AG-CORRUPT,text/plain,en,SEDIA,SEDIA,Call for proposals on the fight against corruption.,0.0,Call for proposals on the fight against corruption.,False,[],[],Call for proposals on the fight against corruption.. Available at: https://ec.europa.eu/info/funding-tenders/opportunities/portal/screen/opportunities/topic-details/ISF-2026-TF2-AG-CORRUPT,['ISF-2026-TF2-AG-CORRUPT'],['text/plain'],,['2026-05-28T00:00:00.000+0000'],['2026-09-24T00:00:00.000+0000'],,['en'],['Call for proposals on the fight against corruption.'],['1'],['https://ec.europa.eu/info/funding-tenders/opportunities/portal/screen/opportunities/topic-details/ISF-2026-TF2-AG-CORRUPT'],['https://ec.europa.eu/info/funding-tenders/opportunities/portal/screen/opportunities/topic-details/ISF-2026-TF2-AG-CORRUPT'],['51176420'],['SEDIA'],['51176412TOPICSen'],,['43252368'],['2026-05-28T00:00:00.000+0000'],['single-stage'],['31094502'],['ISF Project Grants'],2026-09-20 09:08:50.362431+00:00
2.155,50220831TOPICSen,https://ec.europa.eu/info/funding-tenders/opportunities/portal/screen/opportunities/topic-details/HORIZON-RAISE-2026-01-03,text/plain,en,SEDIA,SEDIA,RAISE Doctoral Networks for AI in Science (RAISE pilot),0.0,RAISE Doctoral Networks for AI in Science (RAISE pilot),False,[],[],RAISE Doctoral Networks for AI in Science (RAISE pilot). Available at: https://ec.europa.eu/info/funding-tenders/opportunities/portal/screen/opportunities/topic-details/HORIZON-RAISE-2026-01-03,['HORIZON-RAISE-2026-01-03'],['text/plain'],,['2026-05-28T00:00:00.000+0000'],['2026-11-24T00:00:00.000+0000'],,['en'],['RAISE Doctoral Networks for AI in Science (RAISE pilot)'],['1'],['https://ec.europa.eu/info/funding-tenders/opportunities/portal/screen/opportunities/topic-details/HORIZON-RAISE-2026-01-03'],['https://ec.europa.eu/info/funding-tenders/opportunities/portal/screen/opportunities/topic-details/HORIZON-RAISE-2026-01-03'],['50311525'],['SEDIA'],['50220831TOPICSen'],,['43108390'],['2026-05-28T00:00:00.000+0000'],['single-stage'],['31094502'],"['HORIZON TMA MSCA Doctoral Networks', 'HORIZON TMA MSCA Doctoral Networks - Joint Doctorates', 'HORIZON TMA MSCA Doctoral Networks - Industrial Doctorates']",2026-09-20 09:08:50.362431+00:00
2.155,50220812TOPICSen,https://ec.europa.eu/info/funding-tenders/opportunities/portal/screen/opportunities/topic-details/HORIZON-MSCA-2026-DN-01-01,text/plain,en,SEDIA,SEDIA,MSCA Doctoral Networks 2026,0.0,MSCA Doctoral Networks 2026,False,[],[],MSCA Doctoral Networks 2026. Available at: https://ec.europa.eu/info/funding-tenders/opportunities/portal/screen/opportunities/topic-details/HORIZON-MSCA-2026-DN-01-01,['HORIZON-MSCA-2026-DN-01-01'],['text/plain'],,['2026-05-28T00:00:00.000+0000'],['2026-11-24T00:00:00.000+0000'],,['en'],['MSCA Doctoral Networks 2026'],['1'],['https://ec.europa.eu/info/funding-tenders/opportunities/portal/screen/opportunities/topic-details/HORIZON-MSCA-2026-DN-01-01'],['https://ec.europa.eu/info/funding-tenders/opportunities/portal/screen/opportunities/topic-details/HORIZON-MSCA-2026-DN-01-01'],['50220822'],['SEDIA'],['50220812TOPICSen'],,['43108390'],['2026-05-28T00:00:00.000+0000'],['single-stage'],['31094502'],"['HORIZON TMA MSCA Doctoral Networks - Joint Doctorates', 'HORIZON TMA MSCA Doctoral Networks - Industrial Doctorates', 'HORIZON TMA MSCA Doctoral Networks']",2026-09-20 09:08:50.362431+00:00
2.155,51349717TOPICSen,https://ec.europa.eu/info/funding-tenders/opportunities/portal/screen/opportunities/topic-details/HORIZON-JU-EDCTP3-2026-SCILEADERSHIPWOMANSSAPRIZE,text/plain,en,SEDIA,SEDIA,HORIZON-JU-EDCTP3-2026-Scientific Leadership Woman SSA Prize,0.0,HORIZON-JU-EDCTP3-2026-Scientific Leadership Woman SSA Prize,False,[],[],HORIZON-JU-EDCTP3-2026-Scientific Leadership Woman SSA Prize. Available at: https://ec.europa.eu/info/funding-tenders/opportunities/portal/screen/opportunities/topic-details/HORIZON-JU-EDCTP3-2026-SCILEADERSHIPWOMANSSAPRIZE,['HORIZON-JU-EDCTP3-2026-SCILEADERSHIPWOMANSSAPRIZE'],['text/plain'],,['2026-05-27T00:00:00.000+0000'],['2026-09-24T00:00:00.000+0000'],,['en'],['HORIZON-JU-EDCTP3-2026-Scientific Leadership Woman SSA Prize'],['1'],['https://ec.europa.eu/info/funding-tenders/opportunities/portal/screen/opportunities/topic-details/HORIZON-JU-EDCTP3-2026-SCILEADERSHIPWOMANSSAPRIZE'],['https://ec.europa.eu/info/funding-tenders/opportunities/portal/screen/opportunities/topic-details/HORIZON-JU-EDCTP3-2026-SCILEADERSHIPWOMANSSAPRIZE'],['51349786'],['SEDIA'],['51349717TOPICSen'],,['43108390'],['2026-05-27T00:00:00.000+0000'],['single-stage'],['31094502'],['HORIZON Recognition Prize'],2026-09-20 09:08:50.362431+00:00
2.155,51349701TOPICSen,https://ec.europa.eu/info/funding-tenders/opportunities/portal/screen/opportunities/topic-details/HORIZON-JU-EDCTP3-2026-SCILEADERSHIPWOMANEUPRIZE,text/plain,en,SEDIA,SEDIA,HORIZON-JU-EDCTP3-2026-Scientific Leadership Woman EU Prize,0.0,HORIZON-JU-EDCTP3-2026-Scientific Leadership Woman EU Prize,False,[],[],HORIZON-JU-EDCTP3-2026-Scientific Leadership Woman EU Prize. Available at: https://ec.europa.eu/info/funding-tenders/opportunities/portal/screen/opportunities/topic-details/HORIZON-JU-EDCTP3-2026-SCILEADERSHIPWOMANEUPRIZE,['HORIZON-JU-EDCTP3-2026-SCILEADERSHIPWOMANEUPRIZE'],['text/plain'],,['2026-05-27T00:00:00.000+0000'],['2026-09-24T00:00:00.000+0000'],,['en'],['HORIZON-JU-EDCTP3-2026-Scientific Leadership Woman EU Prize'],['1'],['https://ec.europa.eu/info/funding-tenders/opportunities/portal/screen/opportunities/topic-details/HORIZON-JU-EDCTP3-2026-SCILEADERSHIPWOMANEUPRIZE'],['https://ec.europa.eu/info/funding-tenders/opportunities/portal/screen/opportunities/topic-details/HORIZON-JU-EDCTP3-2026-SCILEADERSHIPWOMANEUPRIZE'],['51349778'],['SEDIA'],['51349701TOPICSen'],,['43108390'],['2026-05-27T00:00:00.000+0000'],['single-stage'],['31094502'],['HORIZON Recognition Prize'],2026-09-20 09:08:50.362431+00:00
2.155,51349621TOPICSen,https://ec.europa.eu/info/funding-tenders/opportunities/portal/screen/opportunities/topic-details/HORIZON-JU-EDCTP3-2026-DRPASCOALMOCUMBIPRIZE,text/plain,en,SEDIA,SEDIA,HORIZON-JU-EDCTP3-2026-Dr Pascoal Mocumbi Prize,0.0,HORIZON-JU-EDCTP3-2026-Dr Pascoal Mocumbi Prize,False,[],[],HORIZON-JU-EDCTP3-2026-Dr Pascoal Mocumbi Prize. Available at: https://ec.europa.eu/info/funding-tenders/opportunities/portal/screen/opportunities/topic-details/HORIZON-JU-EDCTP3-2026-DRPASCOALMOCUMBIPRIZE,['HORIZON-JU-EDCTP3-2026-DRPASCOALMOCUMBIPRIZE'],['text/plain'],,['2026-05-27T00:00:00.000+0000'],['2026-09-24T00:00:00.000+0000'],,['en'],['HORIZON-JU-EDCTP3-2026-Dr Pascoal Mocumbi Prize'],['1'],['https://ec.europa.eu/info/funding-tenders/opportunities/portal/screen/opportunities/topic-details/HORIZON-JU-EDCTP3-2026-DRPASCOALMOCUMBIPRIZE'],['https://ec.europa.eu/info/funding-tenders/opportunities/portal/screen/opportunities/topic-details/HORIZON-JU-EDCTP3-2026-DRPASCOALMOCUMBIPRIZE'],['51349738'],['SEDIA'],['51349621TOPICSen'],,['43108390'],['2026-05-27T00:00:00.000+0000'],['single-stage'],['31094502'],['HORIZON Recognition Prize'],2026-09-20 09:08:50.362431+00:00
2.155,51349685TOPICSen,https://ec.europa.eu/info/funding-tenders/opportunities/portal/screen/opportunities/topic-details/HORIZON-JU-EDCTP3-2026-SCILEADERSHIPMANSSAPRIZE,text/plain,en,SEDIA,SEDIA,HORIZON-JU-EDCTP3-2026-Scientific Leadership Man SSA Prize,0.0,HORIZON-JU-EDCTP3-2026-Scientific Leadership Man SSA Prize,False,[],[],HORIZON-JU-EDCTP3-2026-Scientific Leadership Man SSA Prize. Available at: https://ec.europa.eu/info/funding-tenders/opportunities/portal/screen/opportunities/topic-details/HORIZON-JU-EDCTP3-2026-SCILEADERSHIPMANSSAPRIZE,['HORIZON-JU-EDCTP3-2026-SCILEADERSHIPMANSSAPRIZE'],['text/plain'],,['2026-05-27T00:00:00.000+0000'],['2026-09-24T00:00:00.000+0000'],,['en'],['HORIZON-JU-EDCTP3-2026-Scientific Leadership Man SSA Prize'],['1'],['https://ec.europa.eu/info/funding-tenders/opportunities/portal/screen/opportunities/topic-details/HORIZON-JU-EDCTP3-2026-SCILEADERSHIPMANSSAPRIZE'],['https://ec.europa.eu/info/funding-tenders/opportunities/portal/screen/opportunities/topic-details/HORIZON-JU-EDCTP3-2026-SCILEADERSHIPMANSSAPRIZE'],['51349770'],['SEDIA'],['51349685TOPICSen'],,['43108390'],['2026-05-27T00:00:00.000+0000'],['single-stage'],['31094502'],['HORIZON Recognition Prize'],2026-09-20 09:08:50.362431+00:00
2.155,51349669TOPICSen,https://ec.europa.eu/info/funding-tenders/opportunities/portal/screen/opportunities/topic-details/HORIZON-JU-EDCTP3-2026-SCILEADERSHIPMANEUPRIZE,text/plain,en,SEDIA,SEDIA,HORIZON-JU-EDCTP3-2026-Scientific Leadership Man EU Prize,0.0,HORIZON-JU-EDCTP3-2026-Scientific Leadership Man EU Prize,False,[],[],HORIZON-JU-EDCTP3-2026-Scientific Leadership Man EU Prize. Available at: https://ec.europa.eu/info/funding-tenders/opportunities/portal/screen/opportunities/topic-details/HORIZON-JU-EDCTP3-2026-SCILEADERSHIPMANEUPRIZE,['HORIZON-JU-EDCTP3-2026-SCILEADERSHIPMANEUPRIZE'],['text/plain'],,['2026-05-27T00:00:00.000+0000'],['2026-09-24T00:00:00.000+0000'],,['en'],['HORIZON-JU-EDCTP3-2026-Scientific Leadership Man EU Prize'],['1'],['https://ec.europa.eu/info/funding-tenders/opportunities/portal/screen/opportunities/topic-details/HORIZON-JU-EDCTP3-2026-SCILEADERSHIPMANEUPRIZE'],['https://ec.europa.eu/info/funding-tenders/opportunities/portal/screen/opportunities/topic-details/HORIZON-JU-EDCTP3-2026-SCILEADERSHIPMANEUPRIZE'],['51349762'],['SEDIA'],['51349669TOPICSen'],,['43108390'],['2026-05-27T00:00:00.000+0000'],['single-stage'],['31094502'],['HORIZON Recognition Prize'],2026-09-20 09:08:50.362431+00:00
2.155,51349653TOPICSen,https://ec.europa.eu/info/funding-tenders/opportunities/portal/screen/opportunities/topic-details/HORIZON-JU-EDCTP3-2026-OUTSRESEARCHTEAMPRIZE,text/plain,en,SEDIA,SEDIA,HORIZON-JU-EDCTP3-2026-Outstanding Research Team Prize,0.0,HORIZON-JU-EDCTP3-2026-Outstanding Research Team Prize,False,[],[],HORIZON-JU-EDCTP3-2026-Outstanding Research Team Prize. Available at: https://ec.europa.eu/info/funding-tenders/opportunities/portal/screen/opportunities/topic-details/HORIZON-JU-EDCTP3-2026-OUTSRESEARCHTEAMPRIZE,['HORIZON-JU-EDCTP3-2026-OUTSRESEARCHTEAMPRIZE'],['text/plain'],,['2026-05-27T00:00:00.000+0000'],['2026-09-24T00:00:00.000+0000'],,['en'],['HORIZON-JU-EDCTP3-2026-Outstanding Research Team Prize'],['1'],['https://ec.europa.eu/info/funding-tenders/opportunities/portal/screen/opportunities/topic-details/HORIZON-JU-EDCTP3-2026-OUTSRESEARCHTEAMPRIZE'],['https://ec.europa.eu/info/funding-tenders/opportunities/portal/screen/opportunities/topic-details/HORIZON-JU-EDCTP3-2026-OUTSRESEARCHTEAMPRIZE'],['51349754'],['SEDIA'],['51349653TOPICSen'],,['43108390'],['2026-05-27T00:00:00.000+0000'],['single-stage'],['31094502'],['HORIZON Recognition Prize'],2026-09-20 09:08:50.362431+00:00
2.155,51349637TOPICSen,https://ec.europa.eu/info/funding-tenders/opportunities/portal/screen/opportunities/topic-details/HORIZON-JU-EDCTP3-2026-OUTSFEMALESCIENTISTPRIZE,text/plain,en,SEDIA,SEDIA,HORIZON-JU-EDCTP3-2026-Outstanding Female Scientist Prize,0.0,HORIZON-JU-EDCTP3-2026-Outstanding Female Scientist Prize,False,[],[],HORIZON-JU-EDCTP3-2026-Outstanding Female Scientist Prize. Available at: https://ec.europa.eu/info/funding-tenders/opportunities/portal/screen/opportunities/topic-details/HORIZON-JU-EDCTP3-2026-OUTSFEMALESCIENTISTPRIZE,['HORIZON-JU-EDCTP3-2026-OUTSFEMALESCIENTISTPRIZE'],['text/plain'],,['2026-05-27T00:00:00.000+0000'],['2026-09-24T00:00:00.000+0000'],,['en'],['HORIZON-JU-EDCTP3-2026-Outstanding Female Scientist Prize'],['1'],['https://ec.europa.eu/info/funding-tenders/opportunities/portal/screen/opportunities/topic-details/HORIZON-JU-EDCTP3-2026-OUTSFEMALESCIENTISTPRIZE'],['https://ec.europa.eu/info/funding-tenders/opportunities/portal/screen/opportunities/topic-details/HORIZON-JU-EDCTP3-2026-OUTSFEMALESCIENTISTPRIZE'],['51349746'],['SEDIA'],['51349637TOPICSen'],,['43108390'],['2026-05-27T00:00:00.000+0000'],['single-stage'],['31094502'],['HORIZON Recognition Prize'],2026-09-20 09:08:50.362431+00:00
2.155,51331826TOPICSen,https://ec.europa.eu/info/funding-tenders/opportunities/portal/screen/opportunities/topic-details/PPPA-2026-IRIS2-UT-IND-READINESS,text/plain,en,SEDIA,SEDIA,Industrial Readiness for Affordable Ka-band User Terminals,0.0,Industrial Readiness for Affordable Ka-band User Terminals,False,[],[],Industrial Readiness for Affordable Ka-band User Terminals. Available at: https://ec.europa.eu/info/funding-tenders/opportunities/portal/screen/opportunities/topic-details/PPPA-2026-IRIS2-UT-IND-READINESS,['PPPA-2026-IRIS2-UT-IND-READINESS'],['text/plain'],,['2026-05-27T00:00:00.000+0000'],['2026-09-23T00:00:00.000+0000'],,['en'],['Industrial Readiness for Affordable Ka-band User Terminals'],['1'],['https://ec.europa.eu/info/funding-tenders/opportunities/portal/screen/opportunities/topic-details/PPPA-2026-IRIS2-UT-IND-READINESS'],['https://ec.europa.eu/info/funding-tenders/opportunities/portal/screen/opportunities/topic-details/PPPA-2026-IRIS2-UT-IND-READINESS'],['51331854'],['SEDIA'],['51331826TOPICSen'],,['43637601'],['2026-05-27T00:00:00.000+0000'],['single-stage'],['31094502'],['Pilot Projects and Preparatory Actions'],2026-09-20 09:08:50.362431+00:00
2.155,186296PROSPECTSEN,https://webgate.ec.europa.eu/prospect/external/publishedcalls.htm?callId=186296,text/plain,en,SEDIA,SEDIA,Rule of Law (ROLAW III),0.0,Rule of Law (ROLAW III),False,[],[],Rule of Law (ROLAW III). Available at: https://webgate.ec.europa.eu/prospect/external/publishedcalls.htm?callId=186296,['EuropeAid/186296/DD/ACT/MK'],['text/plain'],,['2026-05-13T10:00:00.000+0000'],['2026-09-21T14:00:09.000+0000'],,['en'],['Rule of Law (ROLAW III)'],['2'],['https://webgate.ec.europa.eu/prospect/external/publishedcalls.htm?callId=186296'],['https://webgate.ec.europa.eu/prospect/external/publishedcalls.htm?callId=186296'],,['SEDIA'],['186296PROSPECTSEN'],,['111111'],['2026-05-13T10:00:00.000+0000'],,['31094502'],,2026-09-20 09:08:50.362431+00:00
2.155,14063COMPETITIVE_CALLen,https://ec.europa.eu/info/funding-tenders/opportunities/portal/screen/opportunities/competitive-calls-cs/47108154,text/plain,en,SEDIA,SEDIA,RESIST II PROCESS INNOVATION OPEN CALL,0.0,RESIST II PROCESS INNOVATION OPEN CALL,False,[],[],Joint Cluster Initiatives (EUROCLUSTERS) for Europe’s recovery. Available at: https://ec.europa.eu/info/funding-tenders/opportunities/portal/screen/opportunities/competitive-calls-cs/47108154,['SMP-COSME-2024-CLUSTER-01'],['text/plain'],['RESIST II PROCESS INNOVATION OPEN CALL'],['2026-05-13T00:00:00.000+0000'],"['2026-07-13T17:00:00.000+0000', '2027-07-13T17:00:00.000+0000']","['<p>Project cost categories may include:</p><p>• External services and procurement (e.g. testing, certification, consulting, specialised technical services)</p><p>• Equipment, components and consumables</p><p>• Personnel costs of staff directly involved in the project</p><p>• Prototype development, pilot testing and validation activities</p>']",['en'],['Joint Cluster Initiatives (EUROCLUSTERS) for Europe’s recovery'],['8'],['https://ec.europa.eu/info/funding-tenders/opportunities/portal/screen/opportunities/competitive-calls-cs/47108154'],['https://ec.europa.eu/info/funding-tenders/opportunities/portal/screen/opportunities/competitive-calls-cs/47108154'],['14063'],['SEDIA'],['14063COMPETITIVE_CALLen'],['RESIST II'],['43252476'],['2026-05-13T00:00:00.000+0000'],['multiple cut-off'],['31094502'],,2026-09-20 09:08:50.362431+00:00
2.155,14062COMPETITIVE_CALLen,https://ec.europa.eu/info/funding-tenders/opportunities/portal/screen/opportunities/competitive-calls-cs/47108154,text/plain,en,SEDIA,SEDIA,RESIST II PRODUCT INNOVATION OPEN CALL,0.0,RESIST II PRODUCT INNOVATION OPEN CALL,False,[],[],Joint Cluster Initiatives (EUROCLUSTERS) for Europe’s recovery. Available at: https://ec.europa.eu/info/funding-tenders/opportunities/portal/screen/opportunities/competitive-calls-cs/47108154,['SMP-COSME-2024-CLUSTER-01'],['text/plain'],['RESIST II PRODUCT INNOVATION OPEN CALL'],['2026-05-13T00:00:00.000+0000'],"['2026-07-13T17:00:00.000+0000', '2027-07-13T17:00:00.000+0000']","['<p>Project cost categories may include:</p><p>• External services and procurement (e.g. testing, certification, consulting, specialised technical services)</p><p>• Equipment, components and consumables</p><p>• Personnel costs of staff directly involved in the project</p><p>• Prototype development, pilot testing and validation activities</p>']",['en'],['Joint Cluster Initiatives (EUROCLUSTERS) for Europe’s recovery'],['8'],['https://ec.europa.eu/info/funding-tenders/opportunities/portal/screen/opportunities/competitive-calls-cs/47108154'],['https://ec.europa.eu/info/funding-tenders/opportunities/portal/screen/opportunities/competitive-calls-cs/47108154'],['14062'],['SEDIA'],['14062COMPETITIVE_CALLen'],['RESIST II'],['43252476'],['2026-05-13T00:00:00.000+0000'],['multiple cut-off'],['31094502'],,2026-09-20 09:08:50.362431+00:00
2.155,51181685TOPICSen,https://ec.europa.eu/info/funding-tenders/opportunities/portal/screen/opportunities/topic-details/I3-2026-INV2a,text/plain,en,SEDIA,SEDIA,I3-2026-INV2a - Interregional Innovation Investments Strand 2a,0.0,I3-2026-INV2a - Interregional Innovation Investments Strand 2a,False,[],[],I3-2026-INV2a - Interregional Innovation Investments Strand 2a. Available at: https://ec.europa.eu/info/funding-tenders/opportunities/portal/screen/opportunities/topic-details/I3-2026-INV2a,['I3-2026-INV2a'],['text/plain'],,['2026-05-13T00:00:00.000+0000'],['2026-11-12T00:00:00.000+0000'],,['en'],['I3-2026-INV2a - Interregional Innovation Investments Strand 2a'],['1'],['https://ec.europa.eu/info/funding-tenders/opportunities/portal/screen/opportunities/topic-details/I3-2026-INV2a'],['https://ec.europa.eu/info/funding-tenders/opportunities/portal/screen/opportunities/topic-details/I3-2026-INV2a'],['51181710'],['SEDIA'],['51181685TOPICSen'],,['44416173'],['2026-05-13T00:00:00.000+0000'],['single-stage'],['31094502'],['I3 Project Grants'],2026-09-20 09:08:50.362431+00:00
2.155,51181644TOPICSen,https://ec.europa.eu/info/funding-tenders/opportunities/portal/screen/opportunities/topic-details/I3-2026-INV1,text/plain,en,SEDIA,SEDIA,I3-2026-INV1 - Interregional Innovation Investments Strand 1,0.0,I3-2026-INV1 - Interregional Innovation Investments Strand 1,False,[],[],I3-2026-INV1 - Interregional Innovation Investments Strand 1. Available at: https://ec.europa.eu/info/funding-tenders/opportunities/portal/screen/opportunities/topic-details/I3-2026-INV1,['I3-2026-INV1'],['text/plain'],,['2026-05-13T00:00:00.000+0000'],['2026-11-12T00:00:00.000+0000'],,['en'],['I3-2026-INV1 - Interregional Innovation Investments Strand 1'],['1'],['https://ec.europa.eu/info/funding-tenders/opportunities/portal/screen/opportunities/topic-details/I3-2026-INV1'],['https://ec.europa.eu/info/funding-tenders/opportunities/portal/screen/opportunities/topic-details/I3-2026-INV1'],['51181669'],['SEDIA'],['51181644TOPICSen'],,['44416173'],['2026-05-13T00:00:00.000+0000'],['single-stage'],['31094502'],['I3 Project Grants'],2026-09-20 09:08:50.362431+00:00
2.155,50219587TOPICSen,https://ec.europa.eu/info/funding-tenders/opportunities/portal/screen/opportunities/topic-details/HORIZON-CL2-2026-02-TRANSFO-01,text/plain,en,SEDIA,SEDIA,Co-funded European Partnership for Social Transformations and Resilience,0.0,Co-funded European Partnership for Social Transformations and Resilience,False,[],[],Co-funded European Partnership for Social Transformations and Resilience. Available at: https://ec.europa.eu/info/funding-tenders/opportunities/portal/screen/opportunities/topic-details/HORIZON-CL2-2026-02-TRANSFO-01,['HORIZON-CL2-2026-02-TRANSFO-01'],['text/plain'],,['2026-05-12T00:00:00.000+0000'],['2026-10-13T00:00:00.000+0000'],,['en'],['Co-funded European Partnership for Social Transformations and Resilience'],['1'],['https://ec.europa.eu/info/funding-tenders/opportunities/portal/screen/opportunities/topic-details/HORIZON-CL2-2026-02-TRANSFO-01'],['https://ec.europa.eu/info/funding-tenders/opportunities/portal/screen/opportunities/topic-details/HORIZON-CL2-2026-02-TRANSFO-01'],['50219636'],['SEDIA'],['50219587TOPICSen'],,['43108390'],['2026-05-12T00:00:00.000+0000'],['single-stage'],['31094502'],['HORIZON Programme Cofund Actions'],2026-09-20 09:08:50.362431+00:00
2.155,51102091TOPICSen,https://ec.europa.eu/info/funding-tenders/opportunities/portal/screen/opportunities/topic-details/LIFE-2026-NGO-OG-SGA,text/plain,en,SEDIA,SEDIA,LIFE Operating Grants,0.0,LIFE Operating Grants,False,[],[],LIFE Operating Grants. Available at: https://ec.europa.eu/info/funding-tenders/opportunities/portal/screen/opportunities/topic-details/LIFE-2026-NGO-OG-SGA,['LIFE-2026-NGO-OG-SGA'],['text/plain'],,['2026-05-12T00:00:00.000+0000'],['2026-09-22T00:00:00.000+0000'],,['en'],['LIFE Operating Grants'],['1'],['https://ec.europa.eu/info/funding-tenders/opportunities/portal/screen/opportunities/topic-details/LIFE-2026-NGO-OG-SGA'],['https://ec.europa.eu/info/funding-tenders/opportunities/portal/screen/opportunities/topic-details/LIFE-2026-NGO-OG-SGA'],['51102102'],['SEDIA'],['51102091TOPICSen'],,['43252405'],['2026-05-12T00:00:00.000+0000'],['single-stage'],['31094502'],['LIFE Operating Grants Framework Partnerships'],2026-09-20 09:08:50.362431+00:00
2.155,50219360TOPICSen,https://ec.europa.eu/info/funding-tenders/opportunities/portal/screen/opportunities/topic-details/HORIZON-CL2-2026-01-TRANSFO-08,text/plain,en,SEDIA,SEDIA,"Strengthened implementation of the EU Pact on Migration and Asylum and a focus on inclusion, integration, and health",0.0,"Strengthened implementation of the EU Pact on Migration and Asylum and a focus on inclusion, integration, and health",False,[],[],"Strengthened implementation of the EU Pact on Migration and Asylum and a focus on inclusion, integration, and health. Available at: https://ec.europa.eu/info/funding-tenders/opportunities/portal/screen/opportunities/topic-details/HORIZON-CL2-2026-01-TRANSFO-08",['HORIZON-CL2-2026-01-TRANSFO-08'],['text/plain'],,['2026-05-12T00:00:00.000+0000'],['2026-09-23T00:00:00.000+0000'],,['en'],"['Strengthened implementation of the EU Pact on Migration and Asylum and a focus on inclusion, integration, and health']",['1'],['https://ec.europa.eu/info/funding-tenders/opportunities/portal/screen/opportunities/topic-details/HORIZON-CL2-2026-01-TRANSFO-08'],['https://ec.europa.eu/info/funding-tenders/opportunities/portal/screen/opportunities/topic-details/HORIZON-CL2-2026-01-TRANSFO-08'],['50219442'],['SEDIA'],['50219360TOPICSen'],,['43108390'],['2026-05-12T00:00:00.000+0000'],['single-stage'],['31094502'],['HORIZON  Research and Innovation Actions'],2026-09-20 09:08:50.362431+00:00
2.155,50218968TOPICSen,https://ec.europa.eu/info/funding-tenders/opportunities/portal/screen/opportunities/topic-details/HORIZON-CL2-2026-01-DEMOCRACY-01,text/plain,en,SEDIA,SEDIA,Tackling gender-based violence against politically active women and LGBTIQ people,0.0,Tackling gender-based violence against politically active women and LGBTIQ people,False,[],[],Tackling gender-based violence against politically active women and LGBTIQ people. Available at: https://ec.europa.eu/info/funding-tenders/opportunities/portal/screen/opportunities/topic-details/HORIZON-CL2-2026-01-DEMOCRACY-01,['HORIZON-CL2-2026-01-DEMOCRACY-01'],['text/plain'],,['2026-05-12T00:00:00.000+0000'],['2026-09-23T00:00:00.000+0000'],,['en'],['Tackling gender-based violence against politically active women and LGBTIQ people'],['1'],['https://ec.europa.eu/info/funding-tenders/opportunities/portal/screen/opportunities/topic-details/HORIZON-CL2-2026-01-DEMOCRACY-01'],['https://ec.europa.eu/info/funding-tenders/opportunities/portal/screen/opportunities/topic-details/HORIZON-CL2-2026-01-DEMOCRACY-01'],['50219442'],['SEDIA'],['50218968TOPICSen'],,['43108390'],['2026-05-12T00:00:00.000+0000'],['single-stage'],['31094502'],['HORIZON  Research and Innovation Actions'],2026-09-20 09:08:50.362431+00:00
2.155,50218389TOPICSen,https://ec.europa.eu/info/funding-tenders/opportunities/portal/screen/opportunities/topic-details/HORIZON-CL2-2026-01-HERITAGE-01,text/plain,en,SEDIA,SEDIA,"“Artistic intelligence” : harnessing the power of the arts to address complex challenges, enhance soft skills and boost innovation and competitiveness",0.0,"“Artistic intelligence” : harnessing the power of the arts to address complex challenges, enhance soft skills and boost innovation and competitiveness",False,[],[],"“Artistic intelligence” : harnessing the power of the arts to address complex challenges, enhance soft skills and boost innovation and competitiveness. Available at: https://ec.europa.eu/info/funding-tenders/opportunities/portal/screen/opportunities/topic-details/HORIZON-CL2-2026-01-HERITAGE-01",['HORIZON-CL2-2026-01-HERITAGE-01'],['text/plain'],,['2026-05-12T00:00:00.000+0000'],['2026-09-23T00:00:00.000+0000'],,['en'],"['“Artistic intelligence” : harnessing the power of the arts to address complex challenges, enhance soft skills and boost innovation and competitiveness']",['1'],['https://ec.europa.eu/info/funding-tenders/opportunities/portal/screen/opportunities/topic-details/HORIZON-CL2-2026-01-HERITAGE-01'],['https://ec.europa.eu/info/funding-tenders/opportunities/portal/screen/opportunities/topic-details/HORIZON-CL2-2026-01-HERITAGE-01'],['50219442'],['SEDIA'],['50218389TOPICSen'],,['43108390'],['2026-05-12T00:00:00.000+0000'],['single-stage'],['31094502'],['HORIZON  Research and Innovation Actions'],2026-09-20 09:08:50.362431+00:00
2.155,50218468TOPICSen,https://ec.europa.eu/info/funding-tenders/opportunities/portal/screen/opportunities/topic-details/HORIZON-CL2-2026-01-HERITAGE-02,text/plain,en,SEDIA,SEDIA,Boosting creative startups for disruptive innovation,0.0,Boosting creative startups for disruptive innovation,False,[],[],Boosting creative startups for disruptive innovation. Available at: https://ec.europa.eu/info/funding-tenders/opportunities/portal/screen/opportunities/topic-details/HORIZON-CL2-2026-01-HERITAGE-02,['HORIZON-CL2-2026-01-HERITAGE-02'],['text/plain'],,['2026-05-12T00:00:00.000+0000'],['2026-09-23T00:00:00.000+0000'],,['en'],['Boosting creative startups for disruptive innovation'],['1'],['https://ec.europa.eu/info/funding-tenders/opportunities/portal/screen/opportunities/topic-details/HORIZON-CL2-2026-01-HERITAGE-02'],['https://ec.europa.eu/info/funding-tenders/opportunities/portal/screen/opportunities/topic-details/HORIZON-CL2-2026-01-HERITAGE-02'],['50219442'],['SEDIA'],['50218468TOPICSen'],,['43108390'],['2026-05-12T00:00:00.000+0000'],['single-stage'],['31094502'],['HORIZON Innovation Actions'],2026-09-20 09:08:50.362431+00:00
2.155,50219259TOPICSen,https://ec.europa.eu/info/funding-tenders/opportunities/portal/screen/opportunities/topic-details/HORIZON-CL2-2026-01-DEMOCRACY-10,text/plain,en,SEDIA,SEDIA,Digital and media literacy as drivers for democratic and civic resilience,0.0,Digital and media literacy as drivers for democratic and civic resilience,False,[],[],Digital and media literacy as drivers for democratic and civic resilience. Available at: https://ec.europa.eu/info/funding-tenders/opportunities/portal/screen/opportunities/topic-details/HORIZON-CL2-2026-01-DEMOCRACY-10,['HORIZON-CL2-2026-01-DEMOCRACY-10'],['text/plain'],,['2026-05-12T00:00:00.000+0000'],['2026-09-23T00:00:00.000+0000'],,['en'],['Digital and media literacy as drivers for democratic and civic resilience'],['1'],['https://ec.europa.eu/info/funding-tenders/opportunities/portal/screen/opportunities/topic-details/HORIZON-CL2-2026-01-DEMOCRACY-10'],['https://ec.europa.eu/info/funding-tenders/opportunities/portal/screen/opportunities/topic-details/HORIZON-CL2-2026-01-DEMOCRACY-10'],['50219442'],['SEDIA'],['50219259TOPICSen'],,['43108390'],['2026-05-12T00:00:00.000+0000'],['single-stage'],['31094502'],['HORIZON  Research and Innovation Actions'],2026-09-20 09:08:50.362431+00:00
2.155,50218883TOPICSen,https://ec.europa.eu/info/funding-tenders/opportunities/portal/screen/opportunities/topic-details/HORIZON-CL2-2026-01-DEMOCRACY-07,text/plain,en,SEDIA,SEDIA,Supporting post-conflict democracy and reconstruction,0.0,Supporting post-conflict democracy and reconstruction,False,[],[],Supporting post-conflict democracy and reconstruction. Available at: https://ec.europa.eu/info/funding-tenders/opportunities/portal/screen/opportunities/topic-details/HORIZON-CL2-2026-01-DEMOCRACY-07,['HORIZON-CL2-2026-01-DEMOCRACY-07'],['text/plain'],,['2026-05-12T00:00:00.000+0000'],['2026-09-23T00:00:00.000+0000'],,['en'],['Supporting post-conflict democracy and reconstruction'],['1'],['https://ec.europa.eu/info/funding-tenders/opportunities/portal/screen/opportunities/topic-details/HORIZON-CL2-2026-01-DEMOCRACY-07'],['https://ec.europa.eu/info/funding-tenders/opportunities/portal/screen/opportunities/topic-details/HORIZON-CL2-2026-01-DEMOCRACY-07'],['50219442'],['SEDIA'],['50218883TOPICSen'],,['43108390'],['2026-05-12T00:00:00.000+0000'],['single-stage'],['31094502'],['HORIZON  Research and Innovation Actions'],2026-09-20 09:08:50.362431+00:00
2.155,50219105TOPICSen,https://ec.europa.eu/info/funding-tenders/opportunities/portal/screen/opportunities/topic-details/HORIZON-CL2-2026-01-DEMOCRACY-06,text/plain,en,SEDIA,SEDIA,Governing global commons sustainably,0.0,Governing global commons sustainably,False,[],[],Governing global commons sustainably. Available at: https://ec.europa.eu/info/funding-tenders/opportunities/portal/screen/opportunities/topic-details/HORIZON-CL2-2026-01-DEMOCRACY-06,['HORIZON-CL2-2026-01-DEMOCRACY-06'],['text/plain'],,['2026-05-12T00:00:00.000+0000'],['2026-09-23T00:00:00.000+0000'],,['en'],['Governing global commons sustainably'],['1'],['https://ec.europa.eu/info/funding-tenders/opportunities/portal/screen/opportunities/topic-details/HORIZON-CL2-2026-01-DEMOCRACY-06'],['https://ec.europa.eu/info/funding-tenders/opportunities/portal/screen/opportunities/topic-details/HORIZON-CL2-2026-01-DEMOCRACY-06'],['50219442'],['SEDIA'],['50219105TOPICSen'],,['43108390'],['2026-05-12T00:00:00.000+0000'],['single-stage'],['31094502'],['HORIZON  Research and Innovation Actions'],2026-09-20 09:08:50.362431+00:00
2.155,50219399TOPICSen,https://ec.europa.eu/info/funding-tenders/opportunities/portal/screen/opportunities/topic-details/HORIZON-CL2-2026-01-HERITAGE-07,text/plain,en,SEDIA,SEDIA,Preventing and fighting illicit trafficking of cultural goods,0.0,Preventing and fighting illicit trafficking of cultural goods,False,[],[],Preventing and fighting illicit trafficking of cultural goods. Available at: https://ec.europa.eu/info/funding-tenders/opportunities/portal/screen/opportunities/topic-details/HORIZON-CL2-2026-01-HERITAGE-07,['HORIZON-CL2-2026-01-HERITAGE-07'],['text/plain'],,['2026-05-12T00:00:00.000+0000'],['2026-09-23T00:00:00.000+0000'],,['en'],['Preventing and fighting illicit trafficking of cultural goods'],['1'],['https://ec.europa.eu/info/funding-tenders/opportunities/portal/screen/opportunities/topic-details/HORIZON-CL2-2026-01-HERITAGE-07'],['https://ec.europa.eu/info/funding-tenders/opportunities/portal/screen/opportunities/topic-details/HORIZON-CL2-2026-01-HERITAGE-07'],['50219442'],['SEDIA'],['50219399TOPICSen'],,['43108390'],['2026-05-12T00:00:00.000+0000'],['single-stage'],['31094502'],['HORIZON Coordination and Support Actions'],2026-09-20 09:08:50.362431+00:00
2.155,50219156TOPICSen,https://ec.europa.eu/info/funding-tenders/opportunities/portal/screen/opportunities/topic-details/HORIZON-CL2-2026-01-HERITAGE-05,text/plain,en,SEDIA,SEDIA,Creative alliances: Fostering global partnerships in cultural policies and CCI innovation,0.0,Creative alliances: Fostering global partnerships in cultural policies and CCI innovation,False,[],[],Creative alliances: Fostering global partnerships in cultural policies and CCI innovation. Available at: https://ec.europa.eu/info/funding-tenders/opportunities/portal/screen/opportunities/topic-details/HORIZON-CL2-2026-01-HERITAGE-05,['HORIZON-CL2-2026-01-HERITAGE-05'],['text/plain'],,['2026-05-12T00:00:00.000+0000'],['2026-09-23T00:00:00.000+0000'],,['en'],['Creative alliances: Fostering global partnerships in cultural policies and CCI innovation'],['1'],['https://ec.europa.eu/info/funding-tenders/opportunities/portal/screen/opportunities/topic-details/HORIZON-CL2-2026-01-HERITAGE-05'],['https://ec.europa.eu/info/funding-tenders/opportunities/portal/screen/opportunities/topic-details/HORIZON-CL2-2026-01-HERITAGE-05'],['50219442'],['SEDIA'],['50219156TOPICSen'],,['43108390'],['2026-05-12T00:00:00.000+0000'],['single-stage'],['31094502'],['HORIZON  Research and Innovation Actions'],2026-09-20 09:08:50.362431+00:00
2.155,50219003TOPICSen,https://ec.europa.eu/info/funding-tenders/opportunities/portal/screen/opportunities/topic-details/HORIZON-CL2-2026-01-DEMOCRACY-02,text/plain,en,SEDIA,SEDIA,Understanding the forms of local democracy in low-income and low-middle income countries,0.0,Understanding the forms of local democracy in low-income and low-middle income countries,False,[],[],Understanding the forms of local democracy in low-income and low-middle income countries. Available at: https://ec.europa.eu/info/funding-tenders/opportunities/portal/screen/opportunities/topic-details/HORIZON-CL2-2026-01-DEMOCRACY-02,['HORIZON-CL2-2026-01-DEMOCRACY-02'],['text/plain'],,['2026-05-12T00:00:00.000+0000'],['2026-09-23T00:00:00.000+0000'],,['en'],['Understanding the forms of local democracy in low-income and low-middle income countries'],['1'],['https://ec.europa.eu/info/funding-tenders/opportunities/portal/screen/opportunities/topic-details/HORIZON-CL2-2026-01-DEMOCRACY-02'],['https://ec.europa.eu/info/funding-tenders/opportunities/portal/screen/opportunities/topic-details/HORIZON-CL2-2026-01-DEMOCRACY-02'],['50219442'],['SEDIA'],['50219003TOPICSen'],,['43108390'],['2026-05-12T00:00:00.000+0000'],['single-stage'],['31094502'],['HORIZON  Research and Innovation Actions'],2026-09-20 09:08:50.362431+00:00
2.155,50218848TOPICSen,https://ec.europa.eu/info/funding-tenders/opportunities/portal/screen/opportunities/topic-details/HORIZON-CL2-2026-01-DEMOCRACY-04,text/plain,en,SEDIA,SEDIA,Sustainable paths to media viability,0.0,Sustainable paths to media viability,False,[],[],Sustainable paths to media viability. Available at: https://ec.europa.eu/info/funding-tenders/opportunities/portal/screen/opportunities/topic-details/HORIZON-CL2-2026-01-DEMOCRACY-04,['HORIZON-CL2-2026-01-DEMOCRACY-04'],['text/plain'],,['2026-05-12T00:00:00.000+0000'],['2026-09-23T00:00:00.000+0000'],,['en'],['Sustainable paths to media viability'],['1'],['https://ec.europa.eu/info/funding-tenders/opportunities/portal/screen/opportunities/topic-details/HORIZON-CL2-2026-01-DEMOCRACY-04'],['https://ec.europa.eu/info/funding-tenders/opportunities/portal/screen/opportunities/topic-details/HORIZON-CL2-2026-01-DEMOCRACY-04'],['50219442'],['SEDIA'],['50218848TOPICSen'],,['43108390'],['2026-05-12T00:00:00.000+0000'],['single-stage'],['31094502'],['HORIZON Innovation Actions'],2026-09-20 09:08:50.362431+00:00
2.155,50219225TOPICSen,https://ec.europa.eu/info/funding-tenders/opportunities/portal/screen/opportunities/topic-details/HORIZON-CL2-2026-01-DEMOCRACY-09,text/plain,en,SEDIA,SEDIA,Citizenship education as part of lifelong learning,0.0,Citizenship education as part of lifelong learning,False,[],[],Citizenship education as part of lifelong learning. Available at: https://ec.europa.eu/info/funding-tenders/opportunities/portal/screen/opportunities/topic-details/HORIZON-CL2-2026-01-DEMOCRACY-09,['HORIZON-CL2-2026-01-DEMOCRACY-09'],['text/plain'],,['2026-05-12T00:00:00.000+0000'],['2026-09-23T00:00:00.000+0000'],,['en'],['Citizenship education as part of lifelong learning'],['1'],['https://ec.europa.eu/info/funding-tenders/opportunities/portal/screen/opportunities/topic-details/HORIZON-CL2-2026-01-DEMOCRACY-09'],['https://ec.europa.eu/info/funding-tenders/opportunities/portal/screen/opportunities/topic-details/HORIZON-CL2-2026-01-DEMOCRACY-09'],['50219442'],['SEDIA'],['50219225TOPICSen'],,['43108390'],['2026-05-12T00:00:00.000+0000'],['single-stage'],['31094502'],['HORIZON  Research and Innovation Actions'],2026-09-20 09:08:50.362431+00:00
2.155,50218521TOPICSen,https://ec.europa.eu/info/funding-tenders/opportunities/portal/screen/opportunities/topic-details/HORIZON-CL2-2026-01-HERITAGE-03,text/plain,en,SEDIA,SEDIA,AI integration in CCSI work practice: catalysing innovation and competitiveness,0.0,AI integration in CCSI work practice: catalysing innovation and competitiveness,False,[],[],AI integration in CCSI work practice: catalysing innovation and competitiveness. Available at: https://ec.europa.eu/info/funding-tenders/opportunities/portal/screen/opportunities/topic-details/HORIZON-CL2-2026-01-HERITAGE-03,['HORIZON-CL2-2026-01-HERITAGE-03'],['text/plain'],,['2026-05-12T00:00:00.000+0000'],['2026-09-23T00:00:00.000+0000'],,['en'],['AI integration in CCSI work practice: catalysing innovation and competitiveness'],['1'],['https://ec.europa.eu/info/funding-tenders/opportunities/portal/screen/opportunities/topic-details/HORIZON-CL2-2026-01-HERITAGE-03'],['https://ec.europa.eu/info/funding-tenders/opportunities/portal/screen/opportunities/topic-details/HORIZON-CL2-2026-01-HERITAGE-03'],['50219442'],['SEDIA'],['50218521TOPICSen'],,['43108390'],['2026-05-12T00:00:00.000+0000'],['single-stage'],['31094502'],['HORIZON Innovation Actions'],2026-09-20 09:08:50.362431+00:00
2.155,50218710TOPICSen,https://ec.europa.eu/info/funding-tenders/opportunities/portal/screen/opportunities/topic-details/HORIZON-CL2-2026-01-TRANSFO-07,text/plain,en,SEDIA,SEDIA,Fostering competences for the green transition,0.0,Fostering competences for the green transition,False,[],[],Fostering competences for the green transition. Available at: https://ec.europa.eu/info/funding-tenders/opportunities/portal/screen/opportunities/topic-details/HORIZON-CL2-2026-01-TRANSFO-07,['HORIZON-CL2-2026-01-TRANSFO-07'],['text/plain'],,['2026-05-12T00:00:00.000+0000'],['2026-09-23T00:00:00.000+0000'],,['en'],['Fostering competences for the green transition'],['1'],['https://ec.europa.eu/info/funding-tenders/opportunities/portal/screen/opportunities/topic-details/HORIZON-CL2-2026-01-TRANSFO-07'],['https://ec.europa.eu/info/funding-tenders/opportunities/portal/screen/opportunities/topic-details/HORIZON-CL2-2026-01-TRANSFO-07'],['50219442'],['SEDIA'],['50218710TOPICSen'],,['43108390'],['2026-05-12T00:00:00.000+0000'],['single-stage'],['31094502'],['HORIZON  Research and Innovation Actions'],2026-09-20 09:08:50.362431+00:00
2.155,50218594TOPICSen,https://ec.europa.eu/info/funding-tenders/opportunities/portal/screen/opportunities/topic-details/HORIZON-CL2-2026-01-HERITAGE-04,text/plain,en,SEDIA,SEDIA,Towards a fair and transparent market for cultural and creative content in the era of generative AI,0.0,Towards a fair and transparent market for cultural and creative content in the era of generative AI,False,[],[],Towards a fair and transparent market for cultural and creative content in the era of generative AI. Available at: https://ec.europa.eu/info/funding-tenders/opportunities/portal/screen/opportunities/topic-details/HORIZON-CL2-2026-01-HERITAGE-04,['HORIZON-CL2-2026-01-HERITAGE-04'],['text/plain'],,['2026-05-12T00:00:00.000+0000'],['2026-09-23T00:00:00.000+0000'],,['en'],['Towards a fair and transparent market for cultural and creative content in the era of generative AI'],['1'],['https://ec.europa.eu/info/funding-tenders/opportunities/portal/screen/opportunities/topic-details/HORIZON-CL2-2026-01-HERITAGE-04'],['https://ec.europa.eu/info/funding-tenders/opportunities/portal/screen/opportunities/topic-details/HORIZON-CL2-2026-01-HERITAGE-04'],['50219442'],['SEDIA'],['50218594TOPICSen'],,['43108390'],['2026-05-12T00:00:00.000+0000'],['single-stage'],['31094502'],['HORIZON  Research and Innovation Actions'],2026-09-20 09:08:50.362431+00:00
2.155,50219332TOPICSen,https://ec.europa.eu/info/funding-tenders/opportunities/portal/screen/opportunities/topic-details/HORIZON-CL2-2026-01-TRANSFO-02,text/plain,en,SEDIA,SEDIA,Open topic: Strengthen Europe's social model and sustainable competitiveness through productivity,0.0,Open topic: Strengthen Europe's social model and sustainable competitiveness through productivity,False,[],[],Open topic: Strengthen Europe's social model and sustainable competitiveness through productivity. Available at: https://ec.europa.eu/info/funding-tenders/opportunities/portal/screen/opportunities/topic-details/HORIZON-CL2-2026-01-TRANSFO-02,['HORIZON-CL2-2026-01-TRANSFO-02'],['text/plain'],,['2026-05-12T00:00:00.000+0000'],['2026-09-23T00:00:00.000+0000'],,['en'],"[""Open topic: Strengthen Europe's social model and sustainable competitiveness through productivity""]",['1'],['https://ec.europa.eu/info/funding-tenders/opportunities/portal/screen/opportunities/topic-details/HORIZON-CL2-2026-01-TRANSFO-02'],['https://ec.europa.eu/info/funding-tenders/opportunities/portal/screen/opportunities/topic-details/HORIZON-CL2-2026-01-TRANSFO-02'],['50219442'],['SEDIA'],['50219332TOPICSen'],,['43108390'],['2026-05-12T00:00:00.000+0000'],['single-stage'],['31094502'],['HORIZON  Research and Innovation Actions'],2026-09-20 09:08:50.362431+00:00
2.155,50219065TOPICSen,https://ec.europa.eu/info/funding-tenders/opportunities/portal/screen/opportunities/topic-details/HORIZON-CL2-2026-01-DEMOCRACY-05,text/plain,en,SEDIA,SEDIA,Research and Innovation Network for a Union of Equality,0.0,Research and Innovation Network for a Union of Equality,False,[],[],Research and Innovation Network for a Union of Equality. Available at: https://ec.europa.eu/info/funding-tenders/opportunities/portal/screen/opportunities/topic-details/HORIZON-CL2-2026-01-DEMOCRACY-05,['HORIZON-CL2-2026-01-DEMOCRACY-05'],['text/plain'],,['2026-05-12T00:00:00.000+0000'],['2026-09-23T00:00:00.000+0000'],,['en'],['Research and Innovation Network for a Union of Equality'],['1'],['https://ec.europa.eu/info/funding-tenders/opportunities/portal/screen/opportunities/topic-details/HORIZON-CL2-2026-01-DEMOCRACY-05'],['https://ec.europa.eu/info/funding-tenders/opportunities/portal/screen/opportunities/topic-details/HORIZON-CL2-2026-01-DEMOCRACY-05'],['50219442'],['SEDIA'],['50219065TOPICSen'],,['43108390'],['2026-05-12T00:00:00.000+0000'],['single-stage'],['31094502'],['HORIZON Coordination and Support Actions'],2026-09-20 09:08:50.362431+00:00
2.155,50219297TOPICSen,https://ec.europa.eu/info/funding-tenders/opportunities/portal/screen/opportunities/topic-details/HORIZON-CL2-2026-01-HERITAGE-06,text/plain,en,SEDIA,SEDIA,Safeguarding linguistic diversity in Europe,0.0,Safeguarding linguistic diversity in Europe,False,[],[],Safeguarding linguistic diversity in Europe. Available at: https://ec.europa.eu/info/funding-tenders/opportunities/portal/screen/opportunities/topic-details/HORIZON-CL2-2026-01-HERITAGE-06,['HORIZON-CL2-2026-01-HERITAGE-06'],['text/plain'],,['2026-05-12T00:00:00.000+0000'],['2026-09-23T00:00:00.000+0000'],,['en'],['Safeguarding linguistic diversity in Europe'],['1'],['https://ec.europa.eu/info/funding-tenders/opportunities/portal/screen/opportunities/topic-details/HORIZON-CL2-2026-01-HERITAGE-06'],['https://ec.europa.eu/info/funding-tenders/opportunities/portal/screen/opportunities/topic-details/HORIZON-CL2-2026-01-HERITAGE-06'],['50219442'],['SEDIA'],['50219297TOPICSen'],,['43108390'],['2026-05-12T00:00:00.000+0000'],['single-stage'],['31094502'],['HORIZON  Research and Innovation Actions'],2026-09-20 09:08:50.362431+00:00
2.155,50218734TOPICSen,https://ec.europa.eu/info/funding-tenders/opportunities/portal/screen/opportunities/topic-details/HORIZON-CL2-2026-01-TRANSFO-09,text/plain,en,SEDIA,SEDIA,Rethinking long-term care policy in the face of EU demographic shifts,0.0,Rethinking long-term care policy in the face of EU demographic shifts,False,[],[],Rethinking long-term care policy in the face of EU demographic shifts. Available at: https://ec.europa.eu/info/funding-tenders/opportunities/portal/screen/opportunities/topic-details/HORIZON-CL2-2026-01-TRANSFO-09,['HORIZON-CL2-2026-01-TRANSFO-09'],['text/plain'],,['2026-05-12T00:00:00.000+0000'],['2026-09-23T00:00:00.000+0000'],,['en'],['Rethinking long-term care policy in the face of EU demographic shifts'],['1'],['https://ec.europa.eu/info/funding-tenders/opportunities/portal/screen/opportunities/topic-details/HORIZON-CL2-2026-01-TRANSFO-09'],['https://ec.europa.eu/info/funding-tenders/opportunities/portal/screen/opportunities/topic-details/HORIZON-CL2-2026-01-TRANSFO-09'],['50219442'],['SEDIA'],['50218734TOPICSen'],,['43108390'],['2026-05-12T00:00:00.000+0000'],['single-stage'],['31094502'],['HORIZON  Research and Innovation Actions'],2026-09-20 09:08:50.362431+00:00
2.155,50218933TOPICSen,https://ec.europa.eu/info/funding-tenders/opportunities/portal/screen/opportunities/topic-details/HORIZON-CL2-2026-01-DEMOCRACY-08,text/plain,en,SEDIA,SEDIA,Electoral integrity in the digital context,0.0,Electoral integrity in the digital context,False,[],[],Electoral integrity in the digital context. Available at: https://ec.europa.eu/info/funding-tenders/opportunities/portal/screen/opportunities/topic-details/HORIZON-CL2-2026-01-DEMOCRACY-08,['HORIZON-CL2-2026-01-DEMOCRACY-08'],['text/plain'],,['2026-05-12T00:00:00.000+0000'],['2026-09-23T00:00:00.000+0000'],,['en'],['Electoral integrity in the digital context'],['1'],['https://ec.europa.eu/info/funding-tenders/opportunities/portal/screen/opportunities/topic-details/HORIZON-CL2-2026-01-DEMOCRACY-08'],['https://ec.europa.eu/info/funding-tenders/opportunities/portal/screen/opportunities/topic-details/HORIZON-CL2-2026-01-DEMOCRACY-08'],['50219442'],['SEDIA'],['50218933TOPICSen'],,['43108390'],['2026-05-12T00:00:00.000+0000'],['single-stage'],['31094502'],['HORIZON  Research and Innovation Actions'],2026-09-20 09:08:50.362431+00:00
2.155,50218657TOPICSen,https://ec.europa.eu/info/funding-tenders/opportunities/portal/screen/opportunities/topic-details/HORIZON-CL2-2026-01-TRANSFO-03,text/plain,en,SEDIA,SEDIA,Tackling child poverty and ensuring disadvantaged children's access to Early Childhood Education and Care,0.0,Tackling child poverty and ensuring disadvantaged children's access to Early Childhood Education and Care,False,[],[],Tackling child poverty and ensuring disadvantaged children's access to Early Childhood Education and Care. Available at: https://ec.europa.eu/info/funding-tenders/opportunities/portal/screen/opportunities/topic-details/HORIZON-CL2-2026-01-TRANSFO-03,['HORIZON-CL2-2026-01-TRANSFO-03'],['text/plain'],,['2026-05-12T00:00:00.000+0000'],['2026-09-23T00:00:00.000+0000'],,['en'],"[""Tackling child poverty and ensuring disadvantaged children's access to Early Childhood Education and Care""]",['1'],['https://ec.europa.eu/info/funding-tenders/opportunities/portal/screen/opportunities/topic-details/HORIZON-CL2-2026-01-TRANSFO-03'],['https://ec.europa.eu/info/funding-tenders/opportunities/portal/screen/opportunities/topic-details/HORIZON-CL2-2026-01-TRANSFO-03'],['50219442'],['SEDIA'],['50218657TOPICSen'],,['43108390'],['2026-05-12T00:00:00.000+0000'],['single-stage'],['31094502'],['HORIZON  Research and Innovation Actions'],2026-09-20 09:08:50.362431+00:00
2.155,50218820TOPICSen,https://ec.europa.eu/info/funding-tenders/opportunities/portal/screen/opportunities/topic-details/HORIZON-CL2-2026-01-DEMOCRACY-03,text/plain,en,SEDIA,SEDIA,Government in transition – how governments change the way they work and prepare the civil service for the future,0.0,Government in transition – how governments change the way they work and prepare the civil service for the future,False,[],[],Government in transition – how governments change the way they work and prepare the civil service for the future. Available at: https://ec.europa.eu/info/funding-tenders/opportunities/portal/screen/opportunities/topic-details/HORIZON-CL2-2026-01-DEMOCRACY-03,['HORIZON-CL2-2026-01-DEMOCRACY-03'],['text/plain'],,['2026-05-12T00:00:00.000+0000'],['2026-09-23T00:00:00.000+0000'],,['en'],['Government in transition – how governments change the way they work and prepare the civil service for the future'],['1'],['https://ec.europa.eu/info/funding-tenders/opportunities/portal/screen/opportunities/topic-details/HORIZON-CL2-2026-01-DEMOCRACY-03'],['https://ec.europa.eu/info/funding-tenders/opportunities/portal/screen/opportunities/topic-details/HORIZON-CL2-2026-01-DEMOCRACY-03'],['50219442'],['SEDIA'],['50218820TOPICSen'],,['43108390'],['2026-05-12T00:00:00.000+0000'],['single-stage'],['31094502'],['HORIZON  Research and Innovation Actions'],2026-09-20 09:08:50.362431+00:00
2.155,50218758TOPICSen,https://ec.europa.eu/info/funding-tenders/opportunities/portal/screen/opportunities/topic-details/HORIZON-CL2-2026-01-TRANSFO-10,text/plain,en,SEDIA,SEDIA,Fostering cooperation and integration between SSH and STEM research and innovation in the EU,0.0,Fostering cooperation and integration between SSH and STEM research and innovation in the EU,False,[],[],Fostering cooperation and integration between SSH and STEM research and innovation in the EU. Available at: https://ec.europa.eu/info/funding-tenders/opportunities/portal/screen/opportunities/topic-details/HORIZON-CL2-2026-01-TRANSFO-10,['HORIZON-CL2-2026-01-TRANSFO-10'],['text/plain'],,['2026-05-12T00:00:00.000+0000'],['2026-09-23T00:00:00.000+0000'],,['en'],['Fostering cooperation and integration between SSH and STEM research and innovation in the EU'],['1'],['https://ec.europa.eu/info/funding-tenders/opportunities/portal/screen/opportunities/topic-details/HORIZON-CL2-2026-01-TRANSFO-10'],['https://ec.europa.eu/info/funding-tenders/opportunities/portal/screen/opportunities/topic-details/HORIZON-CL2-2026-01-TRANSFO-10'],['50219442'],['SEDIA'],['50218758TOPICSen'],,['43108390'],['2026-05-12T00:00:00.000+0000'],['single-stage'],['31094502'],['HORIZON Coordination and Support Actions'],2026-09-20 09:08:50.362431+00:00
2.155,50218690TOPICSen,https://ec.europa.eu/info/funding-tenders/opportunities/portal/screen/opportunities/topic-details/HORIZON-CL2-2026-01-TRANSFO-06,text/plain,en,SEDIA,SEDIA,"Making Europe a global magnet for talent - Attracting and retaining students, researchers and high-skilled workers from outside the EU",0.0,"Making Europe a global magnet for talent - Attracting and retaining students, researchers and high-skilled workers from outside the EU",False,[],[],"Making Europe a global magnet for talent - Attracting and retaining students, researchers and high-skilled workers from outside the EU. Available at: https://ec.europa.eu/info/funding-tenders/opportunities/portal/screen/opportunities/topic-details/HORIZON-CL2-2026-01-TRANSFO-06",['HORIZON-CL2-2026-01-TRANSFO-06'],['text/plain'],,['2026-05-12T00:00:00.000+0000'],['2026-09-23T00:00:00.000+0000'],,['en'],"['Making Europe a global magnet for talent - Attracting and retaining students, researchers and high-skilled workers from outside the EU']",['1'],['https://ec.europa.eu/info/funding-tenders/opportunities/portal/screen/opportunities/topic-details/HORIZON-CL2-2026-01-TRANSFO-06'],['https://ec.europa.eu/info/funding-tenders/opportunities/portal/screen/opportunities/topic-details/HORIZON-CL2-2026-01-TRANSFO-06'],['50219442'],['SEDIA'],['50218690TOPICSen'],,['43108390'],['2026-05-12T00:00:00.000+0000'],['single-stage'],['31094502'],['HORIZON  Research and Innovation Actions'],2026-09-20 09:08:50.362431+00:00
2.155,50218783TOPICSen,https://ec.europa.eu/info/funding-tenders/opportunities/portal/screen/opportunities/topic-details/HORIZON-CL2-2026-01-TRANSFO-04,text/plain,en,SEDIA,SEDIA,The impact of the use of digital tools outside school and for communication on educational outcomes and mental health,0.0,The impact of the use of digital tools outside school and for communication on educational outcomes and mental health,False,[],[],The impact of the use of digital tools outside school and for communication on educational outcomes and mental health. Available at: https://ec.europa.eu/info/funding-tenders/opportunities/portal/screen/opportunities/topic-details/HORIZON-CL2-2026-01-TRANSFO-04,['HORIZON-CL2-2026-01-TRANSFO-04'],['text/plain'],,['2026-05-12T00:00:00.000+0000'],['2026-09-23T00:00:00.000+0000'],,['en'],['The impact of the use of digital tools outside school and for communication on educational outcomes and mental health'],['1'],['https://ec.europa.eu/info/funding-tenders/opportunities/portal/screen/opportunities/topic-details/HORIZON-CL2-2026-01-TRANSFO-04'],['https://ec.europa.eu/info/funding-tenders/opportunities/portal/screen/opportunities/topic-details/HORIZON-CL2-2026-01-TRANSFO-04'],['50219442'],['SEDIA'],['50218783TOPICSen'],,['43108390'],['2026-05-12T00:00:00.000+0000'],['single-stage'],['31094502'],['HORIZON  Research and Innovation Actions'],2026-09-20 09:08:50.362431+00:00
2.155,50218801TOPICSen,https://ec.europa.eu/info/funding-tenders/opportunities/portal/screen/opportunities/topic-details/HORIZON-CL2-2026-01-TRANSFO-05,text/plain,en,SEDIA,SEDIA,"Contribution of basic skills to productivity, innovation, competitiveness and economic growth",0.0,"Contribution of basic skills to productivity, innovation, competitiveness and economic growth",False,[],[],"Contribution of basic skills to productivity, innovation, competitiveness and economic growth. Available at: https://ec.europa.eu/info/funding-tenders/opportunities/portal/screen/opportunities/topic-details/HORIZON-CL2-2026-01-TRANSFO-05",['HORIZON-CL2-2026-01-TRANSFO-05'],['text/plain'],,['2026-05-12T00:00:00.000+0000'],['2026-09-23T00:00:00.000+0000'],,['en'],"['Contribution of basic skills to productivity, innovation, competitiveness and economic growth']",['1'],['https://ec.europa.eu/info/funding-tenders/opportunities/portal/screen/opportunities/topic-details/HORIZON-CL2-2026-01-TRANSFO-05'],['https://ec.europa.eu/info/funding-tenders/opportunities/portal/screen/opportunities/topic-details/HORIZON-CL2-2026-01-TRANSFO-05'],['50219442'],['SEDIA'],['50218801TOPICSen'],,['43108390'],['2026-05-12T00:00:00.000+0000'],['single-stage'],['31094502'],['HORIZON  Research and Innovation Actions'],2026-09-20 09:08:50.362431+00:00
2.155,51050034TOPICSen,https://ec.europa.eu/info/funding-tenders/opportunities/portal/screen/opportunities/topic-details/CERV-2026-CITIZENS-TOWN-TT,text/plain,en,SEDIA,SEDIA,Call Town Twinning 2026,0.0,Call Town Twinning 2026,False,[],[],Call Town Twinning 2026. Available at: https://ec.europa.eu/info/funding-tenders/opportunities/portal/screen/opportunities/topic-details/CERV-2026-CITIZENS-TOWN-TT,['CERV-2026-CITIZENS-TOWN-TT'],['text/plain'],,['2026-05-06T00:00:00.000+0000'],['2026-09-23T00:00:00.000+0000'],,['en'],['Call Town Twinning 2026'],['1'],['https://ec.europa.eu/info/funding-tenders/opportunities/portal/screen/opportunities/topic-details/CERV-2026-CITIZENS-TOWN-TT'],['https://ec.europa.eu/info/funding-tenders/opportunities/portal/screen/opportunities/topic-details/CERV-2026-CITIZENS-TOWN-TT'],['51050070'],['SEDIA'],['51050034TOPICSen'],,['43251589'],['2026-05-06T00:00:00.000+0000'],['single-stage'],['31094502'],['CERV Lump Sum Grants'],2026-09-20 09:08:50.362431+00:00
2.155,50217480TOPICSen,https://ec.europa.eu/info/funding-tenders/opportunities/portal/screen/opportunities/topic-details/HORIZON-CL3-2026-01-INFRA-02,text/plain,en,SEDIA,SEDIA,Security challenges of the green transition in urban und peri urban areas,0.0,Security challenges of the green transition in urban und peri urban areas,False,[],[],Security challenges of the green transition in urban und peri urban areas. Available at: https://ec.europa.eu/info/funding-tenders/opportunities/portal/screen/opportunities/topic-details/HORIZON-CL3-2026-01-INFRA-02,['HORIZON-CL3-2026-01-INFRA-02'],['text/plain'],,['2026-05-06T00:00:00.000+0000'],['2026-11-05T00:00:00.000+0000'],,['en'],['Security challenges of the green transition in urban und peri urban areas'],['1'],['https://ec.europa.eu/info/funding-tenders/opportunities/portal/screen/opportunities/topic-details/HORIZON-CL3-2026-01-INFRA-02'],['https://ec.europa.eu/info/funding-tenders/opportunities/portal/screen/opportunities/topic-details/HORIZON-CL3-2026-01-INFRA-02'],['50217687'],['SEDIA'],['50217480TOPICSen'],,['43108390'],['2026-05-06T00:00:00.000+0000'],['single-stage'],['31094502'],['HORIZON  Research and Innovation Actions'],2026-09-20 09:08:50.362431+00:00
2.155,50217253TOPICSen,https://ec.europa.eu/info/funding-tenders/opportunities/portal/screen/opportunities/topic-details/HORIZON-CL3-2026-01-BM-01,text/plain,en,SEDIA,SEDIA,Advanced border surveillance and situational awareness,0.0,Advanced border surveillance and situational awareness,False,[],[],Advanced border surveillance and situational awareness. Available at: https://ec.europa.eu/info/funding-tenders/opportunities/portal/screen/opportunities/topic-details/HORIZON-CL3-2026-01-BM-01,['HORIZON-CL3-2026-01-BM-01'],['text/plain'],,['2026-05-06T00:00:00.000+0000'],['2026-11-05T00:00:00.000+0000'],,['en'],['Advanced border surveillance and situational awareness'],['1'],['https://ec.europa.eu/info/funding-tenders/opportunities/portal/screen/opportunities/topic-details/HORIZON-CL3-2026-01-BM-01'],['https://ec.europa.eu/info/funding-tenders/opportunities/portal/screen/opportunities/topic-details/HORIZON-CL3-2026-01-BM-01'],['50217687'],['SEDIA'],['50217253TOPICSen'],,['43108390'],['2026-05-06T00:00:00.000+0000'],['single-stage'],['31094502'],['HORIZON Innovation Actions'],2026-09-20 09:08:50.362431+00:00
2.155,50217386TOPICSen,https://ec.europa.eu/info/funding-tenders/opportunities/portal/screen/opportunities/topic-details/HORIZON-CL3-2026-01-DRS-01,text/plain,en,SEDIA,SEDIA,Designing new ways of risk awareness and enhanced disaster preparedness,0.0,Designing new ways of risk awareness and enhanced disaster preparedness,False,[],[],Designing new ways of risk awareness and enhanced disaster preparedness. Available at: https://ec.europa.eu/info/funding-tenders/opportunities/portal/screen/opportunities/topic-details/HORIZON-CL3-2026-01-DRS-01,['HORIZON-CL3-2026-01-DRS-01'],['text/plain'],,['2026-05-06T00:00:00.000+0000'],['2026-11-05T00:00:00.000+0000'],,['en'],['Designing new ways of risk awareness and enhanced disaster preparedness'],['1'],['https://ec.europa.eu/info/funding-tenders/opportunities/portal/screen/opportunities/topic-details/HORIZON-CL3-2026-01-DRS-01'],['https://ec.europa.eu/info/funding-tenders/opportunities/portal/screen/opportunities/topic-details/HORIZON-CL3-2026-01-DRS-01'],['50217687'],['SEDIA'],['50217386TOPICSen'],,['43108390'],['2026-05-06T00:00:00.000+0000'],['single-stage'],['31094502'],['HORIZON  Research and Innovation Actions'],2026-09-20 09:08:50.362431+00:00
2.155,50217229TOPICSen,https://ec.europa.eu/info/funding-tenders/opportunities/portal/screen/opportunities/topic-details/HORIZON-CL3-2026-01-FCT-05,text/plain,en,SEDIA,SEDIA,Enhancing the security of citizens against terrorism and lone-actor violence in confined spaces such as schools,0.0,Enhancing the security of citizens against terrorism and lone-actor violence in confined spaces such as schools,False,[],[],Enhancing the security of citizens against terrorism and lone-actor violence in confined spaces such as schools. Available at: https://ec.europa.eu/info/funding-tenders/opportunities/portal/screen/opportunities/topic-details/HORIZON-CL3-2026-01-FCT-05,['HORIZON-CL3-2026-01-FCT-05'],['text/plain'],,['2026-05-06T00:00:00.000+0000'],['2026-11-05T00:00:00.000+0000'],,['en'],['Enhancing the security of citizens against terrorism and lone-actor violence in confined spaces such as schools'],['1'],['https://ec.europa.eu/info/funding-tenders/opportunities/portal/screen/opportunities/topic-details/HORIZON-CL3-2026-01-FCT-05'],['https://ec.europa.eu/info/funding-tenders/opportunities/portal/screen/opportunities/topic-details/HORIZON-CL3-2026-01-FCT-05'],['50217687'],['SEDIA'],['50217229TOPICSen'],,['43108390'],['2026-05-06T00:00:00.000+0000'],['single-stage'],['31094502'],['HORIZON Innovation Actions'],2026-09-20 09:08:50.362431+00:00
2.155,50217298TOPICSen,https://ec.europa.eu/info/funding-tenders/opportunities/portal/screen/opportunities/topic-details/HORIZON-CL3-2026-01-FCT-03,text/plain,en,SEDIA,SEDIA,Missing persons: prevention and investigation,0.0,Missing persons: prevention and investigation,False,[],[],Missing persons: prevention and investigation. Available at: https://ec.europa.eu/info/funding-tenders/opportunities/portal/screen/opportunities/topic-details/HORIZON-CL3-2026-01-FCT-03,['HORIZON-CL3-2026-01-FCT-03'],['text/plain'],,['2026-05-06T00:00:00.000+0000'],['2026-11-05T00:00:00.000+0000'],,['en'],['Missing persons: prevention and investigation'],['1'],['https://ec.europa.eu/info/funding-tenders/opportunities/portal/screen/opportunities/topic-details/HORIZON-CL3-2026-01-FCT-03'],['https://ec.europa.eu/info/funding-tenders/opportunities/portal/screen/opportunities/topic-details/HORIZON-CL3-2026-01-FCT-03'],['50217687'],['SEDIA'],['50217298TOPICSen'],,['43108390'],['2026-05-06T00:00:00.000+0000'],['single-stage'],['31094502'],['HORIZON Innovation Actions'],2026-09-20 09:08:50.362431+00:00
2.155,50217662TOPICSen,https://ec.europa.eu/info/funding-tenders/opportunities/portal/screen/opportunities/topic-details/HORIZON-CL3-2026-01-FCT-02,text/plain,en,SEDIA,SEDIA,"Open topic on preventing and countering the misuse of emerging technologies for criminal purposes, including issues related to lawful access to data",0.0,"Open topic on preventing and countering the misuse of emerging technologies for criminal purposes, including issues related to lawful access to data",False,[],[],"Open topic on preventing and countering the misuse of emerging technologies for criminal purposes, including issues related to lawful access to data. Available at: https://ec.europa.eu/info/funding-tenders/opportunities/portal/screen/opportunities/topic-details/HORIZON-CL3-2026-01-FCT-02",['HORIZON-CL3-2026-01-FCT-02'],['text/plain'],,['2026-05-06T00:00:00.000+0000'],['2026-11-05T00:00:00.000+0000'],,['en'],"['Open topic on preventing and countering the misuse of emerging technologies for criminal purposes, including issues related to lawful access to data']",['1'],['https://ec.europa.eu/info/funding-tenders/opportunities/portal/screen/opportunities/topic-details/HORIZON-CL3-2026-01-FCT-02'],['https://ec.europa.eu/info/funding-tenders/opportunities/portal/screen/opportunities/topic-details/HORIZON-CL3-2026-01-FCT-02'],['50217687'],['SEDIA'],['50217662TOPICSen'],,['43108390'],['2026-05-06T00:00:00.000+0000'],['single-stage'],['31094502'],['HORIZON  Research and Innovation Actions'],2026-09-20 09:08:50.362431+00:00
2.155,50217615TOPICSen,https://ec.europa.eu/info/funding-tenders/opportunities/portal/screen/opportunities/topic-details/HORIZON-CL3-2026-01-BM-02,text/plain,en,SEDIA,SEDIA,Accessible and available travel facilitation,0.0,Accessible and available travel facilitation,False,[],[],Accessible and available travel facilitation. Available at: https://ec.europa.eu/info/funding-tenders/opportunities/portal/screen/opportunities/topic-details/HORIZON-CL3-2026-01-BM-02,['HORIZON-CL3-2026-01-BM-02'],['text/plain'],,['2026-05-06T00:00:00.000+0000'],['2026-11-05T00:00:00.000+0000'],,['en'],['Accessible and available travel facilitation'],['1'],['https://ec.europa.eu/info/funding-tenders/opportunities/portal/screen/opportunities/topic-details/HORIZON-CL3-2026-01-BM-02'],['https://ec.europa.eu/info/funding-tenders/opportunities/portal/screen/opportunities/topic-details/HORIZON-CL3-2026-01-BM-02'],['50217687'],['SEDIA'],['50217615TOPICSen'],,['43108390'],['2026-05-06T00:00:00.000+0000'],['single-stage'],['31094502'],['HORIZON Innovation Actions'],2026-09-20 09:08:50.362431+00:00
2.155,50217343TOPICSen,https://ec.europa.eu/info/funding-tenders/opportunities/portal/screen/opportunities/topic-details/HORIZON-CL3-2026-01-BM-03,text/plain,en,SEDIA,SEDIA,Reliability of age assessment methods in the context of security and border management,0.0,Reliability of age assessment methods in the context of security and border management,False,[],[],Reliability of age assessment methods in the context of security and border management. Available at: https://ec.europa.eu/info/funding-tenders/opportunities/portal/screen/opportunities/topic-details/HORIZON-CL3-2026-01-BM-03,['HORIZON-CL3-2026-01-BM-03'],['text/plain'],,['2026-05-06T00:00:00.000+0000'],['2026-11-05T00:00:00.000+0000'],,['en'],['Reliability of age assessment methods in the context of security and border management'],['1'],['https://ec.europa.eu/info/funding-tenders/opportunities/portal/screen/opportunities/topic-details/HORIZON-CL3-2026-01-BM-03'],['https://ec.europa.eu/info/funding-tenders/opportunities/portal/screen/opportunities/topic-details/HORIZON-CL3-2026-01-BM-03'],['50217687'],['SEDIA'],['50217343TOPICSen'],,['43108390'],['2026-05-06T00:00:00.000+0000'],['single-stage'],['31094502'],['HORIZON Coordination and Support Actions'],2026-09-20 09:08:50.362431+00:00
2.155,50217458TOPICSen,https://ec.europa.eu/info/funding-tenders/opportunities/portal/screen/opportunities/topic-details/HORIZON-CL3-2026-01-DRS-04,text/plain,en,SEDIA,SEDIA,Open topic on driving innovation uptake of disaster risk solutions,0.0,Open topic on driving innovation uptake of disaster risk solutions,False,[],[],Open topic on driving innovation uptake of disaster risk solutions. Available at: https://ec.europa.eu/info/funding-tenders/opportunities/portal/screen/opportunities/topic-details/HORIZON-CL3-2026-01-DRS-04,['HORIZON-CL3-2026-01-DRS-04'],['text/plain'],,['2026-05-06T00:00:00.000+0000'],['2026-11-05T00:00:00.000+0000'],,['en'],['Open topic on driving innovation uptake of disaster risk solutions'],['1'],['https://ec.europa.eu/info/funding-tenders/opportunities/portal/screen/opportunities/topic-details/HORIZON-CL3-2026-01-DRS-04'],['https://ec.europa.eu/info/funding-tenders/opportunities/portal/screen/opportunities/topic-details/HORIZON-CL3-2026-01-DRS-04'],['50217687'],['SEDIA'],['50217458TOPICSen'],,['43108390'],['2026-05-06T00:00:00.000+0000'],['single-stage'],['31094502'],['HORIZON Innovation Actions'],2026-09-20 09:08:50.362431+00:00
2.155,50217363TOPICSen,https://ec.europa.eu/info/funding-tenders/opportunities/portal/screen/opportunities/topic-details/HORIZON-CL3-2026-01-INFRA-01,text/plain,en,SEDIA,SEDIA,Tools and processes to support stress tests of critical infrastructure,0.0,Tools and processes to support stress tests of critical infrastructure,False,[],[],Tools and processes to support stress tests of critical infrastructure. Available at: https://ec.europa.eu/info/funding-tenders/opportunities/portal/screen/opportunities/topic-details/HORIZON-CL3-2026-01-INFRA-01,['HORIZON-CL3-2026-01-INFRA-01'],['text/plain'],,['2026-05-06T00:00:00.000+0000'],['2026-11-05T00:00:00.000+0000'],,['en'],['Tools and processes to support stress tests of critical infrastructure'],['1'],['https://ec.europa.eu/info/funding-tenders/opportunities/portal/screen/opportunities/topic-details/HORIZON-CL3-2026-01-INFRA-01'],['https://ec.europa.eu/info/funding-tenders/opportunities/portal/screen/opportunities/topic-details/HORIZON-CL3-2026-01-INFRA-01'],['50217687'],['SEDIA'],['50217363TOPICSen'],,['43108390'],['2026-05-06T00:00:00.000+0000'],['single-stage'],['31094502'],['HORIZON Innovation Actions'],2026-09-20 09:08:50.362431+00:00
2.155,50217551TOPICSen,https://ec.europa.eu/info/funding-tenders/opportunities/portal/screen/opportunities/topic-details/HORIZON-CL3-2026-01-SSRI-02,text/plain,en,SEDIA,SEDIA,Demand-led innovation in security,0.0,Demand-led innovation in security,False,[],[],Demand-led innovation in security. Available at: https://ec.europa.eu/info/funding-tenders/opportunities/portal/screen/opportunities/topic-details/HORIZON-CL3-2026-01-SSRI-02,['HORIZON-CL3-2026-01-SSRI-02'],['text/plain'],,['2026-05-06T00:00:00.000+0000'],['2026-11-05T00:00:00.000+0000'],,['en'],['Demand-led innovation in security'],['1'],['https://ec.europa.eu/info/funding-tenders/opportunities/portal/screen/opportunities/topic-details/HORIZON-CL3-2026-01-SSRI-02'],['https://ec.europa.eu/info/funding-tenders/opportunities/portal/screen/opportunities/topic-details/HORIZON-CL3-2026-01-SSRI-02'],['50217687'],['SEDIA'],['50217551TOPICSen'],,['43108390'],['2026-05-06T00:00:00.000+0000'],['single-stage'],['31094502'],['HORIZON Pre-commercial Procurement'],2026-09-20 09:08:50.362431+00:00
2.155,50217531TOPICSen,https://ec.europa.eu/info/funding-tenders/opportunities/portal/screen/opportunities/topic-details/HORIZON-CL3-2026-01-SSRI-01,text/plain,en,SEDIA,SEDIA,Open topic on supporting disruptive technological innovations for civil security,0.0,Open topic on supporting disruptive technological innovations for civil security,False,[],[],Open topic on supporting disruptive technological innovations for civil security. Available at: https://ec.europa.eu/info/funding-tenders/opportunities/portal/screen/opportunities/topic-details/HORIZON-CL3-2026-01-SSRI-01,['HORIZON-CL3-2026-01-SSRI-01'],['text/plain'],,['2026-05-06T00:00:00.000+0000'],['2026-11-05T00:00:00.000+0000'],,['en'],['Open topic on supporting disruptive technological innovations for civil security'],['1'],['https://ec.europa.eu/info/funding-tenders/opportunities/portal/screen/opportunities/topic-details/HORIZON-CL3-2026-01-SSRI-01'],['https://ec.europa.eu/info/funding-tenders/opportunities/portal/screen/opportunities/topic-details/HORIZON-CL3-2026-01-SSRI-01'],['50217687'],['SEDIA'],['50217531TOPICSen'],,['43108390'],['2026-05-06T00:00:00.000+0000'],['single-stage'],['31094502'],['HORIZON  Research and Innovation Actions'],2026-09-20 09:08:50.362431+00:00
2.155,50217503TOPICSen,https://ec.europa.eu/info/funding-tenders/opportunities/portal/screen/opportunities/topic-details/HORIZON-CL3-2026-01-DRS-05,text/plain,en,SEDIA,SEDIA,Climate security and civil preparedness – new ways to develop pre- and post-crisis climate-change related scenarios for a more resilient Europe,0.0,Climate security and civil preparedness – new ways to develop pre- and post-crisis climate-change related scenarios for a more resilient Europe,False,[],[],Climate security and civil preparedness – new ways to develop pre- and post-crisis climate-change related scenarios for a more resilient Europe. Available at: https://ec.europa.eu/info/funding-tenders/opportunities/portal/screen/opportunities/topic-details/HORIZON-CL3-2026-01-DRS-05,['HORIZON-CL3-2026-01-DRS-05'],['text/plain'],,['2026-05-06T00:00:00.000+0000'],['2026-11-05T00:00:00.000+0000'],,['en'],['Climate security and civil preparedness – new ways to develop pre- and post-crisis climate-change related scenarios for a more resilient Europe'],['1'],['https://ec.europa.eu/info/funding-tenders/opportunities/portal/screen/opportunities/topic-details/HORIZON-CL3-2026-01-DRS-05'],['https://ec.europa.eu/info/funding-tenders/opportunities/portal/screen/opportunities/topic-details/HORIZON-CL3-2026-01-DRS-05'],['50217687'],['SEDIA'],['50217503TOPICSen'],,['43108390'],['2026-05-06T00:00:00.000+0000'],['single-stage'],['31094502'],['HORIZON Innovation Actions'],2026-09-20 09:08:50.362431+00:00
2.155,50217574TOPICSen,https://ec.europa.eu/info/funding-tenders/opportunities/portal/screen/opportunities/topic-details/HORIZON-CL3-2026-01-SSRI-03,text/plain,en,SEDIA,SEDIA,Public procurement of innovation for security,0.0,Public procurement of innovation for security,False,[],[],Public procurement of innovation for security. Available at: https://ec.europa.eu/info/funding-tenders/opportunities/portal/screen/opportunities/topic-details/HORIZON-CL3-2026-01-SSRI-03,['HORIZON-CL3-2026-01-SSRI-03'],['text/plain'],,['2026-05-06T00:00:00.000+0000'],['2026-11-05T00:00:00.000+0000'],,['en'],['Public procurement of innovation for security'],['1'],['https://ec.europa.eu/info/funding-tenders/opportunities/portal/screen/opportunities/topic-details/HORIZON-CL3-2026-01-SSRI-03'],['https://ec.europa.eu/info/funding-tenders/opportunities/portal/screen/opportunities/topic-details/HORIZON-CL3-2026-01-SSRI-03'],['50217687'],['SEDIA'],['50217574TOPICSen'],,['43108390'],['2026-05-06T00:00:00.000+0000'],['single-stage'],['31094502'],['HORIZON Public Procurement of Innovative Solutions'],2026-09-20 09:08:50.362431+00:00
2.155,50217321TOPICSen,https://ec.europa.eu/info/funding-tenders/opportunities/portal/screen/opportunities/topic-details/HORIZON-CL3-2026-01-FCT-06,text/plain,en,SEDIA,SEDIA,Prevention and mitigation of misuse of synthetic biology for bioterrorism purposes,0.0,Prevention and mitigation of misuse of synthetic biology for bioterrorism purposes,False,[],[],Prevention and mitigation of misuse of synthetic biology for bioterrorism purposes. Available at: https://ec.europa.eu/info/funding-tenders/opportunities/portal/screen/opportunities/topic-details/HORIZON-CL3-2026-01-FCT-06,['HORIZON-CL3-2026-01-FCT-06'],['text/plain'],,['2026-05-06T00:00:00.000+0000'],['2026-11-05T00:00:00.000+0000'],,['en'],['Prevention and mitigation of misuse of synthetic biology for bioterrorism purposes'],['1'],['https://ec.europa.eu/info/funding-tenders/opportunities/portal/screen/opportunities/topic-details/HORIZON-CL3-2026-01-FCT-06'],['https://ec.europa.eu/info/funding-tenders/opportunities/portal/screen/opportunities/topic-details/HORIZON-CL3-2026-01-FCT-06'],['50217687'],['SEDIA'],['50217321TOPICSen'],,['43108390'],['2026-05-06T00:00:00.000+0000'],['single-stage'],['31094502'],['HORIZON  Research and Innovation Actions'],2026-09-20 09:08:50.362431+00:00
2.155,50217275TOPICSen,https://ec.europa.eu/info/funding-tenders/opportunities/portal/screen/opportunities/topic-details/HORIZON-CL3-2026-01-INFRA-03,text/plain,en,SEDIA,SEDIA,"Targeted innovative capabilities for the resilience of critical entities to natural and human-induced disasters, including hybrid scenarios",0.0,"Targeted innovative capabilities for the resilience of critical entities to natural and human-induced disasters, including hybrid scenarios",False,[],[],"Targeted innovative capabilities for the resilience of critical entities to natural and human-induced disasters, including hybrid scenarios. Available at: https://ec.europa.eu/info/funding-tenders/opportunities/portal/screen/opportunities/topic-details/HORIZON-CL3-2026-01-INFRA-03",['HORIZON-CL3-2026-01-INFRA-03'],['text/plain'],,['2026-05-06T00:00:00.000+0000'],['2026-11-05T00:00:00.000+0000'],,['en'],"['Targeted innovative capabilities for the resilience of critical entities to natural and human-induced disasters, including hybrid scenarios']",['1'],['https://ec.europa.eu/info/funding-tenders/opportunities/portal/screen/opportunities/topic-details/HORIZON-CL3-2026-01-INFRA-03'],['https://ec.europa.eu/info/funding-tenders/opportunities/portal/screen/opportunities/topic-details/HORIZON-CL3-2026-01-INFRA-03'],['50217687'],['SEDIA'],['50217275TOPICSen'],,['43108390'],['2026-05-06T00:00:00.000+0000'],['single-stage'],['31094502'],['HORIZON Innovation Actions'],2026-09-20 09:08:50.362431+00:00
2.155,50217411TOPICSen,https://ec.europa.eu/info/funding-tenders/opportunities/portal/screen/opportunities/topic-details/HORIZON-CL3-2026-01-DRS-02,text/plain,en,SEDIA,SEDIA,Multi-hazard approach and cumulative / cascading impacts,0.0,Multi-hazard approach and cumulative / cascading impacts,False,[],[],Multi-hazard approach and cumulative / cascading impacts. Available at: https://ec.europa.eu/info/funding-tenders/opportunities/portal/screen/opportunities/topic-details/HORIZON-CL3-2026-01-DRS-02,['HORIZON-CL3-2026-01-DRS-02'],['text/plain'],,['2026-05-06T00:00:00.000+0000'],['2026-11-05T00:00:00.000+0000'],,['en'],['Multi-hazard approach and cumulative / cascading impacts'],['1'],['https://ec.europa.eu/info/funding-tenders/opportunities/portal/screen/opportunities/topic-details/HORIZON-CL3-2026-01-DRS-02'],['https://ec.europa.eu/info/funding-tenders/opportunities/portal/screen/opportunities/topic-details/HORIZON-CL3-2026-01-DRS-02'],['50217687'],['SEDIA'],['50217411TOPICSen'],,['43108390'],['2026-05-06T00:00:00.000+0000'],['single-stage'],['31094502'],['HORIZON Innovation Actions'],2026-09-20 09:08:50.362431+00:00
2.155,50217435TOPICSen,https://ec.europa.eu/info/funding-tenders/opportunities/portal/screen/opportunities/topic-details/HORIZON-CL3-2026-01-DRS-03,text/plain,en,SEDIA,SEDIA,"Development of innovative tools, processes, equipment and technologies through responses to disasters and emergencies for search and rescue in hazardous conditions",0.0,"Development of innovative tools, processes, equipment and technologies through responses to disasters and emergencies for search and rescue in hazardous conditions",False,[],[],"Development of innovative tools, processes, equipment and technologies through responses to disasters and emergencies for search and rescue in hazardous conditions. Available at: https://ec.europa.eu/info/funding-tenders/opportunities/portal/screen/opportunities/topic-details/HORIZON-CL3-2026-01-DRS-03",['HORIZON-CL3-2026-01-DRS-03'],['text/plain'],,['2026-05-06T00:00:00.000+0000'],['2026-11-05T00:00:00.000+0000'],,['en'],"['Development of innovative tools, processes, equipment and technologies through responses to disasters and emergencies for search and rescue in hazardous conditions']",['1'],['https://ec.europa.eu/info/funding-tenders/opportunities/portal/screen/opportunities/topic-details/HORIZON-CL3-2026-01-DRS-03'],['https://ec.europa.eu/info/funding-tenders/opportunities/portal/screen/opportunities/topic-details/HORIZON-CL3-2026-01-DRS-03'],['50217687'],['SEDIA'],['50217435TOPICSen'],,['43108390'],['2026-05-06T00:00:00.000+0000'],['single-stage'],['31094502'],['HORIZON Innovation Actions'],2026-09-20 09:08:50.362431+00:00
2.155,50217205TOPICSen,https://ec.europa.eu/info/funding-tenders/opportunities/portal/screen/opportunities/topic-details/HORIZON-CL3-2026-01-FCT-04,text/plain,en,SEDIA,SEDIA,"Crime prevention approaches, online and off-line, tackling the nexus between addictions and crime",0.0,"Crime prevention approaches, online and off-line, tackling the nexus between addictions and crime",False,[],[],"Crime prevention approaches, online and off-line, tackling the nexus between addictions and crime. Available at: https://ec.europa.eu/info/funding-tenders/opportunities/portal/screen/opportunities/topic-details/HORIZON-CL3-2026-01-FCT-04",['HORIZON-CL3-2026-01-FCT-04'],['text/plain'],,['2026-05-06T00:00:00.000+0000'],['2026-11-05T00:00:00.000+0000'],,['en'],"['Crime prevention approaches, online and off-line, tackling the nexus between addictions and crime']",['1'],['https://ec.europa.eu/info/funding-tenders/opportunities/portal/screen/opportunities/topic-details/HORIZON-CL3-2026-01-FCT-04'],['https://ec.europa.eu/info/funding-tenders/opportunities/portal/screen/opportunities/topic-details/HORIZON-CL3-2026-01-FCT-04'],['50217687'],['SEDIA'],['50217205TOPICSen'],,['43108390'],['2026-05-06T00:00:00.000+0000'],['single-stage'],['31094502'],['HORIZON  Research and Innovation Actions'],2026-09-20 09:08:50.362431+00:00
2.155,50217638TOPICSen,https://ec.europa.eu/info/funding-tenders/opportunities/portal/screen/opportunities/topic-details/HORIZON-CL3-2026-01-FCT-01,text/plain,en,SEDIA,SEDIA,Improving capabilities of law enforcement to counter climate-related challenges,0.0,Improving capabilities of law enforcement to counter climate-related challenges,False,[],[],Improving capabilities of law enforcement to counter climate-related challenges. Available at: https://ec.europa.eu/info/funding-tenders/opportunities/portal/screen/opportunities/topic-details/HORIZON-CL3-2026-01-FCT-01,['HORIZON-CL3-2026-01-FCT-01'],['text/plain'],,['2026-05-06T00:00:00.000+0000'],['2026-11-05T00:00:00.000+0000'],,['en'],['Improving capabilities of law enforcement to counter climate-related challenges'],['1'],['https://ec.europa.eu/info/funding-tenders/opportunities/portal/screen/opportunities/topic-details/HORIZON-CL3-2026-01-FCT-01'],['https://ec.europa.eu/info/funding-tenders/opportunities/portal/screen/opportunities/topic-details/HORIZON-CL3-2026-01-FCT-01'],['50217687'],['SEDIA'],['50217638TOPICSen'],,['43108390'],['2026-05-06T00:00:00.000+0000'],['single-stage'],['31094502'],['HORIZON  Research and Innovation Actions'],2026-09-20 09:08:50.362431+00:00
2.155,50217593TOPICSen,https://ec.europa.eu/info/funding-tenders/opportunities/portal/screen/opportunities/topic-details/HORIZON-CL3-2026-01-SSRI-04,text/plain,en,SEDIA,SEDIA,Development of ecosystem and next-generation capabilities for a secured European Critical Communication System in civil security,0.0,Development of ecosystem and next-generation capabilities for a secured European Critical Communication System in civil security,False,[],[],Development of ecosystem and next-generation capabilities for a secured European Critical Communication System in civil security. Available at: https://ec.europa.eu/info/funding-tenders/opportunities/portal/screen/opportunities/topic-details/HORIZON-CL3-2026-01-SSRI-04,['HORIZON-CL3-2026-01-SSRI-04'],['text/plain'],,['2026-05-06T00:00:00.000+0000'],['2026-11-05T00:00:00.000+0000'],,['en'],['Development of ecosystem and next-generation capabilities for a secured European Critical Communication System in civil security'],['1'],['https://ec.europa.eu/info/funding-tenders/opportunities/portal/screen/opportunities/topic-details/HORIZON-CL3-2026-01-SSRI-04'],['https://ec.europa.eu/info/funding-tenders/opportunities/portal/screen/opportunities/topic-details/HORIZON-CL3-2026-01-SSRI-04'],['50217687'],['SEDIA'],['50217593TOPICSen'],,['43108390'],['2026-05-06T00:00:00.000+0000'],['single-stage'],['31094502'],['HORIZON Innovation Actions'],2026-09-20 09:08:50.362431+00:00
2.155,50218200TOPICSen,https://ec.europa.eu/info/funding-tenders/opportunities/portal/screen/opportunities/topic-details/HORIZON-NEB-2026-01-BUSINESS-02,text/plain,en,SEDIA,SEDIA,Understanding capital market dynamics for increased investment in New European Bauhaus projects in neighbourhoods,0.0,Understanding capital market dynamics for increased investment in New European Bauhaus projects in neighbourhoods,False,[],[],Understanding capital market dynamics for increased investment in New European Bauhaus projects in neighbourhoods. Available at: https://ec.europa.eu/info/funding-tenders/opportunities/portal/screen/opportunities/topic-details/HORIZON-NEB-2026-01-BUSINESS-02,['HORIZON-NEB-2026-01-BUSINESS-02'],['text/plain'],,['2026-05-05T00:00:00.000+0000'],['2026-12-01T00:00:00.000+0000'],,['en'],['Understanding capital market dynamics for increased investment in New European Bauhaus projects in neighbourhoods'],['1'],['https://ec.europa.eu/info/funding-tenders/opportunities/portal/screen/opportunities/topic-details/HORIZON-NEB-2026-01-BUSINESS-02'],['https://ec.europa.eu/info/funding-tenders/opportunities/portal/screen/opportunities/topic-details/HORIZON-NEB-2026-01-BUSINESS-02'],['50218343'],['SEDIA'],['50218200TOPICSen'],,['43108390'],['2026-05-05T00:00:00.000+0000'],['single-stage'],['31094502'],['HORIZON  Research and Innovation Actions'],2026-09-20 09:08:50.362431+00:00
2.155,50218126TOPICSen,https://ec.europa.eu/info/funding-tenders/opportunities/portal/screen/opportunities/topic-details/HORIZON-NEB-2026-01-REGEN-02,text/plain,en,SEDIA,SEDIA,Advancing sustainable maintenance and repair measures for existing buildings,0.0,Advancing sustainable maintenance and repair measures for existing buildings,False,[],[],Advancing sustainable maintenance and repair measures for existing buildings. Available at: https://ec.europa.eu/info/funding-tenders/opportunities/portal/screen/opportunities/topic-details/HORIZON-NEB-2026-01-REGEN-02,['HORIZON-NEB-2026-01-REGEN-02'],['text/plain'],,['2026-05-05T00:00:00.000+0000'],['2026-12-01T00:00:00.000+0000'],,['en'],['Advancing sustainable maintenance and repair measures for existing buildings'],['1'],['https://ec.europa.eu/info/funding-tenders/opportunities/portal/screen/opportunities/topic-details/HORIZON-NEB-2026-01-REGEN-02'],['https://ec.europa.eu/info/funding-tenders/opportunities/portal/screen/opportunities/topic-details/HORIZON-NEB-2026-01-REGEN-02'],['50218343'],['SEDIA'],['50218126TOPICSen'],,['43108390'],['2026-05-05T00:00:00.000+0000'],['single-stage'],['31094502'],['HORIZON Innovation Actions'],2026-09-20 09:08:50.362431+00:00
2.155,50218237TOPICSen,https://ec.europa.eu/info/funding-tenders/opportunities/portal/screen/opportunities/topic-details/HORIZON-NEB-2026-01-BUSINESS-03,text/plain,en,SEDIA,SEDIA,"Approaches to reuse vacant, obsolete or underutilised spaces",0.0,"Approaches to reuse vacant, obsolete or underutilised spaces",False,[],[],"Approaches to reuse vacant, obsolete or underutilised spaces. Available at: https://ec.europa.eu/info/funding-tenders/opportunities/portal/screen/opportunities/topic-details/HORIZON-NEB-2026-01-BUSINESS-03",['HORIZON-NEB-2026-01-BUSINESS-03'],['text/plain'],,['2026-05-05T00:00:00.000+0000'],['2026-12-01T00:00:00.000+0000'],,['en'],"['Approaches to reuse vacant, obsolete or underutilised spaces']",['1'],['https://ec.europa.eu/info/funding-tenders/opportunities/portal/screen/opportunities/topic-details/HORIZON-NEB-2026-01-BUSINESS-03'],['https://ec.europa.eu/info/funding-tenders/opportunities/portal/screen/opportunities/topic-details/HORIZON-NEB-2026-01-BUSINESS-03'],['50218343'],['SEDIA'],['50218237TOPICSen'],,['43108390'],['2026-05-05T00:00:00.000+0000'],['single-stage'],['31094502'],['HORIZON  Research and Innovation Actions'],2026-09-20 09:08:50.362431+00:00
2.155,50218088TOPICSen,https://ec.europa.eu/info/funding-tenders/opportunities/portal/screen/opportunities/topic-details/HORIZON-NEB-2026-01-REGEN-01,text/plain,en,SEDIA,SEDIA,"Sustainable, inclusive, affordable and beautiful solutions for thermal comfort in buildings",0.0,"Sustainable, inclusive, affordable and beautiful solutions for thermal comfort in buildings",False,[],[],"Sustainable, inclusive, affordable and beautiful solutions for thermal comfort in buildings. Available at: https://ec.europa.eu/info/funding-tenders/opportunities/portal/screen/opportunities/topic-details/HORIZON-NEB-2026-01-REGEN-01",['HORIZON-NEB-2026-01-REGEN-01'],['text/plain'],,['2026-05-05T00:00:00.000+0000'],['2026-12-01T00:00:00.000+0000'],,['en'],"['Sustainable, inclusive, affordable and beautiful solutions for thermal comfort in buildings']",['1'],['https://ec.europa.eu/info/funding-tenders/opportunities/portal/screen/opportunities/topic-details/HORIZON-NEB-2026-01-REGEN-01'],['https://ec.europa.eu/info/funding-tenders/opportunities/portal/screen/opportunities/topic-details/HORIZON-NEB-2026-01-REGEN-01'],['50218343'],['SEDIA'],['50218088TOPICSen'],,['43108390'],['2026-05-05T00:00:00.000+0000'],['single-stage'],['31094502'],['HORIZON Innovation Actions'],2026-09-20 09:08:50.362431+00:00
2.155,50218038TOPICSen,https://ec.europa.eu/info/funding-tenders/opportunities/portal/screen/opportunities/topic-details/HORIZON-NEB-2026-01-PARTICIPATION-03,text/plain,en,SEDIA,SEDIA,Understanding inhabitant’s experiences of neighbourhoods to support their health and well-being,0.0,Understanding inhabitant’s experiences of neighbourhoods to support their health and well-being,False,[],[],Understanding inhabitant’s experiences of neighbourhoods to support their health and well-being. Available at: https://ec.europa.eu/info/funding-tenders/opportunities/portal/screen/opportunities/topic-details/HORIZON-NEB-2026-01-PARTICIPATION-03,['HORIZON-NEB-2026-01-PARTICIPATION-03'],['text/plain'],,['2026-05-05T00:00:00.000+0000'],['2026-12-01T00:00:00.000+0000'],,['en'],['Understanding inhabitant’s experiences of neighbourhoods to support their health and well-being'],['1'],['https://ec.europa.eu/info/funding-tenders/opportunities/portal/screen/opportunities/topic-details/HORIZON-NEB-2026-01-PARTICIPATION-03'],['https://ec.europa.eu/info/funding-tenders/opportunities/portal/screen/opportunities/topic-details/HORIZON-NEB-2026-01-PARTICIPATION-03'],['50218343'],['SEDIA'],['50218038TOPICSen'],,['43108390'],['2026-05-05T00:00:00.000+0000'],['single-stage'],['31094502'],['HORIZON  Research and Innovation Actions'],2026-09-20 09:08:50.362431+00:00
2.155,50218159TOPICSen,https://ec.europa.eu/info/funding-tenders/opportunities/portal/screen/opportunities/topic-details/HORIZON-NEB-2026-01-REGEN-03,text/plain,en,SEDIA,SEDIA,Innovative solutions for the sustainable and beautiful use of vertical space,0.0,Innovative solutions for the sustainable and beautiful use of vertical space,False,[],[],Innovative solutions for the sustainable and beautiful use of vertical space. Available at: https://ec.europa.eu/info/funding-tenders/opportunities/portal/screen/opportunities/topic-details/HORIZON-NEB-2026-01-REGEN-03,['HORIZON-NEB-2026-01-REGEN-03'],['text/plain'],,['2026-05-05T00:00:00.000+0000'],['2026-12-01T00:00:00.000+0000'],,['en'],['Innovative solutions for the sustainable and beautiful use of vertical space'],['1'],['https://ec.europa.eu/info/funding-tenders/opportunities/portal/screen/opportunities/topic-details/HORIZON-NEB-2026-01-REGEN-03'],['https://ec.europa.eu/info/funding-tenders/opportunities/portal/screen/opportunities/topic-details/HORIZON-NEB-2026-01-REGEN-03'],['50218343'],['SEDIA'],['50218159TOPICSen'],,['43108390'],['2026-05-05T00:00:00.000+0000'],['single-stage'],['31094502'],['HORIZON Innovation Actions'],2026-09-20 09:08:50.362431+00:00
2.155,50218290TOPICSen,https://ec.europa.eu/info/funding-tenders/opportunities/portal/screen/opportunities/topic-details/HORIZON-NEB-2026-01-BUSINESS-01,text/plain,en,SEDIA,SEDIA,Structurally addressing homelessness through coordinated social infrastructure and services in neighbourhoods,0.0,Structurally addressing homelessness through coordinated social infrastructure and services in neighbourhoods,False,[],[],Structurally addressing homelessness through coordinated social infrastructure and services in neighbourhoods. Available at: https://ec.europa.eu/info/funding-tenders/opportunities/portal/screen/opportunities/topic-details/HORIZON-NEB-2026-01-BUSINESS-01,['HORIZON-NEB-2026-01-BUSINESS-01'],['text/plain'],,['2026-05-05T00:00:00.000+0000'],['2026-12-01T00:00:00.000+0000'],,['en'],['Structurally addressing homelessness through coordinated social infrastructure and services in neighbourhoods'],['1'],['https://ec.europa.eu/info/funding-tenders/opportunities/portal/screen/opportunities/topic-details/HORIZON-NEB-2026-01-BUSINESS-01'],['https://ec.europa.eu/info/funding-tenders/opportunities/portal/screen/opportunities/topic-details/HORIZON-NEB-2026-01-BUSINESS-01'],['50218343'],['SEDIA'],['50218290TOPICSen'],,['43108390'],['2026-05-05T00:00:00.000+0000'],['single-stage'],['31094502'],['HORIZON Innovation Actions'],2026-09-20 09:08:50.362431+00:00
2.155,50217990TOPICSen,https://ec.europa.eu/info/funding-tenders/opportunities/portal/screen/opportunities/topic-details/HORIZON-NEB-2026-01-PARTICIPATION-02,text/plain,en,SEDIA,SEDIA,Innovative approaches for the spatial design of neighbourhoods,0.0,Innovative approaches for the spatial design of neighbourhoods,False,[],[],Innovative approaches for the spatial design of neighbourhoods. Available at: https://ec.europa.eu/info/funding-tenders/opportunities/portal/screen/opportunities/topic-details/HORIZON-NEB-2026-01-PARTICIPATION-02,['HORIZON-NEB-2026-01-PARTICIPATION-02'],['text/plain'],,['2026-05-05T00:00:00.000+0000'],['2026-12-01T00:00:00.000+0000'],,['en'],['Innovative approaches for the spatial design of neighbourhoods'],['1'],['https://ec.europa.eu/info/funding-tenders/opportunities/portal/screen/opportunities/topic-details/HORIZON-NEB-2026-01-PARTICIPATION-02'],['https://ec.europa.eu/info/funding-tenders/opportunities/portal/screen/opportunities/topic-details/HORIZON-NEB-2026-01-PARTICIPATION-02'],['50218343'],['SEDIA'],['50217990TOPICSen'],,['43108390'],['2026-05-05T00:00:00.000+0000'],['single-stage'],['31094502'],['HORIZON Innovation Actions'],2026-09-20 09:08:50.362431+00:00
2.155,50217944TOPICSen,https://ec.europa.eu/info/funding-tenders/opportunities/portal/screen/opportunities/topic-details/HORIZON-NEB-2026-01-PARTICIPATION-01,text/plain,en,SEDIA,SEDIA,Addressing homelessness through housing-led approaches aligned with the New European Bauhaus,0.0,Addressing homelessness through housing-led approaches aligned with the New European Bauhaus,False,[],[],Addressing homelessness through housing-led approaches aligned with the New European Bauhaus. Available at: https://ec.europa.eu/info/funding-tenders/opportunities/portal/screen/opportunities/topic-details/HORIZON-NEB-2026-01-PARTICIPATION-01,['HORIZON-NEB-2026-01-PARTICIPATION-01'],['text/plain'],,['2026-05-05T00:00:00.000+0000'],['2026-12-01T00:00:00.000+0000'],,['en'],['Addressing homelessness through housing-led approaches aligned with the New European Bauhaus'],['1'],['https://ec.europa.eu/info/funding-tenders/opportunities/portal/screen/opportunities/topic-details/HORIZON-NEB-2026-01-PARTICIPATION-01'],['https://ec.europa.eu/info/funding-tenders/opportunities/portal/screen/opportunities/topic-details/HORIZON-NEB-2026-01-PARTICIPATION-01'],['50218343'],['SEDIA'],['50217944TOPICSen'],,['43108390'],['2026-05-05T00:00:00.000+0000'],['single-stage'],['31094502'],['HORIZON Innovation Actions'],2026-09-20 09:08:50.362431+00:00
2.155,13381COMPETITIVE_CALLen,https://ec.europa.eu/info/funding-tenders/opportunities/portal/screen/opportunities/competitive-calls-cs/46214053,text/plain,en,SEDIA,SEDIA,AI4Gov-X Cascade Funding Call - first edition [AI4Gov-X-FSTP-CALL-01-2026],0.0,AI4Gov-X Cascade Funding Call - first edition [AI4Gov-X-FSTP-CALL-01-2026],False,[],[],Specialised education programmes in key capacity areas. Available at: https://ec.europa.eu/info/funding-tenders/opportunities/portal/screen/opportunities/competitive-calls-cs/46214053,['DIGITAL-2023-SKILLS-05-SPECIALEDU'],['text/plain'],['AI4Gov-X Cascade Funding Call - first edition [AI4Gov-X-FSTP-CALL-01-2026]'],['2026-05-01T00:00:00.000+0000'],"['2026-06-30T23:59:00.000+0000', '2026-08-31T23:59:00.000+0000', '2026-10-31T23:59:00.000+0000', '2026-12-31T23:59:00.000+0000', '2027-02-28T23:59:00.000+0000']","['<p>The procedure follows the principles of:</p><ol><li data-list=""bullet""><span class=""ql-ui"" contenteditable=""false""></span>transparency,</li><li data-list=""bullet""><span class=""ql-ui"" contenteditable=""false""></span>equal treatment,</li><li data-list=""bullet""><span class=""ql-ui"" contenteditable=""false""></span>confidentiality,</li><li data-list=""bullet""><span class=""ql-ui"" contenteditable=""false""></span>absence of conflict of interest.</li></ol><p>Admissibility and eligibility checks precede scoring; only eligible applications will be scored.</p><p>Eligible proposals are ranked by total score within the available budget.</p><p>The final award decision is endorsed by POLI.design. All applicants will receive a written justification for the decision, with terms to appeal.</p><p>Selected beneficiaries will be requested to sign a Financial Support Agreement specifying the supported activity, eligible costs, maximum amount, payment schedule and reporting obligations.</p><p>Failure to sign within the indicated timeframe may lead to loss of the grant by the autonomous decision of POLI.design.</p><p>Payments will be made by POLI.design, normally after participation in the activity and approval of the beneficiary report and cost statement. Details are provided in the individual Financial Support Agreement (including e.g. the possibility of small prefinancing in justified cases).</p>']",['en'],['Specialised education programmes in key capacity areas'],['8'],['https://ec.europa.eu/info/funding-tenders/opportunities/portal/screen/opportunities/competitive-calls-cs/46214053'],['https://ec.europa.eu/info/funding-tenders/opportunities/portal/screen/opportunities/competitive-calls-cs/46214053'],['13381'],['SEDIA'],['13381COMPETITIVE_CALLen'],['AI4GOV-X'],['43152860'],['2026-05-01T00:00:00.000+0000'],['multiple cut-off'],['31094502'],,2026-09-20 09:08:50.362431+00:00
2.155,13985COMPETITIVE_CALLen,https://ec.europa.eu/info/funding-tenders/opportunities/portal/screen/opportunities/competitive-calls-cs/45114064,text/plain,en,SEDIA,SEDIA,TUDa GreenChips-EDU Scholarship,0.0,TUDa GreenChips-EDU Scholarship,False,[],[],Specialised education programmes or modules in key capacity areas. Available at: https://ec.europa.eu/info/funding-tenders/opportunities/portal/screen/opportunities/competitive-calls-cs/45114064,['DIGITAL-2022-SKILLS-03-SPECIALISED-EDU'],['text/plain'],['TUDa GreenChips-EDU Scholarship'],['2026-04-30T00:00:00.000+0000'],"['2026-07-01T23:59:00.000+0000', '2027-02-14T23:59:00.000+0000', '2027-06-01T23:59:00.000+0000']",[],['en'],['Specialised education programmes or modules in key capacity areas'],['8'],['https://ec.europa.eu/info/funding-tenders/opportunities/portal/screen/opportunities/competitive-calls-cs/45114064'],['https://ec.europa.eu/info/funding-tenders/opportunities/portal/screen/opportunities/competitive-calls-cs/45114064'],['13985'],['SEDIA'],['13985COMPETITIVE_CALLen'],['GreenChips-EDU'],['43152860'],['2026-04-30T00:00:00.000+0000'],['multiple cut-off'],['31094502'],,2026-09-20 09:08:50.362431+00:00
2.155,51158631TOPICSen,https://ec.europa.eu/info/funding-tenders/opportunities/portal/screen/opportunities/topic-details/ESF-2026-POW,text/plain,en,SEDIA,SEDIA,Posting of workers: enhancing administrative cooperation and access to information,0.0,Posting of workers: enhancing administrative cooperation and access to information,False,[],[],Posting of workers: enhancing administrative cooperation and access to information. Available at: https://ec.europa.eu/info/funding-tenders/opportunities/portal/screen/opportunities/topic-details/ESF-2026-POW,['ESF-2026-POW'],['text/plain'],,['2026-04-30T00:00:00.000+0000'],['2026-10-06T00:00:00.000+0000'],,['en'],['Posting of workers: enhancing administrative cooperation and access to information'],['1'],['https://ec.europa.eu/info/funding-tenders/opportunities/portal/screen/opportunities/topic-details/ESF-2026-POW'],['https://ec.europa.eu/info/funding-tenders/opportunities/portal/screen/opportunities/topic-details/ESF-2026-POW'],['51158646'],['SEDIA'],['51158631TOPICSen'],,['43254019'],['2026-04-30T00:00:00.000+0000'],['single-stage'],['31094502'],['ESF Project Grants'],2026-09-20 09:08:50.362431+00:00
2.155,51179640TOPICSen,https://ec.europa.eu/info/funding-tenders/opportunities/portal/screen/opportunities/topic-details/EDF-EDIP-P-2026-FNLC-CPA-AMEW,text/plain,en,SEDIA,SEDIA,"Ammunition, missiles and other explosive weapons",0.0,"Ammunition, missiles and other explosive weapons",False,[],[],"Ammunition, missiles and other explosive weapons. Available at: https://ec.europa.eu/info/funding-tenders/opportunities/portal/screen/opportunities/topic-details/EDF-EDIP-P-2026-FNLC-CPA-AMEW",['EDF-EDIP-P-2026-FNLC-CPA-AMEW'],['text/plain'],,['2026-04-30T00:00:00.000+0000'],['2026-10-13T00:00:00.000+0000'],,['en'],"['Ammunition, missiles and other explosive weapons']",['1'],['https://ec.europa.eu/info/funding-tenders/opportunities/portal/screen/opportunities/topic-details/EDF-EDIP-P-2026-FNLC-CPA-AMEW'],['https://ec.europa.eu/info/funding-tenders/opportunities/portal/screen/opportunities/topic-details/EDF-EDIP-P-2026-FNLC-CPA-AMEW'],['51179659'],['SEDIA'],['51179640TOPICSen'],,['44181033'],['2026-04-30T00:00:00.000+0000'],['single-stage'],['31094502'],['EDF Lump Sum Grants'],2026-09-20 09:08:50.362431+00:00
2.155,51179648TOPICSen,https://ec.europa.eu/info/funding-tenders/opportunities/portal/screen/opportunities/topic-details/EDF-EDIP-P-2026-FNLC-CPA-CDS,text/plain,en,SEDIA,SEDIA,Counter-drone systems,0.0,Counter-drone systems,False,[],[],Counter-drone systems. Available at: https://ec.europa.eu/info/funding-tenders/opportunities/portal/screen/opportunities/topic-details/EDF-EDIP-P-2026-FNLC-CPA-CDS,['EDF-EDIP-P-2026-FNLC-CPA-CDS'],['text/plain'],,['2026-04-30T00:00:00.000+0000'],['2026-10-13T00:00:00.000+0000'],,['en'],['Counter-drone systems'],['1'],['https://ec.europa.eu/info/funding-tenders/opportunities/portal/screen/opportunities/topic-details/EDF-EDIP-P-2026-FNLC-CPA-CDS'],['https://ec.europa.eu/info/funding-tenders/opportunities/portal/screen/opportunities/topic-details/EDF-EDIP-P-2026-FNLC-CPA-CDS'],['51179659'],['SEDIA'],['51179648TOPICSen'],,['44181033'],['2026-04-30T00:00:00.000+0000'],['single-stage'],['31094502'],['EDF Lump Sum Grants'],2026-09-20 09:08:50.362431+00:00
2.155,51179831TOPICSen,https://ec.europa.eu/info/funding-tenders/opportunities/portal/screen/opportunities/topic-details/CEF-E-2026-PCI-PMI-WORKS,text/plain,en,SEDIA,SEDIA,"Electricity, Gas, Smart Grids, Hydrogen and CO₂ networks - Works",0.0,"Electricity, Gas, Smart Grids, Hydrogen and CO₂ networks - Works",False,[],[],"Electricity, Gas, Smart Grids, Hydrogen and CO₂ networks - Works. Available at: https://ec.europa.eu/info/funding-tenders/opportunities/portal/screen/opportunities/topic-details/CEF-E-2026-PCI-PMI-WORKS",['CEF-E-2026-PCI-PMI-WORKS'],['text/plain'],,['2026-04-30T00:00:00.000+0000'],['2026-09-30T00:00:00.000+0000'],,['en'],"['Electricity, Gas, Smart Grids, Hydrogen and CO₂ networks - Works']",['1'],['https://ec.europa.eu/info/funding-tenders/opportunities/portal/screen/opportunities/topic-details/CEF-E-2026-PCI-PMI-WORKS'],['https://ec.europa.eu/info/funding-tenders/opportunities/portal/screen/opportunities/topic-details/CEF-E-2026-PCI-PMI-WORKS'],['51179844'],['SEDIA'],['51179831TOPICSen'],,['43251567'],['2026-04-30T00:00:00.000+0000'],['single-stage'],['31094502'],['CEF Infrastructure Projects'],2026-09-20 09:08:50.362431+00:00
2.155,51179821TOPICSen,https://ec.europa.eu/info/funding-tenders/opportunities/portal/screen/opportunities/topic-details/CEF-E-2026-PCI-PMI-STUDIES,text/plain,en,SEDIA,SEDIA,"Electricity, Gas, Smart Grids, Hydrogen and CO₂ networks - Studies",0.0,"Electricity, Gas, Smart Grids, Hydrogen and CO₂ networks - Studies",False,[],[],"Electricity, Gas, Smart Grids, Hydrogen and CO₂ networks - Studies. Available at: https://ec.europa.eu/info/funding-tenders/opportunities/portal/screen/opportunities/topic-details/CEF-E-2026-PCI-PMI-STUDIES",['CEF-E-2026-PCI-PMI-STUDIES'],['text/plain'],,['2026-04-30T00:00:00.000+0000'],['2026-09-30T00:00:00.000+0000'],,['en'],"['Electricity, Gas, Smart Grids, Hydrogen and CO₂ networks - Studies']",['1'],['https://ec.europa.eu/info/funding-tenders/opportunities/portal/screen/opportunities/topic-details/CEF-E-2026-PCI-PMI-STUDIES'],['https://ec.europa.eu/info/funding-tenders/opportunities/portal/screen/opportunities/topic-details/CEF-E-2026-PCI-PMI-STUDIES'],['51179844'],['SEDIA'],['51179821TOPICSen'],,['43251567'],['2026-04-30T00:00:00.000+0000'],['single-stage'],['31094502'],['CEF Project Grants'],2026-09-20 09:08:50.362431+00:00
2.155,13981COMPETITIVE_CALLen,https://ec.europa.eu/info/funding-tenders/opportunities/portal/screen/opportunities/competitive-calls-cs/45114064,text/plain,en,SEDIA,SEDIA,EURIDICE 5th Digital Humanism Summer School 2026,0.0,EURIDICE 5th Digital Humanism Summer School 2026,False,[],[],Specialised education programmes or modules in key capacity areas. Available at: https://ec.europa.eu/info/funding-tenders/opportunities/portal/screen/opportunities/competitive-calls-cs/45114064,['DIGITAL-2022-SKILLS-03-SPECIALISED-EDU'],['text/plain'],['EURIDICE 5th Digital Humanism Summer School 2026'],['2026-04-28T00:00:00.000+0000'],['2026-06-28T17:00:00.000+0000'],[],['en'],['Specialised education programmes or modules in key capacity areas'],['8'],['https://ec.europa.eu/info/funding-tenders/opportunities/portal/screen/opportunities/competitive-calls-cs/45114064'],['https://ec.europa.eu/info/funding-tenders/opportunities/portal/screen/opportunities/competitive-calls-cs/45114064'],['13981'],['SEDIA'],['13981COMPETITIVE_CALLen'],['EURIDICE'],['43152860'],['2026-04-28T00:00:00.000+0000'],['single-stage'],['31094502'],,2026-09-20 09:08:50.362431+00:00
2.155,50150091TOPICSen,https://ec.europa.eu/info/funding-tenders/opportunities/portal/screen/opportunities/topic-details/HORIZON-WIDERA-2026-04-WIDENING-01,text/plain,en,SEDIA,SEDIA,Research Management Facility,0.0,Research Management Facility,False,[],[],Research Management Facility. Available at: https://ec.europa.eu/info/funding-tenders/opportunities/portal/screen/opportunities/topic-details/HORIZON-WIDERA-2026-04-WIDENING-01,['HORIZON-WIDERA-2026-04-WIDENING-01'],['text/plain'],,['2026-04-23T00:00:00.000+0000'],['2026-09-24T00:00:00.000+0000'],,['en'],['Research Management Facility'],['1'],['https://ec.europa.eu/info/funding-tenders/opportunities/portal/screen/opportunities/topic-details/HORIZON-WIDERA-2026-04-WIDENING-01'],['https://ec.europa.eu/info/funding-tenders/opportunities/portal/screen/opportunities/topic-details/HORIZON-WIDERA-2026-04-WIDENING-01'],['50150109'],['SEDIA'],['50150091TOPICSen'],,['43108390'],['2026-04-23T00:00:00.000+0000'],['single-stage'],['31094502'],['HORIZON Coordination and Support Actions'],2026-09-20 09:08:50.362431+00:00
2.155,50149942TOPICSen,https://ec.europa.eu/info/funding-tenders/opportunities/portal/screen/opportunities/topic-details/HORIZON-WIDERA-2026-01-WIDENING-01,text/plain,en,SEDIA,SEDIA,Teaming Synergies,0.0,Teaming Synergies,False,[],[],Teaming Synergies. Available at: https://ec.europa.eu/info/funding-tenders/opportunities/portal/screen/opportunities/topic-details/HORIZON-WIDERA-2026-01-WIDENING-01,['HORIZON-WIDERA-2026-01-WIDENING-01'],['text/plain'],,['2026-04-23T00:00:00.000+0000'],['2026-09-24T00:00:00.000+0000'],,['en'],['Teaming Synergies'],['1'],['https://ec.europa.eu/info/funding-tenders/opportunities/portal/screen/opportunities/topic-details/HORIZON-WIDERA-2026-01-WIDENING-01'],['https://ec.europa.eu/info/funding-tenders/opportunities/portal/screen/opportunities/topic-details/HORIZON-WIDERA-2026-01-WIDENING-01'],['50149961'],['SEDIA'],['50149942TOPICSen'],,['43108390'],['2026-04-23T00:00:00.000+0000'],['single-stage'],['31094502'],['HORIZON Coordination and Support Actions'],2026-09-20 09:08:50.362431+00:00
2.155,51176764TOPICSen,https://ec.europa.eu/info/funding-tenders/opportunities/portal/screen/opportunities/topic-details/HORIZON-JU-CBE-2026-IAFlag-03,text/plain,en,SEDIA,SEDIA,SSbD bio-based solutions for home and/or personal care,0.0,SSbD bio-based solutions for home and/or personal care,False,[],[],SSbD bio-based solutions for home and/or personal care. Available at: https://ec.europa.eu/info/funding-tenders/opportunities/portal/screen/opportunities/topic-details/HORIZON-JU-CBE-2026-IAFlag-03,['HORIZON-JU-CBE-2026-IAFlag-03'],['text/plain'],,['2026-04-23T00:00:00.000+0000'],['2026-09-22T00:00:00.000+0000'],,['en'],['SSbD bio-based solutions for home and/or personal care'],['1'],['https://ec.europa.eu/info/funding-tenders/opportunities/portal/screen/opportunities/topic-details/HORIZON-JU-CBE-2026-IAFlag-03'],['https://ec.europa.eu/info/funding-tenders/opportunities/portal/screen/opportunities/topic-details/HORIZON-JU-CBE-2026-IAFlag-03'],['51176965'],['SEDIA'],['51176764TOPICSen'],,['43108390'],['2026-04-23T00:00:00.000+0000'],['single-stage'],['31094502'],['HORIZON JU Innovation Actions'],2026-09-20 09:08:50.362431+00:00
2.155,51176608TOPICSen,https://ec.europa.eu/info/funding-tenders/opportunities/portal/screen/opportunities/topic-details/HORIZON-JU-CBE-2026-IA-04,text/plain,en,SEDIA,SEDIA,"High-performance, circular-by-design, bio-based thermosets",0.0,"High-performance, circular-by-design, bio-based thermosets",False,[],[],"High-performance, circular-by-design, bio-based thermosets. Available at: https://ec.europa.eu/info/funding-tenders/opportunities/portal/screen/opportunities/topic-details/HORIZON-JU-CBE-2026-IA-04",['HORIZON-JU-CBE-2026-IA-04'],['text/plain'],,['2026-04-23T00:00:00.000+0000'],['2026-09-22T00:00:00.000+0000'],,['en'],"['High-performance, circular-by-design, bio-based thermosets']",['1'],['https://ec.europa.eu/info/funding-tenders/opportunities/portal/screen/opportunities/topic-details/HORIZON-JU-CBE-2026-IA-04'],['https://ec.europa.eu/info/funding-tenders/opportunities/portal/screen/opportunities/topic-details/HORIZON-JU-CBE-2026-IA-04'],['51176965'],['SEDIA'],['51176608TOPICSen'],,['43108390'],['2026-04-23T00:00:00.000+0000'],['single-stage'],['31094502'],['HORIZON JU Innovation Actions'],2026-09-20 09:08:50.362431+00:00
2.155,51176920TOPICSen,https://ec.europa.eu/info/funding-tenders/opportunities/portal/screen/opportunities/topic-details/HORIZON-JU-CBE-2026-RIA-03,text/plain,en,SEDIA,SEDIA,Develop breakthrough and sustainable bio-based textile fibres,0.0,Develop breakthrough and sustainable bio-based textile fibres,False,[],[],Develop breakthrough and sustainable bio-based textile fibres. Available at: https://ec.europa.eu/info/funding-tenders/opportunities/portal/screen/opportunities/topic-details/HORIZON-JU-CBE-2026-RIA-03,['HORIZON-JU-CBE-2026-RIA-03'],['text/plain'],,['2026-04-23T00:00:00.000+0000'],['2026-09-22T00:00:00.000+0000'],,['en'],['Develop breakthrough and sustainable bio-based textile fibres'],['1'],['https://ec.europa.eu/info/funding-tenders/opportunities/portal/screen/opportunities/topic-details/HORIZON-JU-CBE-2026-RIA-03'],['https://ec.europa.eu/info/funding-tenders/opportunities/portal/screen/opportunities/topic-details/HORIZON-JU-CBE-2026-RIA-03'],['51176965'],['SEDIA'],['51176920TOPICSen'],,['43108390'],['2026-04-23T00:00:00.000+0000'],['single-stage'],['31094502'],['HORIZON JU Research and Innovation Actions'],2026-09-20 09:08:50.362431+00:00
2.155,51176567TOPICSen,https://ec.europa.eu/info/funding-tenders/opportunities/portal/screen/opportunities/topic-details/HORIZON-JU-CBE-2026-IA-03,text/plain,en,SEDIA,SEDIA,Bio-based chemicals and/or materials from woody residues,0.0,Bio-based chemicals and/or materials from woody residues,False,[],[],Bio-based chemicals and/or materials from woody residues. Available at: https://ec.europa.eu/info/funding-tenders/opportunities/portal/screen/opportunities/topic-details/HORIZON-JU-CBE-2026-IA-03,['HORIZON-JU-CBE-2026-IA-03'],['text/plain'],,['2026-04-23T00:00:00.000+0000'],['2026-09-22T00:00:00.000+0000'],,['en'],['Bio-based chemicals and/or materials from woody residues'],['1'],['https://ec.europa.eu/info/funding-tenders/opportunities/portal/screen/opportunities/topic-details/HORIZON-JU-CBE-2026-IA-03'],['https://ec.europa.eu/info/funding-tenders/opportunities/portal/screen/opportunities/topic-details/HORIZON-JU-CBE-2026-IA-03'],['51176965'],['SEDIA'],['51176567TOPICSen'],,['43108390'],['2026-04-23T00:00:00.000+0000'],['single-stage'],['31094502'],['HORIZON JU Innovation Actions'],2026-09-20 09:08:50.362431+00:00
2.155,51176725TOPICSen,https://ec.europa.eu/info/funding-tenders/opportunities/portal/screen/opportunities/topic-details/HORIZON-JU-CBE-2026-IAFlag-02,text/plain,en,SEDIA,SEDIA,SSbD bio-based alternatives for fertilising and/or crop protection products,0.0,SSbD bio-based alternatives for fertilising and/or crop protection products,False,[],[],SSbD bio-based alternatives for fertilising and/or crop protection products. Available at: https://ec.europa.eu/info/funding-tenders/opportunities/portal/screen/opportunities/topic-details/HORIZON-JU-CBE-2026-IAFlag-02,['HORIZON-JU-CBE-2026-IAFlag-02'],['text/plain'],,['2026-04-23T00:00:00.000+0000'],['2026-09-22T00:00:00.000+0000'],,['en'],['SSbD bio-based alternatives for fertilising and/or crop protection products'],['1'],['https://ec.europa.eu/info/funding-tenders/opportunities/portal/screen/opportunities/topic-details/HORIZON-JU-CBE-2026-IAFlag-02'],['https://ec.europa.eu/info/funding-tenders/opportunities/portal/screen/opportunities/topic-details/HORIZON-JU-CBE-2026-IAFlag-02'],['51176965'],['SEDIA'],['51176725TOPICSen'],,['43108390'],['2026-04-23T00:00:00.000+0000'],['single-stage'],['31094502'],['HORIZON JU Innovation Actions'],2026-09-20 09:08:50.362431+00:00
2.155,51176527TOPICSen,https://ec.europa.eu/info/funding-tenders/opportunities/portal/screen/opportunities/topic-details/HORIZON-JU-CBE-2026-IA-02,text/plain,en,SEDIA,SEDIA,Bio-based additives as alternatives to unlock and increase recyclability and/or biodegradability,0.0,Bio-based additives as alternatives to unlock and increase recyclability and/or biodegradability,False,[],[],Bio-based additives as alternatives to unlock and increase recyclability and/or biodegradability. Available at: https://ec.europa.eu/info/funding-tenders/opportunities/portal/screen/opportunities/topic-details/HORIZON-JU-CBE-2026-IA-02,['HORIZON-JU-CBE-2026-IA-02'],['text/plain'],,['2026-04-23T00:00:00.000+0000'],['2026-09-22T00:00:00.000+0000'],,['en'],['Bio-based additives as alternatives to unlock and increase recyclability and/or biodegradability'],['1'],['https://ec.europa.eu/info/funding-tenders/opportunities/portal/screen/opportunities/topic-details/HORIZON-JU-CBE-2026-IA-02'],['https://ec.europa.eu/info/funding-tenders/opportunities/portal/screen/opportunities/topic-details/HORIZON-JU-CBE-2026-IA-02'],['51176965'],['SEDIA'],['51176527TOPICSen'],,['43108390'],['2026-04-23T00:00:00.000+0000'],['single-stage'],['31094502'],['HORIZON JU Innovation Actions'],2026-09-20 09:08:50.362431+00:00
2.155,51176802TOPICSen,https://ec.europa.eu/info/funding-tenders/opportunities/portal/screen/opportunities/topic-details/HORIZON-JU-CBE-2026-IAFlag-04,text/plain,en,SEDIA,SEDIA,Diversification of nutritional food ingredient sources for increased EU resilience and strategic autonomy,0.0,Diversification of nutritional food ingredient sources for increased EU resilience and strategic autonomy,False,[],[],Diversification of nutritional food ingredient sources for increased EU resilience and strategic autonomy. Available at: https://ec.europa.eu/info/funding-tenders/opportunities/portal/screen/opportunities/topic-details/HORIZON-JU-CBE-2026-IAFlag-04,['HORIZON-JU-CBE-2026-IAFlag-04'],['text/plain'],,['2026-04-23T00:00:00.000+0000'],['2026-09-22T00:00:00.000+0000'],,['en'],['Diversification of nutritional food ingredient sources for increased EU resilience and strategic autonomy'],['1'],['https://ec.europa.eu/info/funding-tenders/opportunities/portal/screen/opportunities/topic-details/HORIZON-JU-CBE-2026-IAFlag-04'],['https://ec.europa.eu/info/funding-tenders/opportunities/portal/screen/opportunities/topic-details/HORIZON-JU-CBE-2026-IAFlag-04'],['51176965'],['SEDIA'],['51176802TOPICSen'],,['43108390'],['2026-04-23T00:00:00.000+0000'],['single-stage'],['31094502'],['HORIZON JU Innovation Actions'],2026-09-20 09:08:50.362431+00:00
2.155,51176647TOPICSen,https://ec.europa.eu/info/funding-tenders/opportunities/portal/screen/opportunities/topic-details/HORIZON-JU-CBE-2026-IA-05,text/plain,en,SEDIA,SEDIA,Films and coatings for circular packaging,0.0,Films and coatings for circular packaging,False,[],[],Films and coatings for circular packaging. Available at: https://ec.europa.eu/info/funding-tenders/opportunities/portal/screen/opportunities/topic-details/HORIZON-JU-CBE-2026-IA-05,['HORIZON-JU-CBE-2026-IA-05'],['text/plain'],,['2026-04-23T00:00:00.000+0000'],['2026-09-22T00:00:00.000+0000'],,['en'],['Films and coatings for circular packaging'],['1'],['https://ec.europa.eu/info/funding-tenders/opportunities/portal/screen/opportunities/topic-details/HORIZON-JU-CBE-2026-IA-05'],['https://ec.europa.eu/info/funding-tenders/opportunities/portal/screen/opportunities/topic-details/HORIZON-JU-CBE-2026-IA-05'],['51176965'],['SEDIA'],['51176647TOPICSen'],,['43108390'],['2026-04-23T00:00:00.000+0000'],['single-stage'],['31094502'],['HORIZON JU Innovation Actions'],2026-09-20 09:08:50.362431+00:00
2.155,51176449TOPICSen,https://ec.europa.eu/info/funding-tenders/opportunities/portal/screen/opportunities/topic-details/HORIZON-JU-CBE-2026-CSA-01,text/plain,en,SEDIA,SEDIA,Supporting industry in the switch to sustainable and circular bio-based products and processes,0.0,Supporting industry in the switch to sustainable and circular bio-based products and processes,False,[],[],Supporting industry in the switch to sustainable and circular bio-based products and processes. Available at: https://ec.europa.eu/info/funding-tenders/opportunities/portal/screen/opportunities/topic-details/HORIZON-JU-CBE-2026-CSA-01,['HORIZON-JU-CBE-2026-CSA-01'],['text/plain'],,['2026-04-23T00:00:00.000+0000'],['2026-09-22T00:00:00.000+0000'],,['en'],['Supporting industry in the switch to sustainable and circular bio-based products and processes'],['1'],['https://ec.europa.eu/info/funding-tenders/opportunities/portal/screen/opportunities/topic-details/HORIZON-JU-CBE-2026-CSA-01'],['https://ec.europa.eu/info/funding-tenders/opportunities/portal/screen/opportunities/topic-details/HORIZON-JU-CBE-2026-CSA-01'],['51176965'],['SEDIA'],['51176449TOPICSen'],,['43108390'],['2026-04-23T00:00:00.000+0000'],['single-stage'],['31094502'],['HORIZON JU Coordination and Support Actions'],2026-09-20 09:08:50.362431+00:00
2.155,51176687TOPICSen,https://ec.europa.eu/info/funding-tenders/opportunities/portal/screen/opportunities/topic-details/HORIZON-JU-CBE-2026-IAFlag-01,text/plain,en,SEDIA,SEDIA,Boosting biorefinery competitiveness through biotech,0.0,Boosting biorefinery competitiveness through biotech,False,[],[],Boosting biorefinery competitiveness through biotech. Available at: https://ec.europa.eu/info/funding-tenders/opportunities/portal/screen/opportunities/topic-details/HORIZON-JU-CBE-2026-IAFlag-01,['HORIZON-JU-CBE-2026-IAFlag-01'],['text/plain'],,['2026-04-23T00:00:00.000+0000'],['2026-09-22T00:00:00.000+0000'],,['en'],['Boosting biorefinery competitiveness through biotech'],['1'],['https://ec.europa.eu/info/funding-tenders/opportunities/portal/screen/opportunities/topic-details/HORIZON-JU-CBE-2026-IAFlag-01'],['https://ec.europa.eu/info/funding-tenders/opportunities/portal/screen/opportunities/topic-details/HORIZON-JU-CBE-2026-IAFlag-01'],['51176965'],['SEDIA'],['51176687TOPICSen'],,['43108390'],['2026-04-23T00:00:00.000+0000'],['single-stage'],['31094502'],['HORIZON JU Innovation Actions'],2026-09-20 09:08:50.362431+00:00
2.155,51176489TOPICSen,https://ec.europa.eu/info/funding-tenders/opportunities/portal/screen/opportunities/topic-details/HORIZON-JU-CBE-2026-IA-01,text/plain,en,SEDIA,SEDIA,Biotech routes for valorisation of residual biomass,0.0,Biotech routes for valorisation of residual biomass,False,[],[],Biotech routes for valorisation of residual biomass. Available at: https://ec.europa.eu/info/funding-tenders/opportunities/portal/screen/opportunities/topic-details/HORIZON-JU-CBE-2026-IA-01,['HORIZON-JU-CBE-2026-IA-01'],['text/plain'],,['2026-04-23T00:00:00.000+0000'],['2026-09-22T00:00:00.000+0000'],,['en'],['Biotech routes for valorisation of residual biomass'],['1'],['https://ec.europa.eu/info/funding-tenders/opportunities/portal/screen/opportunities/topic-details/HORIZON-JU-CBE-2026-IA-01'],['https://ec.europa.eu/info/funding-tenders/opportunities/portal/screen/opportunities/topic-details/HORIZON-JU-CBE-2026-IA-01'],['51176965'],['SEDIA'],['51176489TOPICSen'],,['43108390'],['2026-04-23T00:00:00.000+0000'],['single-stage'],['31094502'],['HORIZON JU Innovation Actions'],2026-09-20 09:08:50.362431+00:00
2.155,51176846TOPICSen,https://ec.europa.eu/info/funding-tenders/opportunities/portal/screen/opportunities/topic-details/HORIZON-JU-CBE-2026-RIA-01,text/plain,en,SEDIA,SEDIA,Addressing separation and purification challenges in biorefineries,0.0,Addressing separation and purification challenges in biorefineries,False,[],[],Addressing separation and purification challenges in biorefineries. Available at: https://ec.europa.eu/info/funding-tenders/opportunities/portal/screen/opportunities/topic-details/HORIZON-JU-CBE-2026-RIA-01,['HORIZON-JU-CBE-2026-RIA-01'],['text/plain'],,['2026-04-23T00:00:00.000+0000'],['2026-09-22T00:00:00.000+0000'],,['en'],['Addressing separation and purification challenges in biorefineries'],['1'],['https://ec.europa.eu/info/funding-tenders/opportunities/portal/screen/opportunities/topic-details/HORIZON-JU-CBE-2026-RIA-01'],['https://ec.europa.eu/info/funding-tenders/opportunities/portal/screen/opportunities/topic-details/HORIZON-JU-CBE-2026-RIA-01'],['51176965'],['SEDIA'],['51176846TOPICSen'],,['43108390'],['2026-04-23T00:00:00.000+0000'],['single-stage'],['31094502'],['HORIZON JU Research and Innovation Actions'],2026-09-20 09:08:50.362431+00:00
2.155,51176881TOPICSen,https://ec.europa.eu/info/funding-tenders/opportunities/portal/screen/opportunities/topic-details/HORIZON-JU-CBE-2026-RIA-02,text/plain,en,SEDIA,SEDIA,SSbD bio-based polymers from alternative sources,0.0,SSbD bio-based polymers from alternative sources,False,[],[],SSbD bio-based polymers from alternative sources. Available at: https://ec.europa.eu/info/funding-tenders/opportunities/portal/screen/opportunities/topic-details/HORIZON-JU-CBE-2026-RIA-02,['HORIZON-JU-CBE-2026-RIA-02'],['text/plain'],,['2026-04-23T00:00:00.000+0000'],['2026-09-22T00:00:00.000+0000'],,['en'],['SSbD bio-based polymers from alternative sources'],['1'],['https://ec.europa.eu/info/funding-tenders/opportunities/portal/screen/opportunities/topic-details/HORIZON-JU-CBE-2026-RIA-02'],['https://ec.europa.eu/info/funding-tenders/opportunities/portal/screen/opportunities/topic-details/HORIZON-JU-CBE-2026-RIA-02'],['51176965'],['SEDIA'],['51176881TOPICSen'],,['43108390'],['2026-04-23T00:00:00.000+0000'],['single-stage'],['31094502'],['HORIZON JU Research and Innovation Actions'],2026-09-20 09:08:50.362431+00:00
2.155,49282955TOPICSen,https://ec.europa.eu/info/funding-tenders/opportunities/portal/screen/opportunities/topic-details/CREA-MEDIA-2026-DEVMINISLATE,text/plain,en,SEDIA,SEDIA,European mini-slate development,0.0,European mini-slate development,False,[],[],European mini-slate development. Available at: https://ec.europa.eu/info/funding-tenders/opportunities/portal/screen/opportunities/topic-details/CREA-MEDIA-2026-DEVMINISLATE,['CREA-MEDIA-2026-DEVMINISLATE'],['text/plain'],,['2026-04-22T00:00:00.000+0000'],['2026-09-22T00:00:00.000+0000'],,['en'],['European mini-slate development'],['1'],['https://ec.europa.eu/info/funding-tenders/opportunities/portal/screen/opportunities/topic-details/CREA-MEDIA-2026-DEVMINISLATE'],['https://ec.europa.eu/info/funding-tenders/opportunities/portal/screen/opportunities/topic-details/CREA-MEDIA-2026-DEVMINISLATE'],['49282995'],['SEDIA'],['49282955TOPICSen'],,['43251814'],['2026-04-22T00:00:00.000+0000'],['single-stage'],['31094502'],['CREA Lump Sum Grants'],2026-09-20 09:08:50.362431+00:00
2.155,51084008TOPICSen,https://ec.europa.eu/info/funding-tenders/opportunities/portal/screen/opportunities/topic-details/LIFE-2026-SAP-ENV-GOV,text/plain,en,SEDIA,SEDIA,Environment governance,0.0,Environment governance,False,[],[],Environment governance. Available at: https://ec.europa.eu/info/funding-tenders/opportunities/portal/screen/opportunities/topic-details/LIFE-2026-SAP-ENV-GOV,['LIFE-2026-SAP-ENV-GOV'],['text/plain'],,['2026-04-21T00:00:00.000+0000'],['2026-09-22T00:00:00.000+0000'],,['en'],['Environment governance'],['1'],['https://ec.europa.eu/info/funding-tenders/opportunities/portal/screen/opportunities/topic-details/LIFE-2026-SAP-ENV-GOV'],['https://ec.europa.eu/info/funding-tenders/opportunities/portal/screen/opportunities/topic-details/LIFE-2026-SAP-ENV-GOV'],['51084019'],['SEDIA'],['51084008TOPICSen'],,['43252405'],['2026-04-21T00:00:00.000+0000'],['single-stage'],['31094502'],['LIFE Project Grants'],2026-09-20 09:08:50.362431+00:00
2.155,51084000TOPICSen,https://ec.europa.eu/info/funding-tenders/opportunities/portal/screen/opportunities/topic-details/LIFE-2026-SAP-ENV-ENVIRONMENT,text/plain,en,SEDIA,SEDIA,Circular Economy and Zero Pollution,0.0,Circular Economy and Zero Pollution,False,[],[],Circular Economy and Zero Pollution. Available at: https://ec.europa.eu/info/funding-tenders/opportunities/portal/screen/opportunities/topic-details/LIFE-2026-SAP-ENV-ENVIRONMENT,['LIFE-2026-SAP-ENV-ENVIRONMENT'],['text/plain'],,['2026-04-21T00:00:00.000+0000'],['2026-09-22T00:00:00.000+0000'],,['en'],['Circular Economy and Zero Pollution'],['1'],['https://ec.europa.eu/info/funding-tenders/opportunities/portal/screen/opportunities/topic-details/LIFE-2026-SAP-ENV-ENVIRONMENT'],['https://ec.europa.eu/info/funding-tenders/opportunities/portal/screen/opportunities/topic-details/LIFE-2026-SAP-ENV-ENVIRONMENT'],['51084019'],['SEDIA'],['51084000TOPICSen'],,['43252405'],['2026-04-21T00:00:00.000+0000'],['single-stage'],['31094502'],['LIFE Project Grants'],2026-09-20 09:08:50.362431+00:00
2.155,51084975TOPICSen,https://ec.europa.eu/info/funding-tenders/opportunities/portal/screen/opportunities/topic-details/LIFE-2026-SAP-NAT-GOV,text/plain,en,SEDIA,SEDIA,Nature Governance and Information,0.0,Nature Governance and Information,False,[],[],Nature Governance and Information. Available at: https://ec.europa.eu/info/funding-tenders/opportunities/portal/screen/opportunities/topic-details/LIFE-2026-SAP-NAT-GOV,['LIFE-2026-SAP-NAT-GOV'],['text/plain'],,['2026-04-21T00:00:00.000+0000'],['2026-09-22T00:00:00.000+0000'],,['en'],['Nature Governance and Information'],['1'],['https://ec.europa.eu/info/funding-tenders/opportunities/portal/screen/opportunities/topic-details/LIFE-2026-SAP-NAT-GOV'],['https://ec.europa.eu/info/funding-tenders/opportunities/portal/screen/opportunities/topic-details/LIFE-2026-SAP-NAT-GOV'],['51084994'],['SEDIA'],['51084975TOPICSen'],,['43252405'],['2026-04-21T00:00:00.000+0000'],['single-stage'],['31094502'],['LIFE Project Grants'],2026-09-20 09:08:50.362431+00:00
2.155,51084983TOPICSen,https://ec.europa.eu/info/funding-tenders/opportunities/portal/screen/opportunities/topic-details/LIFE-2026-SAP-NAT-NATURE,text/plain,en,SEDIA,SEDIA,Nature and Biodiversity,0.0,Nature and Biodiversity,False,[],[],Nature and Biodiversity. Available at: https://ec.europa.eu/info/funding-tenders/opportunities/portal/screen/opportunities/topic-details/LIFE-2026-SAP-NAT-NATURE,['LIFE-2026-SAP-NAT-NATURE'],['text/plain'],,['2026-04-21T00:00:00.000+0000'],['2026-09-22T00:00:00.000+0000'],,['en'],['Nature and Biodiversity'],['1'],['https://ec.europa.eu/info/funding-tenders/opportunities/portal/screen/opportunities/topic-details/LIFE-2026-SAP-NAT-NATURE'],['https://ec.europa.eu/info/funding-tenders/opportunities/portal/screen/opportunities/topic-details/LIFE-2026-SAP-NAT-NATURE'],['51084994'],['SEDIA'],['51084983TOPICSen'],,['43252405'],['2026-04-21T00:00:00.000+0000'],['single-stage'],['31094502'],['LIFE Project Grants'],2026-09-20 09:08:50.362431+00:00
2.155,51144387TOPICSen,https://ec.europa.eu/info/funding-tenders/opportunities/portal/screen/opportunities/topic-details/DIGITAL-2026-SUPPORT-10-DISSEMINATION,text/plain,en,SEDIA,SEDIA,Support to Dissemination and Exploitation (D&amp;E) for the Digital Europe Programme,0.0,Support to Dissemination and Exploitation (D&amp;E) for the Digital Europe Programme,False,[],[],Support to Dissemination and Exploitation (D&E) for the Digital Europe Programme. Available at: https://ec.europa.eu/info/funding-tenders/opportunities/portal/screen/opportunities/topic-details/DIGITAL-2026-SUPPORT-10-DISSEMINATION,['DIGITAL-2026-SUPPORT-10-DISSEMINATION'],['text/plain'],,['2026-04-21T00:00:00.000+0000'],['2026-10-01T00:00:00.000+0000'],,['en'],['Support to Dissemination and Exploitation (D&E) for the Digital Europe Programme'],['1'],['https://ec.europa.eu/info/funding-tenders/opportunities/portal/screen/opportunities/topic-details/DIGITAL-2026-SUPPORT-10-DISSEMINATION'],['https://ec.europa.eu/info/funding-tenders/opportunities/portal/screen/opportunities/topic-details/DIGITAL-2026-SUPPORT-10-DISSEMINATION'],['51144405'],['SEDIA'],['51144387TOPICSen'],,['43152860'],['2026-04-21T00:00:00.000+0000'],['single-stage'],['31094502'],['DIGITAL Coordination and Support Actions'],2026-09-20 09:08:50.362431+00:00
2.155,51144508TOPICSen,https://ec.europa.eu/info/funding-tenders/opportunities/portal/screen/opportunities/topic-details/DIGITAL-2026-BESTUSE-10-NETWORKSICs,text/plain,en,SEDIA,SEDIA,Ensuring comprehensive geographical coverage of the Network of Safer Internet Centres (SICs),0.0,Ensuring comprehensive geographical coverage of the Network of Safer Internet Centres (SICs),False,[],[],Ensuring comprehensive geographical coverage of the Network of Safer Internet Centres (SICs). Available at: https://ec.europa.eu/info/funding-tenders/opportunities/portal/screen/opportunities/topic-details/DIGITAL-2026-BESTUSE-10-NETWORKSICs,['DIGITAL-2026-BESTUSE-10-NETWORKSICs'],['text/plain'],,['2026-04-21T00:00:00.000+0000'],['2026-10-01T00:00:00.000+0000'],,['en'],['Ensuring comprehensive geographical coverage of the Network of Safer Internet Centres (SICs)'],['1'],['https://ec.europa.eu/info/funding-tenders/opportunities/portal/screen/opportunities/topic-details/DIGITAL-2026-BESTUSE-10-NETWORKSICs'],['https://ec.europa.eu/info/funding-tenders/opportunities/portal/screen/opportunities/topic-details/DIGITAL-2026-BESTUSE-10-NETWORKSICs'],['51144600'],['SEDIA'],['51144508TOPICSen'],,['43152860'],['2026-04-21T00:00:00.000+0000'],['single-stage'],['31094502'],['DIGITAL Simple Grants'],2026-09-20 09:08:50.362431+00:00
2.155,51144435TOPICSen,https://ec.europa.eu/info/funding-tenders/opportunities/portal/screen/opportunities/topic-details/DIGITAL-2026-BESTUSE-10-EHDS,text/plain,en,SEDIA,SEDIA,Building capacity to deploy the EEHRxF and digital health services and systems to support the rights of citizens and reuse of health data under EHDS,0.0,Building capacity to deploy the EEHRxF and digital health services and systems to support the rights of citizens and reuse of health data under EHDS,False,[],[],Building capacity to deploy the EEHRxF and digital  health services and systems to support the rights of  citizens and reuse of health data under EHDS. Available at: https://ec.europa.eu/info/funding-tenders/opportunities/portal/screen/opportunities/topic-details/DIGITAL-2026-BESTUSE-10-EHDS,['DIGITAL-2026-BESTUSE-10-EHDS'],['text/plain'],,['2026-04-21T00:00:00.000+0000'],['2026-10-01T00:00:00.000+0000'],,['en'],['Building capacity to deploy the EEHRxF and digital  health services and systems to support the rights of  citizens and reuse of health data under EHDS'],['1'],['https://ec.europa.eu/info/funding-tenders/opportunities/portal/screen/opportunities/topic-details/DIGITAL-2026-BESTUSE-10-EHDS'],['https://ec.europa.eu/info/funding-tenders/opportunities/portal/screen/opportunities/topic-details/DIGITAL-2026-BESTUSE-10-EHDS'],['51144600'],['SEDIA'],['51144435TOPICSen'],,['43152860'],['2026-04-21T00:00:00.000+0000'],['single-stage'],['31094502'],['DIGITAL Grants for Financial Support'],2026-09-20 09:08:50.362431+00:00
2.155,51106210TOPICSen,https://ec.europa.eu/info/funding-tenders/opportunities/portal/screen/opportunities/topic-details/LIFE-2026-SAP-CLIMA-GOV,text/plain,en,SEDIA,SEDIA,Climate Governance and Information,0.0,Climate Governance and Information,False,[],[],Climate Governance and Information. Available at: https://ec.europa.eu/info/funding-tenders/opportunities/portal/screen/opportunities/topic-details/LIFE-2026-SAP-CLIMA-GOV,['LIFE-2026-SAP-CLIMA-GOV'],['text/plain'],,['2026-04-21T00:00:00.000+0000'],['2026-09-22T00:00:00.000+0000'],,['en'],['Climate Governance and Information'],['1'],['https://ec.europa.eu/info/funding-tenders/opportunities/portal/screen/opportunities/topic-details/LIFE-2026-SAP-CLIMA-GOV'],['https://ec.europa.eu/info/funding-tenders/opportunities/portal/screen/opportunities/topic-details/LIFE-2026-SAP-CLIMA-GOV'],['51106221'],['SEDIA'],['51106210TOPICSen'],,['43252405'],['2026-04-21T00:00:00.000+0000'],['single-stage'],['31094502'],['LIFE Project Grants'],2026-09-20 09:08:50.362431+00:00
2.155,51106202TOPICSen,https://ec.europa.eu/info/funding-tenders/opportunities/portal/screen/opportunities/topic-details/LIFE-2026-SAP-CLIMA-CCM,text/plain,en,SEDIA,SEDIA,Climate Change Mitigation,0.0,Climate Change Mitigation,False,[],[],Climate Change Mitigation. Available at: https://ec.europa.eu/info/funding-tenders/opportunities/portal/screen/opportunities/topic-details/LIFE-2026-SAP-CLIMA-CCM,['LIFE-2026-SAP-CLIMA-CCM'],['text/plain'],,['2026-04-21T00:00:00.000+0000'],['2026-09-22T00:00:00.000+0000'],,['en'],['Climate Change Mitigation'],['1'],['https://ec.europa.eu/info/funding-tenders/opportunities/portal/screen/opportunities/topic-details/LIFE-2026-SAP-CLIMA-CCM'],['https://ec.europa.eu/info/funding-tenders/opportunities/portal/screen/opportunities/topic-details/LIFE-2026-SAP-CLIMA-CCM'],['51106221'],['SEDIA'],['51106202TOPICSen'],,['43252405'],['2026-04-21T00:00:00.000+0000'],['single-stage'],['31094502'],['LIFE Project Grants'],2026-09-20 09:08:50.362431+00:00
2.155,51106194TOPICSen,https://ec.europa.eu/info/funding-tenders/opportunities/portal/screen/opportunities/topic-details/LIFE-2026-SAP-CLIMA-CCA,text/plain,en,SEDIA,SEDIA,Climate Change Adaptation,0.0,Climate Change Adaptation,False,[],[],Climate Change Adaptation. Available at: https://ec.europa.eu/info/funding-tenders/opportunities/portal/screen/opportunities/topic-details/LIFE-2026-SAP-CLIMA-CCA,['LIFE-2026-SAP-CLIMA-CCA'],['text/plain'],,['2026-04-21T00:00:00.000+0000'],['2026-09-22T00:00:00.000+0000'],,['en'],['Climate Change Adaptation'],['1'],['https://ec.europa.eu/info/funding-tenders/opportunities/portal/screen/opportunities/topic-details/LIFE-2026-SAP-CLIMA-CCA'],['https://ec.europa.eu/info/funding-tenders/opportunities/portal/screen/opportunities/topic-details/LIFE-2026-SAP-CLIMA-CCA'],['51106221'],['SEDIA'],['51106194TOPICSen'],,['43252405'],['2026-04-21T00:00:00.000+0000'],['single-stage'],['31094502'],['LIFE Project Grants'],2026-09-20 09:08:50.362431+00:00
2.155,51102013TOPICSen,https://ec.europa.eu/info/funding-tenders/opportunities/portal/screen/opportunities/topic-details/LIFE-2026-TA-PP-ENV-SIP,text/plain,en,SEDIA,SEDIA,Technical Assistance preparation of ENV SIPs,0.0,Technical Assistance preparation of ENV SIPs,False,[],[],Technical Assistance preparation of ENV SIPs. Available at: https://ec.europa.eu/info/funding-tenders/opportunities/portal/screen/opportunities/topic-details/LIFE-2026-TA-PP-ENV-SIP,['LIFE-2026-TA-PP-ENV-SIP'],['text/plain'],,['2026-04-21T00:00:00.000+0000'],['2026-09-22T00:00:00.000+0000'],,['en'],['Technical Assistance preparation of ENV SIPs'],['1'],['https://ec.europa.eu/info/funding-tenders/opportunities/portal/screen/opportunities/topic-details/LIFE-2026-TA-PP-ENV-SIP'],['https://ec.europa.eu/info/funding-tenders/opportunities/portal/screen/opportunities/topic-details/LIFE-2026-TA-PP-ENV-SIP'],['51102028'],['SEDIA'],['51102013TOPICSen'],,['43252405'],['2026-04-21T00:00:00.000+0000'],['single-stage'],['31094502'],['LIFE Project Grants'],2026-09-20 09:08:50.362431+00:00
2.155,51102019TOPICSen,https://ec.europa.eu/info/funding-tenders/opportunities/portal/screen/opportunities/topic-details/LIFE-2026-TA-PP-CLIMA-SIP,text/plain,en,SEDIA,SEDIA,technical Assistance preparation of CLIMA SIPs,0.0,technical Assistance preparation of CLIMA SIPs,False,[],[],technical Assistance preparation of CLIMA SIPs. Available at: https://ec.europa.eu/info/funding-tenders/opportunities/portal/screen/opportunities/topic-details/LIFE-2026-TA-PP-CLIMA-SIP,['LIFE-2026-TA-PP-CLIMA-SIP'],['text/plain'],,['2026-04-21T00:00:00.000+0000'],['2026-09-22T00:00:00.000+0000'],,['en'],['technical Assistance preparation of CLIMA SIPs'],['1'],['https://ec.europa.eu/info/funding-tenders/opportunities/portal/screen/opportunities/topic-details/LIFE-2026-TA-PP-CLIMA-SIP'],['https://ec.europa.eu/info/funding-tenders/opportunities/portal/screen/opportunities/topic-details/LIFE-2026-TA-PP-CLIMA-SIP'],['51102028'],['SEDIA'],['51102019TOPICSen'],,['43252405'],['2026-04-21T00:00:00.000+0000'],['single-stage'],['31094502'],['LIFE Project Grants'],2026-09-20 09:08:50.362431+00:00
2.155,51102007TOPICSen,https://ec.europa.eu/info/funding-tenders/opportunities/portal/screen/opportunities/topic-details/LIFE-2026-TA-PP-NAT-SNAP,text/plain,en,SEDIA,SEDIA,Technical Assistance preparation of SNaPs,0.0,Technical Assistance preparation of SNaPs,False,[],[],Technical Assistance preparation of SNaPs. Available at: https://ec.europa.eu/info/funding-tenders/opportunities/portal/screen/opportunities/topic-details/LIFE-2026-TA-PP-NAT-SNAP,['LIFE-2026-TA-PP-NAT-SNAP'],['text/plain'],,['2026-04-21T00:00:00.000+0000'],['2026-09-22T00:00:00.000+0000'],,['en'],['Technical Assistance preparation of SNaPs'],['1'],['https://ec.europa.eu/info/funding-tenders/opportunities/portal/screen/opportunities/topic-details/LIFE-2026-TA-PP-NAT-SNAP'],['https://ec.europa.eu/info/funding-tenders/opportunities/portal/screen/opportunities/topic-details/LIFE-2026-TA-PP-NAT-SNAP'],['51102028'],['SEDIA'],['51102007TOPICSen'],,['43252405'],['2026-04-21T00:00:00.000+0000'],['single-stage'],['31094502'],['LIFE Project Grants'],2026-09-20 09:08:50.362431+00:00
2.155,50871369TOPICSen,https://ec.europa.eu/info/funding-tenders/opportunities/portal/screen/opportunities/topic-details/DIGITAL-2026-AI-PILOTING-10-SCREENING,text/plain,en,SEDIA,SEDIA,Apply AI: Piloting AI-based image screening in medical centres,0.0,Apply AI: Piloting AI-based image screening in medical centres,False,[],[],Apply AI: Piloting AI-based image screening in medical centres. Available at: https://ec.europa.eu/info/funding-tenders/opportunities/portal/screen/opportunities/topic-details/DIGITAL-2026-AI-PILOTING-10-SCREENING,['DIGITAL-2026-AI-PILOTING-10-SCREENING'],['text/plain'],,['2026-04-21T00:00:00.000+0000'],['2026-10-01T00:00:00.000+0000'],,['en'],['Apply AI: Piloting AI-based image screening in medical centres'],['1'],['https://ec.europa.eu/info/funding-tenders/opportunities/portal/screen/opportunities/topic-details/DIGITAL-2026-AI-PILOTING-10-SCREENING'],['https://ec.europa.eu/info/funding-tenders/opportunities/portal/screen/opportunities/topic-details/DIGITAL-2026-AI-PILOTING-10-SCREENING'],['50871398'],['SEDIA'],['50871369TOPICSen'],,['43152860'],['2026-04-21T00:00:00.000+0000'],['single-stage'],['31094502'],['DIGITAL Simple Grants'],2026-09-20 09:08:50.362431+00:00
2.155,51155068TOPICSen,https://ec.europa.eu/info/funding-tenders/opportunities/portal/screen/opportunities/topic-details/DIGITAL-2026-SKILLS-10-EDTECH,text/plain,en,SEDIA,SEDIA,EdTech Accelerator,0.0,EdTech Accelerator,False,[],[],EdTech Accelerator. Available at: https://ec.europa.eu/info/funding-tenders/opportunities/portal/screen/opportunities/topic-details/DIGITAL-2026-SKILLS-10-EDTECH,['DIGITAL-2026-SKILLS-10-EDTECH'],['text/plain'],,['2026-04-21T00:00:00.000+0000'],['2026-10-01T00:00:00.000+0000'],,['en'],['EdTech Accelerator'],['1'],['https://ec.europa.eu/info/funding-tenders/opportunities/portal/screen/opportunities/topic-details/DIGITAL-2026-SKILLS-10-EDTECH'],['https://ec.europa.eu/info/funding-tenders/opportunities/portal/screen/opportunities/topic-details/DIGITAL-2026-SKILLS-10-EDTECH'],['51155131'],['SEDIA'],['51155068TOPICSen'],,['43152860'],['2026-04-21T00:00:00.000+0000'],['single-stage'],['31094502'],['DIGITAL Coordination and Support Actions'],2026-09-20 09:08:50.362431+00:00
2.155,51155103TOPICSen,https://ec.europa.eu/info/funding-tenders/opportunities/portal/screen/opportunities/topic-details/DIGITAL-2026-SKILLS-10-NATIONAL-COALITIONS,text/plain,en,SEDIA,SEDIA,Digital Skills and Jobs Platform: The National Coalitions for Digital Skills and Jobs,0.0,Digital Skills and Jobs Platform: The National Coalitions for Digital Skills and Jobs,False,[],[],Digital Skills and Jobs Platform: The National Coalitions for Digital Skills and Jobs. Available at: https://ec.europa.eu/info/funding-tenders/opportunities/portal/screen/opportunities/topic-details/DIGITAL-2026-SKILLS-10-NATIONAL-COALITIONS,['DIGITAL-2026-SKILLS-10-NATIONAL-COALITIONS'],['text/plain'],,['2026-04-21T00:00:00.000+0000'],['2026-10-01T00:00:00.000+0000'],,['en'],['Digital Skills and Jobs Platform: The National Coalitions for Digital Skills and Jobs'],['1'],['https://ec.europa.eu/info/funding-tenders/opportunities/portal/screen/opportunities/topic-details/DIGITAL-2026-SKILLS-10-NATIONAL-COALITIONS'],['https://ec.europa.eu/info/funding-tenders/opportunities/portal/screen/opportunities/topic-details/DIGITAL-2026-SKILLS-10-NATIONAL-COALITIONS'],['51155131'],['SEDIA'],['51155103TOPICSen'],,['43152860'],['2026-04-21T00:00:00.000+0000'],['single-stage'],['31094502'],['DIGITAL Coordination and Support Actions'],2026-09-20 09:08:50.362431+00:00
2.155,51155024TOPICSen,https://ec.europa.eu/info/funding-tenders/opportunities/portal/screen/opportunities/topic-details/DIGITAL-2026-SKILLS-10-DIGITAL-HEALTH-STEP,text/plain,en,SEDIA,SEDIA,Advanced Digital Skills for AI Uptake in Health,0.0,Advanced Digital Skills for AI Uptake in Health,False,[],[],Advanced Digital Skills for AI Uptake in Health. Available at: https://ec.europa.eu/info/funding-tenders/opportunities/portal/screen/opportunities/topic-details/DIGITAL-2026-SKILLS-10-DIGITAL-HEALTH-STEP,['DIGITAL-2026-SKILLS-10-DIGITAL-HEALTH-STEP'],['text/plain'],,['2026-04-21T00:00:00.000+0000'],['2026-10-01T00:00:00.000+0000'],,['en'],['Advanced Digital Skills for AI Uptake in Health'],['1'],['https://ec.europa.eu/info/funding-tenders/opportunities/portal/screen/opportunities/topic-details/DIGITAL-2026-SKILLS-10-DIGITAL-HEALTH-STEP'],['https://ec.europa.eu/info/funding-tenders/opportunities/portal/screen/opportunities/topic-details/DIGITAL-2026-SKILLS-10-DIGITAL-HEALTH-STEP'],['51155131'],['SEDIA'],['51155024TOPICSen'],,['43152860'],['2026-04-21T00:00:00.000+0000'],['single-stage'],['31094502'],['DIGITAL Lump Sum Grants'],2026-09-20 09:08:50.362431+00:00
2.155,51125121TOPICSen,https://ec.europa.eu/info/funding-tenders/opportunities/portal/screen/opportunities/topic-details/DIGITAL-2026-BESTUSE-RSF-10-AWARENESS,text/plain,en,SEDIA,SEDIA,Research Support Framework for Situational Awareness on information integrity,0.0,Research Support Framework for Situational Awareness on information integrity,False,[],[],Research Support Framework for Situational Awareness on information integrity. Available at: https://ec.europa.eu/info/funding-tenders/opportunities/portal/screen/opportunities/topic-details/DIGITAL-2026-BESTUSE-RSF-10-AWARENESS,['DIGITAL-2026-BESTUSE-RSF-10-AWARENESS'],['text/plain'],,['2026-04-21T00:00:00.000+0000'],['2026-10-01T00:00:00.000+0000'],,['en'],['Research Support Framework for Situational Awareness on information integrity'],['1'],['https://ec.europa.eu/info/funding-tenders/opportunities/portal/screen/opportunities/topic-details/DIGITAL-2026-BESTUSE-RSF-10-AWARENESS'],['https://ec.europa.eu/info/funding-tenders/opportunities/portal/screen/opportunities/topic-details/DIGITAL-2026-BESTUSE-RSF-10-AWARENESS'],['51125143'],['SEDIA'],['51125121TOPICSen'],,['43152860'],['2026-04-21T00:00:00.000+0000'],['single-stage'],['31094502'],['DIGITAL Grants for Financial Support'],2026-09-20 09:08:50.362431+00:00
2.155,51125018TOPICSen,https://ec.europa.eu/info/funding-tenders/opportunities/portal/screen/opportunities/topic-details/DIGITAL-2026-BESTUSE-MCP-10-HUB,text/plain,en,SEDIA,SEDIA,Support to the implementation of Multi-Country Projects: EDIC Support Hub,0.0,Support to the implementation of Multi-Country Projects: EDIC Support Hub,False,[],[],Support to the implementation of Multi-Country Projects: EDIC Support Hub. Available at: https://ec.europa.eu/info/funding-tenders/opportunities/portal/screen/opportunities/topic-details/DIGITAL-2026-BESTUSE-MCP-10-HUB,['DIGITAL-2026-BESTUSE-MCP-10-HUB'],['text/plain'],,['2026-04-21T00:00:00.000+0000'],['2026-10-01T00:00:00.000+0000'],,['en'],['Support to the implementation of Multi-Country Projects: EDIC Support Hub'],['1'],['https://ec.europa.eu/info/funding-tenders/opportunities/portal/screen/opportunities/topic-details/DIGITAL-2026-BESTUSE-MCP-10-HUB'],['https://ec.europa.eu/info/funding-tenders/opportunities/portal/screen/opportunities/topic-details/DIGITAL-2026-BESTUSE-MCP-10-HUB'],['51125049'],['SEDIA'],['51125018TOPICSen'],,['43152860'],['2026-04-21T00:00:00.000+0000'],['single-stage'],['31094502'],['DIGITAL Coordination and Support Actions'],2026-09-20 09:08:50.362431+00:00
2.155,51122020TOPICSen,https://ec.europa.eu/info/funding-tenders/opportunities/portal/screen/opportunities/topic-details/LIFE-2026-PLP-ENER-GOV,text/plain,en,SEDIA,SEDIA,Multilevel climate and energy dialogue to deliver the Governance Regulation and the post–2030 energy and climate policy framework,0.0,Multilevel climate and energy dialogue to deliver the Governance Regulation and the post–2030 energy and climate policy framework,False,[],[],Multilevel climate and energy dialogue to deliver the Governance Regulation and the post–2030 energy and climate policy framework. Available at: https://ec.europa.eu/info/funding-tenders/opportunities/portal/screen/opportunities/topic-details/LIFE-2026-PLP-ENER-GOV,['LIFE-2026-PLP-ENER-GOV'],['text/plain'],,['2026-04-21T00:00:00.000+0000'],['2026-09-22T00:00:00.000+0000'],,['en'],['Multilevel climate and energy dialogue to deliver the Governance Regulation and the post–2030 energy and climate policy framework'],['1'],['https://ec.europa.eu/info/funding-tenders/opportunities/portal/screen/opportunities/topic-details/LIFE-2026-PLP-ENER-GOV'],['https://ec.europa.eu/info/funding-tenders/opportunities/portal/screen/opportunities/topic-details/LIFE-2026-PLP-ENER-GOV'],['51122033'],['SEDIA'],['51122020TOPICSen'],,['43252405'],['2026-04-21T00:00:00.000+0000'],['single-stage'],['31094502'],['LIFE Project Grants'],2026-09-20 09:08:50.362431+00:00
2.155,51122011TOPICSen,https://ec.europa.eu/info/funding-tenders/opportunities/portal/screen/opportunities/topic-details/LIFE-2026-PLP-NAT-ENV,text/plain,en,SEDIA,SEDIA,Projects on Legislative and Policy Priorities in the fields of Nature &amp; Biodiversity and Circular Economy &amp; Quality of Life,0.0,Projects on Legislative and Policy Priorities in the fields of Nature &amp; Biodiversity and Circular Economy &amp; Quality of Life,False,[],[],Projects on Legislative and Policy Priorities in the fields of Nature & Biodiversity and Circular Economy & Quality of Life. Available at: https://ec.europa.eu/info/funding-tenders/opportunities/portal/screen/opportunities/topic-details/LIFE-2026-PLP-NAT-ENV,['LIFE-2026-PLP-NAT-ENV'],['text/plain'],,['2026-04-21T00:00:00.000+0000'],['2026-09-22T00:00:00.000+0000'],,['en'],['Projects on Legislative and Policy Priorities in the fields of Nature & Biodiversity and Circular Economy & Quality of Life'],['1'],['https://ec.europa.eu/info/funding-tenders/opportunities/portal/screen/opportunities/topic-details/LIFE-2026-PLP-NAT-ENV'],['https://ec.europa.eu/info/funding-tenders/opportunities/portal/screen/opportunities/topic-details/LIFE-2026-PLP-NAT-ENV'],['51122033'],['SEDIA'],['51122011TOPICSen'],,['43252405'],['2026-04-21T00:00:00.000+0000'],['single-stage'],['31094502'],['LIFE Project Grants'],2026-09-20 09:08:50.362431+00:00
2.155,51122025TOPICSen,https://ec.europa.eu/info/funding-tenders/opportunities/portal/screen/opportunities/topic-details/LIFE-2026-PLP-ENER-COMPLIANCE,text/plain,en,SEDIA,SEDIA,Ecodesign and energy labelling compliance support facility for suppliers and retailers,0.0,Ecodesign and energy labelling compliance support facility for suppliers and retailers,False,[],[],Ecodesign and energy labelling compliance support facility for suppliers and retailers. Available at: https://ec.europa.eu/info/funding-tenders/opportunities/portal/screen/opportunities/topic-details/LIFE-2026-PLP-ENER-COMPLIANCE,['LIFE-2026-PLP-ENER-COMPLIANCE'],['text/plain'],,['2026-04-21T00:00:00.000+0000'],['2026-09-22T00:00:00.000+0000'],,['en'],['Ecodesign and energy labelling compliance support facility for suppliers and retailers'],['1'],['https://ec.europa.eu/info/funding-tenders/opportunities/portal/screen/opportunities/topic-details/LIFE-2026-PLP-ENER-COMPLIANCE'],['https://ec.europa.eu/info/funding-tenders/opportunities/portal/screen/opportunities/topic-details/LIFE-2026-PLP-ENER-COMPLIANCE'],['51122033'],['SEDIA'],['51122025TOPICSen'],,['43252405'],['2026-04-21T00:00:00.000+0000'],['single-stage'],['31094502'],['LIFE Project Grants'],2026-09-20 09:08:50.362431+00:00
2.155,51121692TOPICSen,https://ec.europa.eu/info/funding-tenders/opportunities/portal/screen/opportunities/topic-details/DIGITAL-2026-AI-DATA-10-COMPLIANCE,text/plain,en,SEDIA,SEDIA,Digital solutions for regulatory compliance through data,0.0,Digital solutions for regulatory compliance through data,False,[],[],Digital solutions for regulatory compliance  through data. Available at: https://ec.europa.eu/info/funding-tenders/opportunities/portal/screen/opportunities/topic-details/DIGITAL-2026-AI-DATA-10-COMPLIANCE,['DIGITAL-2026-AI-DATA-10-COMPLIANCE'],['text/plain'],,['2026-04-21T00:00:00.000+0000'],['2026-10-01T00:00:00.000+0000'],,['en'],['Digital solutions for regulatory compliance  through data'],['1'],['https://ec.europa.eu/info/funding-tenders/opportunities/portal/screen/opportunities/topic-details/DIGITAL-2026-AI-DATA-10-COMPLIANCE'],['https://ec.europa.eu/info/funding-tenders/opportunities/portal/screen/opportunities/topic-details/DIGITAL-2026-AI-DATA-10-COMPLIANCE'],['51121715'],['SEDIA'],['51121692TOPICSen'],,['43152860'],['2026-04-21T00:00:00.000+0000'],['single-stage'],['31094502'],['DIGITAL Lump Sum Grants'],2026-09-20 09:08:50.362431+00:00
2.155,50146009TOPICSen,https://ec.europa.eu/info/funding-tenders/opportunities/portal/screen/opportunities/topic-details/HORIZON-CL6-2026-01-CIRCBIO-04,text/plain,en,SEDIA,SEDIA,"Demonstrating and deploying innovative collection, sorting-for-reuse and repair systems for textiles at city/region level (Circular Cities and Regions Initiative topic)",0.0,"Demonstrating and deploying innovative collection, sorting-for-reuse and repair systems for textiles at city/region level (Circular Cities and Regions Initiative topic)",False,[],[],"Demonstrating and deploying innovative collection, sorting-for-reuse and repair systems for textiles at city/region level (Circular Cities and Regions Initiative topic). Available at: https://ec.europa.eu/info/funding-tenders/opportunities/portal/screen/opportunities/topic-details/HORIZON-CL6-2026-01-CIRCBIO-04",['HORIZON-CL6-2026-01-CIRCBIO-04'],['text/plain'],,['2026-04-17T00:00:00.000+0000'],['2026-09-23T00:00:00.000+0000'],,['en'],"['Demonstrating and deploying innovative collection, sorting-for-reuse and repair systems for textiles at city/region level (Circular Cities and Regions Initiative topic)']",['1'],['https://ec.europa.eu/info/funding-tenders/opportunities/portal/screen/opportunities/topic-details/HORIZON-CL6-2026-01-CIRCBIO-04'],['https://ec.europa.eu/info/funding-tenders/opportunities/portal/screen/opportunities/topic-details/HORIZON-CL6-2026-01-CIRCBIO-04'],['50148795'],['SEDIA'],['50146009TOPICSen'],,['43108390'],['2026-04-17T00:00:00.000+0000'],['single-stage'],['31094502'],['HORIZON Innovation Actions'],2026-09-20 09:08:50.362431+00:00
2.155,50146757TOPICSen,https://ec.europa.eu/info/funding-tenders/opportunities/portal/screen/opportunities/topic-details/HORIZON-CL6-2026-01-BIODIV-06,text/plain,en,SEDIA,SEDIA,Boosting agrobiodiversity for food security and sustainable competitiveness,0.0,Boosting agrobiodiversity for food security and sustainable competitiveness,False,[],[],Boosting agrobiodiversity for food security and sustainable competitiveness. Available at: https://ec.europa.eu/info/funding-tenders/opportunities/portal/screen/opportunities/topic-details/HORIZON-CL6-2026-01-BIODIV-06,['HORIZON-CL6-2026-01-BIODIV-06'],['text/plain'],,['2026-04-17T00:00:00.000+0000'],['2026-09-23T00:00:00.000+0000'],,['en'],['Boosting agrobiodiversity for food security and sustainable competitiveness'],['1'],['https://ec.europa.eu/info/funding-tenders/opportunities/portal/screen/opportunities/topic-details/HORIZON-CL6-2026-01-BIODIV-06'],['https://ec.europa.eu/info/funding-tenders/opportunities/portal/screen/opportunities/topic-details/HORIZON-CL6-2026-01-BIODIV-06'],['50148795'],['SEDIA'],['50146757TOPICSen'],,['43108390'],['2026-04-17T00:00:00.000+0000'],['single-stage'],['31094502'],['HORIZON  Research and Innovation Actions'],2026-09-20 09:08:50.362431+00:00
2.155,50146722TOPICSen,https://ec.europa.eu/info/funding-tenders/opportunities/portal/screen/opportunities/topic-details/HORIZON-CL6-2026-01-BIODIV-05,text/plain,en,SEDIA,SEDIA,Advancing integrated scenarios and prediction models for informing transition to a nature positive society,0.0,Advancing integrated scenarios and prediction models for informing transition to a nature positive society,False,[],[],Advancing integrated scenarios and prediction models for informing transition to a nature positive society. Available at: https://ec.europa.eu/info/funding-tenders/opportunities/portal/screen/opportunities/topic-details/HORIZON-CL6-2026-01-BIODIV-05,['HORIZON-CL6-2026-01-BIODIV-05'],['text/plain'],,['2026-04-17T00:00:00.000+0000'],['2026-09-23T00:00:00.000+0000'],,['en'],['Advancing integrated scenarios and prediction models for informing transition to a nature positive society'],['1'],['https://ec.europa.eu/info/funding-tenders/opportunities/portal/screen/opportunities/topic-details/HORIZON-CL6-2026-01-BIODIV-05'],['https://ec.europa.eu/info/funding-tenders/opportunities/portal/screen/opportunities/topic-details/HORIZON-CL6-2026-01-BIODIV-05'],['50148795'],['SEDIA'],['50146722TOPICSen'],,['43108390'],['2026-04-17T00:00:00.000+0000'],['single-stage'],['31094502'],['HORIZON  Research and Innovation Actions'],2026-09-20 09:08:50.362431+00:00
2.155,50146403TOPICSen,https://ec.europa.eu/info/funding-tenders/opportunities/portal/screen/opportunities/topic-details/HORIZON-CL6-2026-01-BIODIV-01,text/plain,en,SEDIA,SEDIA,Understanding and tackling the decline of insects,0.0,Understanding and tackling the decline of insects,False,[],[],Understanding and tackling the decline of insects. Available at: https://ec.europa.eu/info/funding-tenders/opportunities/portal/screen/opportunities/topic-details/HORIZON-CL6-2026-01-BIODIV-01,['HORIZON-CL6-2026-01-BIODIV-01'],['text/plain'],,['2026-04-17T00:00:00.000+0000'],['2026-09-23T00:00:00.000+0000'],,['en'],['Understanding and tackling the decline of insects'],['1'],['https://ec.europa.eu/info/funding-tenders/opportunities/portal/screen/opportunities/topic-details/HORIZON-CL6-2026-01-BIODIV-01'],['https://ec.europa.eu/info/funding-tenders/opportunities/portal/screen/opportunities/topic-details/HORIZON-CL6-2026-01-BIODIV-01'],['50148795'],['SEDIA'],['50146403TOPICSen'],,['43108390'],['2026-04-17T00:00:00.000+0000'],['single-stage'],['31094502'],['HORIZON  Research and Innovation Actions'],2026-09-20 09:08:50.362431+00:00
2.155,50145538TOPICSen,https://ec.europa.eu/info/funding-tenders/opportunities/portal/screen/opportunities/topic-details/HORIZON-CL6-2026-01-ZEROPOLLUTION-03,text/plain,en,SEDIA,SEDIA,Developing managed aquifer recharge techniques (MAR) in a rural context,0.0,Developing managed aquifer recharge techniques (MAR) in a rural context,False,[],[],Developing managed aquifer recharge techniques (MAR) in a rural context. Available at: https://ec.europa.eu/info/funding-tenders/opportunities/portal/screen/opportunities/topic-details/HORIZON-CL6-2026-01-ZEROPOLLUTION-03,['HORIZON-CL6-2026-01-ZEROPOLLUTION-03'],['text/plain'],,['2026-04-17T00:00:00.000+0000'],['2026-09-23T00:00:00.000+0000'],,['en'],['Developing managed aquifer recharge techniques (MAR) in a rural context'],['1'],['https://ec.europa.eu/info/funding-tenders/opportunities/portal/screen/opportunities/topic-details/HORIZON-CL6-2026-01-ZEROPOLLUTION-03'],['https://ec.europa.eu/info/funding-tenders/opportunities/portal/screen/opportunities/topic-details/HORIZON-CL6-2026-01-ZEROPOLLUTION-03'],['50148795'],['SEDIA'],['50145538TOPICSen'],,['43108390'],['2026-04-17T00:00:00.000+0000'],['single-stage'],['31094502'],['HORIZON  Research and Innovation Actions'],2026-09-20 09:08:50.362431+00:00
2.155,50145348TOPICSen,https://ec.europa.eu/info/funding-tenders/opportunities/portal/screen/opportunities/topic-details/HORIZON-CL6-2026-01-CIRCBIO-11,text/plain,en,SEDIA,SEDIA,Harnessing the unique properties of marine organisms to deliver sustainable blue bio-based products,0.0,Harnessing the unique properties of marine organisms to deliver sustainable blue bio-based products,False,[],[],Harnessing the unique properties of marine organisms to deliver sustainable blue bio-based products. Available at: https://ec.europa.eu/info/funding-tenders/opportunities/portal/screen/opportunities/topic-details/HORIZON-CL6-2026-01-CIRCBIO-11,['HORIZON-CL6-2026-01-CIRCBIO-11'],['text/plain'],,['2026-04-17T00:00:00.000+0000'],['2026-09-23T00:00:00.000+0000'],,['en'],['Harnessing the unique properties of marine organisms to deliver sustainable blue bio-based products'],['1'],['https://ec.europa.eu/info/funding-tenders/opportunities/portal/screen/opportunities/topic-details/HORIZON-CL6-2026-01-CIRCBIO-11'],['https://ec.europa.eu/info/funding-tenders/opportunities/portal/screen/opportunities/topic-details/HORIZON-CL6-2026-01-CIRCBIO-11'],['50148795'],['SEDIA'],['50145348TOPICSen'],,['43108390'],['2026-04-17T00:00:00.000+0000'],['single-stage'],['31094502'],['HORIZON  Research and Innovation Actions'],2026-09-20 09:08:50.362431+00:00
2.155,50145588TOPICSen,https://ec.europa.eu/info/funding-tenders/opportunities/portal/screen/opportunities/topic-details/HORIZON-CL6-2026-01-CIRCBIO-10,text/plain,en,SEDIA,SEDIA,Bio-based innovation in society: supporting the sustainable way of living,0.0,Bio-based innovation in society: supporting the sustainable way of living,False,[],[],Bio-based innovation in society: supporting the sustainable way of living. Available at: https://ec.europa.eu/info/funding-tenders/opportunities/portal/screen/opportunities/topic-details/HORIZON-CL6-2026-01-CIRCBIO-10,['HORIZON-CL6-2026-01-CIRCBIO-10'],['text/plain'],,['2026-04-17T00:00:00.000+0000'],['2026-09-23T00:00:00.000+0000'],,['en'],['Bio-based innovation in society: supporting the sustainable way of living'],['1'],['https://ec.europa.eu/info/funding-tenders/opportunities/portal/screen/opportunities/topic-details/HORIZON-CL6-2026-01-CIRCBIO-10'],['https://ec.europa.eu/info/funding-tenders/opportunities/portal/screen/opportunities/topic-details/HORIZON-CL6-2026-01-CIRCBIO-10'],['50148795'],['SEDIA'],['50145588TOPICSen'],,['43108390'],['2026-04-17T00:00:00.000+0000'],['single-stage'],['31094502'],['HORIZON  Research and Innovation Actions'],2026-09-20 09:08:50.362431+00:00
2.155,50145763TOPICSen,https://ec.europa.eu/info/funding-tenders/opportunities/portal/screen/opportunities/topic-details/HORIZON-CL6-2026-01-CIRCBIO-02,text/plain,en,SEDIA,SEDIA,Advancing recycling technologies for mixed post-consumer textiles waste from blended products,0.0,Advancing recycling technologies for mixed post-consumer textiles waste from blended products,False,[],[],Advancing recycling technologies for mixed post-consumer textiles waste from blended products. Available at: https://ec.europa.eu/info/funding-tenders/opportunities/portal/screen/opportunities/topic-details/HORIZON-CL6-2026-01-CIRCBIO-02,['HORIZON-CL6-2026-01-CIRCBIO-02'],['text/plain'],,['2026-04-17T00:00:00.000+0000'],['2026-09-23T00:00:00.000+0000'],,['en'],['Advancing recycling technologies for mixed post-consumer textiles waste from blended products'],['1'],['https://ec.europa.eu/info/funding-tenders/opportunities/portal/screen/opportunities/topic-details/HORIZON-CL6-2026-01-CIRCBIO-02'],['https://ec.europa.eu/info/funding-tenders/opportunities/portal/screen/opportunities/topic-details/HORIZON-CL6-2026-01-CIRCBIO-02'],['50148795'],['SEDIA'],['50145763TOPICSen'],,['43108390'],['2026-04-17T00:00:00.000+0000'],['single-stage'],['31094502'],['HORIZON Innovation Actions'],2026-09-20 09:08:50.362431+00:00
2.155,50145632TOPICSen,https://ec.europa.eu/info/funding-tenders/opportunities/portal/screen/opportunities/topic-details/HORIZON-CL6-2026-01-BIODIV-04,text/plain,en,SEDIA,SEDIA,Ensuring continuous effectiveness of protected areas in conserving habitats and species while facing intensifying drivers of biodiversity loss,0.0,Ensuring continuous effectiveness of protected areas in conserving habitats and species while facing intensifying drivers of biodiversity loss,False,[],[],Ensuring continuous effectiveness of protected areas in conserving habitats and species while facing intensifying drivers of biodiversity loss. Available at: https://ec.europa.eu/info/funding-tenders/opportunities/portal/screen/opportunities/topic-details/HORIZON-CL6-2026-01-BIODIV-04,['HORIZON-CL6-2026-01-BIODIV-04'],['text/plain'],,['2026-04-17T00:00:00.000+0000'],['2026-09-23T00:00:00.000+0000'],,['en'],['Ensuring continuous effectiveness of protected areas in conserving habitats and species while facing intensifying drivers of biodiversity loss'],['1'],['https://ec.europa.eu/info/funding-tenders/opportunities/portal/screen/opportunities/topic-details/HORIZON-CL6-2026-01-BIODIV-04'],['https://ec.europa.eu/info/funding-tenders/opportunities/portal/screen/opportunities/topic-details/HORIZON-CL6-2026-01-BIODIV-04'],['50148795'],['SEDIA'],['50145632TOPICSen'],,['43108390'],['2026-04-17T00:00:00.000+0000'],['single-stage'],['31094502'],['HORIZON  Research and Innovation Actions'],2026-09-20 09:08:50.362431+00:00
2.155,50146316TOPICSen,https://ec.europa.eu/info/funding-tenders/opportunities/portal/screen/opportunities/topic-details/HORIZON-CL6-2026-01-BIODIV-02,text/plain,en,SEDIA,SEDIA,"Developing methods to assess the presence, functions and sensitivity of groundwater ecosystems",0.0,"Developing methods to assess the presence, functions and sensitivity of groundwater ecosystems",False,[],[],"Developing methods to assess the presence, functions and sensitivity of groundwater ecosystems. Available at: https://ec.europa.eu/info/funding-tenders/opportunities/portal/screen/opportunities/topic-details/HORIZON-CL6-2026-01-BIODIV-02",['HORIZON-CL6-2026-01-BIODIV-02'],['text/plain'],,['2026-04-17T00:00:00.000+0000'],['2026-09-23T00:00:00.000+0000'],,['en'],"['Developing methods to assess the presence, functions and sensitivity of groundwater ecosystems']",['1'],['https://ec.europa.eu/info/funding-tenders/opportunities/portal/screen/opportunities/topic-details/HORIZON-CL6-2026-01-BIODIV-02'],['https://ec.europa.eu/info/funding-tenders/opportunities/portal/screen/opportunities/topic-details/HORIZON-CL6-2026-01-BIODIV-02'],['50148795'],['SEDIA'],['50146316TOPICSen'],,['43108390'],['2026-04-17T00:00:00.000+0000'],['single-stage'],['31094502'],['HORIZON  Research and Innovation Actions'],2026-09-20 09:08:50.362431+00:00
2.155,50146941TOPICSen,https://ec.europa.eu/info/funding-tenders/opportunities/portal/screen/opportunities/topic-details/HORIZON-CL6-2026-01-ZEROPOLLUTION-02,text/plain,en,SEDIA,SEDIA,Bioremediation of Ukraine’s ecosystems contaminated by conflicts,0.0,Bioremediation of Ukraine’s ecosystems contaminated by conflicts,False,[],[],Bioremediation of Ukraine’s ecosystems contaminated by conflicts. Available at: https://ec.europa.eu/info/funding-tenders/opportunities/portal/screen/opportunities/topic-details/HORIZON-CL6-2026-01-ZEROPOLLUTION-02,['HORIZON-CL6-2026-01-ZEROPOLLUTION-02'],['text/plain'],,['2026-04-17T00:00:00.000+0000'],['2026-09-23T00:00:00.000+0000'],,['en'],['Bioremediation of Ukraine’s ecosystems contaminated by conflicts'],['1'],['https://ec.europa.eu/info/funding-tenders/opportunities/portal/screen/opportunities/topic-details/HORIZON-CL6-2026-01-ZEROPOLLUTION-02'],['https://ec.europa.eu/info/funding-tenders/opportunities/portal/screen/opportunities/topic-details/HORIZON-CL6-2026-01-ZEROPOLLUTION-02'],['50148795'],['SEDIA'],['50146941TOPICSen'],,['43108390'],['2026-04-17T00:00:00.000+0000'],['single-stage'],['31094502'],['HORIZON Innovation Actions'],2026-09-20 09:08:50.362431+00:00
2.155,50145805TOPICSen,https://ec.europa.eu/info/funding-tenders/opportunities/portal/screen/opportunities/topic-details/HORIZON-CL6-2026-01-CIRCBIO-03,text/plain,en,SEDIA,SEDIA,Advanced recovery of critical raw materials from Waste from Electrical and Electronic Equipment (WEEE),0.0,Advanced recovery of critical raw materials from Waste from Electrical and Electronic Equipment (WEEE),False,[],[],Advanced recovery of critical raw materials from Waste from Electrical and Electronic Equipment (WEEE). Available at: https://ec.europa.eu/info/funding-tenders/opportunities/portal/screen/opportunities/topic-details/HORIZON-CL6-2026-01-CIRCBIO-03,['HORIZON-CL6-2026-01-CIRCBIO-03'],['text/plain'],,['2026-04-17T00:00:00.000+0000'],['2026-09-23T00:00:00.000+0000'],,['en'],['Advanced recovery of critical raw materials from Waste from Electrical and Electronic Equipment (WEEE)'],['1'],['https://ec.europa.eu/info/funding-tenders/opportunities/portal/screen/opportunities/topic-details/HORIZON-CL6-2026-01-CIRCBIO-03'],['https://ec.europa.eu/info/funding-tenders/opportunities/portal/screen/opportunities/topic-details/HORIZON-CL6-2026-01-CIRCBIO-03'],['50148795'],['SEDIA'],['50145805TOPICSen'],,['43108390'],['2026-04-17T00:00:00.000+0000'],['single-stage'],['31094502'],['HORIZON  Research and Innovation Actions'],2026-09-20 09:08:50.362431+00:00
2.155,50145488TOPICSen,https://ec.europa.eu/info/funding-tenders/opportunities/portal/screen/opportunities/topic-details/HORIZON-CL6-2026-01-ZEROPOLLUTION-01,text/plain,en,SEDIA,SEDIA,Toward a comprehensive assessment of the disturbance of marine ecosystems by anthropogenic underwater noise,0.0,Toward a comprehensive assessment of the disturbance of marine ecosystems by anthropogenic underwater noise,False,[],[],Toward a comprehensive assessment of the disturbance of marine ecosystems by anthropogenic underwater noise. Available at: https://ec.europa.eu/info/funding-tenders/opportunities/portal/screen/opportunities/topic-details/HORIZON-CL6-2026-01-ZEROPOLLUTION-01,['HORIZON-CL6-2026-01-ZEROPOLLUTION-01'],['text/plain'],,['2026-04-17T00:00:00.000+0000'],['2026-09-23T00:00:00.000+0000'],,['en'],['Toward a comprehensive assessment of the disturbance of marine ecosystems by anthropogenic underwater noise'],['1'],['https://ec.europa.eu/info/funding-tenders/opportunities/portal/screen/opportunities/topic-details/HORIZON-CL6-2026-01-ZEROPOLLUTION-01'],['https://ec.europa.eu/info/funding-tenders/opportunities/portal/screen/opportunities/topic-details/HORIZON-CL6-2026-01-ZEROPOLLUTION-01'],['50148795'],['SEDIA'],['50145488TOPICSen'],,['43108390'],['2026-04-17T00:00:00.000+0000'],['single-stage'],['31094502'],['HORIZON  Research and Innovation Actions'],2026-09-20 09:08:50.362431+00:00
2.155,50145919TOPICSen,https://ec.europa.eu/info/funding-tenders/opportunities/portal/screen/opportunities/topic-details/HORIZON-CL6-2026-01-CIRCBIO-08,text/plain,en,SEDIA,SEDIA,Supporting pre-normative research for standardization of the bio-based products,0.0,Supporting pre-normative research for standardization of the bio-based products,False,[],[],Supporting pre-normative research for standardization of the bio-based products. Available at: https://ec.europa.eu/info/funding-tenders/opportunities/portal/screen/opportunities/topic-details/HORIZON-CL6-2026-01-CIRCBIO-08,['HORIZON-CL6-2026-01-CIRCBIO-08'],['text/plain'],,['2026-04-17T00:00:00.000+0000'],['2026-09-23T00:00:00.000+0000'],,['en'],['Supporting pre-normative research for standardization of the bio-based products'],['1'],['https://ec.europa.eu/info/funding-tenders/opportunities/portal/screen/opportunities/topic-details/HORIZON-CL6-2026-01-CIRCBIO-08'],['https://ec.europa.eu/info/funding-tenders/opportunities/portal/screen/opportunities/topic-details/HORIZON-CL6-2026-01-CIRCBIO-08'],['50148795'],['SEDIA'],['50145919TOPICSen'],,['43108390'],['2026-04-17T00:00:00.000+0000'],['single-stage'],['31094502'],['HORIZON  Research and Innovation Actions'],2026-09-20 09:08:50.362431+00:00
2.155,50145719TOPICSen,https://ec.europa.eu/info/funding-tenders/opportunities/portal/screen/opportunities/topic-details/HORIZON-CL6-2026-01-CIRCBIO-01,text/plain,en,SEDIA,SEDIA,Improving circularity of multilayer flexible plastic food contact packaging,0.0,Improving circularity of multilayer flexible plastic food contact packaging,False,[],[],Improving circularity of multilayer flexible plastic food contact packaging. Available at: https://ec.europa.eu/info/funding-tenders/opportunities/portal/screen/opportunities/topic-details/HORIZON-CL6-2026-01-CIRCBIO-01,['HORIZON-CL6-2026-01-CIRCBIO-01'],['text/plain'],,['2026-04-17T00:00:00.000+0000'],['2026-09-23T00:00:00.000+0000'],,['en'],['Improving circularity of multilayer flexible plastic food contact packaging'],['1'],['https://ec.europa.eu/info/funding-tenders/opportunities/portal/screen/opportunities/topic-details/HORIZON-CL6-2026-01-CIRCBIO-01'],['https://ec.europa.eu/info/funding-tenders/opportunities/portal/screen/opportunities/topic-details/HORIZON-CL6-2026-01-CIRCBIO-01'],['50148795'],['SEDIA'],['50145719TOPICSen'],,['43108390'],['2026-04-17T00:00:00.000+0000'],['single-stage'],['31094502'],['HORIZON Innovation Actions'],2026-09-20 09:08:50.362431+00:00
2.155,50145857TOPICSen,https://ec.europa.eu/info/funding-tenders/opportunities/portal/screen/opportunities/topic-details/HORIZON-CL6-2026-01-CIRCBIO-05,text/plain,en,SEDIA,SEDIA,Understanding biomass flows in Europe,0.0,Understanding biomass flows in Europe,False,[],[],Understanding biomass flows in Europe. Available at: https://ec.europa.eu/info/funding-tenders/opportunities/portal/screen/opportunities/topic-details/HORIZON-CL6-2026-01-CIRCBIO-05,['HORIZON-CL6-2026-01-CIRCBIO-05'],['text/plain'],,['2026-04-17T00:00:00.000+0000'],['2026-09-23T00:00:00.000+0000'],,['en'],['Understanding biomass flows in Europe'],['1'],['https://ec.europa.eu/info/funding-tenders/opportunities/portal/screen/opportunities/topic-details/HORIZON-CL6-2026-01-CIRCBIO-05'],['https://ec.europa.eu/info/funding-tenders/opportunities/portal/screen/opportunities/topic-details/HORIZON-CL6-2026-01-CIRCBIO-05'],['50148795'],['SEDIA'],['50145857TOPICSen'],,['43108390'],['2026-04-17T00:00:00.000+0000'],['single-stage'],['31094502'],['HORIZON  Research and Innovation Actions'],2026-09-20 09:08:50.362431+00:00
2.155,50146228TOPICSen,https://ec.europa.eu/info/funding-tenders/opportunities/portal/screen/opportunities/topic-details/HORIZON-CL6-2026-01-CIRCBIO-07,text/plain,en,SEDIA,SEDIA,Advancing the European bio-based innovation enabled by biotechnology and biomanufacturing concepts,0.0,Advancing the European bio-based innovation enabled by biotechnology and biomanufacturing concepts,False,[],[],Advancing the European bio-based innovation enabled by biotechnology and biomanufacturing concepts. Available at: https://ec.europa.eu/info/funding-tenders/opportunities/portal/screen/opportunities/topic-details/HORIZON-CL6-2026-01-CIRCBIO-07,['HORIZON-CL6-2026-01-CIRCBIO-07'],['text/plain'],,['2026-04-17T00:00:00.000+0000'],['2026-09-23T00:00:00.000+0000'],,['en'],['Advancing the European bio-based innovation enabled by biotechnology and biomanufacturing concepts'],['1'],['https://ec.europa.eu/info/funding-tenders/opportunities/portal/screen/opportunities/topic-details/HORIZON-CL6-2026-01-CIRCBIO-07'],['https://ec.europa.eu/info/funding-tenders/opportunities/portal/screen/opportunities/topic-details/HORIZON-CL6-2026-01-CIRCBIO-07'],['50148795'],['SEDIA'],['50146228TOPICSen'],,['43108390'],['2026-04-17T00:00:00.000+0000'],['single-stage'],['31094502'],['HORIZON  Research and Innovation Actions'],2026-09-20 09:08:50.362431+00:00
2.155,50145892TOPICSen,https://ec.europa.eu/info/funding-tenders/opportunities/portal/screen/opportunities/topic-details/HORIZON-CL6-2026-01-CIRCBIO-06,text/plain,en,SEDIA,SEDIA,"Bioeconomy policy support hub for Member States, regions and sectors",0.0,"Bioeconomy policy support hub for Member States, regions and sectors",False,[],[],"Bioeconomy policy support hub for Member States, regions and sectors. Available at: https://ec.europa.eu/info/funding-tenders/opportunities/portal/screen/opportunities/topic-details/HORIZON-CL6-2026-01-CIRCBIO-06",['HORIZON-CL6-2026-01-CIRCBIO-06'],['text/plain'],,['2026-04-17T00:00:00.000+0000'],['2026-09-23T00:00:00.000+0000'],,['en'],"['Bioeconomy policy support hub for Member States, regions and sectors']",['1'],['https://ec.europa.eu/info/funding-tenders/opportunities/portal/screen/opportunities/topic-details/HORIZON-CL6-2026-01-CIRCBIO-06'],['https://ec.europa.eu/info/funding-tenders/opportunities/portal/screen/opportunities/topic-details/HORIZON-CL6-2026-01-CIRCBIO-06'],['50148795'],['SEDIA'],['50145892TOPICSen'],,['43108390'],['2026-04-17T00:00:00.000+0000'],['single-stage'],['31094502'],['HORIZON Coordination and Support Actions'],2026-09-20 09:08:50.362431+00:00
2.155,50146687TOPICSen,https://ec.europa.eu/info/funding-tenders/opportunities/portal/screen/opportunities/topic-details/HORIZON-CL6-2026-01-BIODIV-03,text/plain,en,SEDIA,SEDIA,Pushing the frontier of knowledge and conservation action for deep sea ecosystems,0.0,Pushing the frontier of knowledge and conservation action for deep sea ecosystems,False,[],[],Pushing the frontier of knowledge and conservation action for deep sea ecosystems. Available at: https://ec.europa.eu/info/funding-tenders/opportunities/portal/screen/opportunities/topic-details/HORIZON-CL6-2026-01-BIODIV-03,['HORIZON-CL6-2026-01-BIODIV-03'],['text/plain'],,['2026-04-17T00:00:00.000+0000'],['2026-09-23T00:00:00.000+0000'],,['en'],['Pushing the frontier of knowledge and conservation action for deep sea ecosystems'],['1'],['https://ec.europa.eu/info/funding-tenders/opportunities/portal/screen/opportunities/topic-details/HORIZON-CL6-2026-01-BIODIV-03'],['https://ec.europa.eu/info/funding-tenders/opportunities/portal/screen/opportunities/topic-details/HORIZON-CL6-2026-01-BIODIV-03'],['50148795'],['SEDIA'],['50146687TOPICSen'],,['43108390'],['2026-04-17T00:00:00.000+0000'],['single-stage'],['31094502'],['HORIZON  Research and Innovation Actions'],2026-09-20 09:08:50.362431+00:00
2.155,50145316TOPICSen,https://ec.europa.eu/info/funding-tenders/opportunities/portal/screen/opportunities/topic-details/HORIZON-CL6-2026-01-CIRCBIO-09,text/plain,en,SEDIA,SEDIA,"Balancing food security, bioeconomy, climate and biodiversity objectives to unlock sustainable value chains",0.0,"Balancing food security, bioeconomy, climate and biodiversity objectives to unlock sustainable value chains",False,[],[],"Balancing food security, bioeconomy, climate and biodiversity objectives to unlock sustainable value chains. Available at: https://ec.europa.eu/info/funding-tenders/opportunities/portal/screen/opportunities/topic-details/HORIZON-CL6-2026-01-CIRCBIO-09",['HORIZON-CL6-2026-01-CIRCBIO-09'],['text/plain'],,['2026-04-17T00:00:00.000+0000'],['2026-09-23T00:00:00.000+0000'],,['en'],"['Balancing food security, bioeconomy, climate and biodiversity objectives to unlock sustainable value chains']",['1'],['https://ec.europa.eu/info/funding-tenders/opportunities/portal/screen/opportunities/topic-details/HORIZON-CL6-2026-01-CIRCBIO-09'],['https://ec.europa.eu/info/funding-tenders/opportunities/portal/screen/opportunities/topic-details/HORIZON-CL6-2026-01-CIRCBIO-09'],['50148795'],['SEDIA'],['50145316TOPICSen'],,['43108390'],['2026-04-17T00:00:00.000+0000'],['single-stage'],['31094502'],['HORIZON  Research and Innovation Actions'],2026-09-20 09:08:50.362431+00:00
2.155,51101967TOPICSen,https://ec.europa.eu/info/funding-tenders/opportunities/portal/screen/opportunities/topic-details/EDF-2026-LS-DIS-RA-SMERO-NT,text/plain,en,SEDIA,SEDIA,Non-thematic research actions by SMEs and research organisations,0.0,Non-thematic research actions by SMEs and research organisations,False,[],[],Non-thematic research actions by SMEs and research organisations. Available at: https://ec.europa.eu/info/funding-tenders/opportunities/portal/screen/opportunities/topic-details/EDF-2026-LS-DIS-RA-SMERO-NT,['EDF-2026-LS-DIS-RA-SMERO-NT'],['text/plain'],,['2026-04-15T00:00:00.000+0000'],['2026-09-29T00:00:00.000+0000'],,['en'],['Non-thematic research actions by SMEs and research organisations'],['1'],['https://ec.europa.eu/info/funding-tenders/opportunities/portal/screen/opportunities/topic-details/EDF-2026-LS-DIS-RA-SMERO-NT'],['https://ec.europa.eu/info/funding-tenders/opportunities/portal/screen/opportunities/topic-details/EDF-2026-LS-DIS-RA-SMERO-NT'],['51101980'],['SEDIA'],['51101967TOPICSen'],,['44181033'],['2026-04-15T00:00:00.000+0000'],['single-stage'],['31094502'],['EDF Lump Sum Grants'],2026-09-20 09:08:50.362431+00:00
2.155,51101987TOPICSen,https://ec.europa.eu/info/funding-tenders/opportunities/portal/screen/opportunities/topic-details/EDF-2026-LS-DIS-NT,text/plain,en,SEDIA,SEDIA,Non-thematic actions targeting disruptive technologies for defence,0.0,Non-thematic actions targeting disruptive technologies for defence,False,[],[],Non-thematic actions targeting disruptive technologies for defence. Available at: https://ec.europa.eu/info/funding-tenders/opportunities/portal/screen/opportunities/topic-details/EDF-2026-LS-DIS-NT,['EDF-2026-LS-DIS-NT'],['text/plain'],,['2026-04-15T00:00:00.000+0000'],['2026-09-29T00:00:00.000+0000'],,['en'],['Non-thematic actions targeting disruptive technologies for defence'],['1'],['https://ec.europa.eu/info/funding-tenders/opportunities/portal/screen/opportunities/topic-details/EDF-2026-LS-DIS-NT'],['https://ec.europa.eu/info/funding-tenders/opportunities/portal/screen/opportunities/topic-details/EDF-2026-LS-DIS-NT'],['51102000'],['SEDIA'],['51101987TOPICSen'],,['44181033'],['2026-04-15T00:00:00.000+0000'],['single-stage'],['31094502'],['EDF Lump Sum Grants'],2026-09-20 09:08:50.362431+00:00
2.155,13726COMPETITIVE_CALLen,https://ec.europa.eu/info/funding-tenders/opportunities/portal/screen/opportunities/competitive-calls-cs/48939761,text/plain,en,SEDIA,SEDIA,Student Entrepreneur Grant Scheme (SEGS),0.0,Student Entrepreneur Grant Scheme (SEGS),False,[],[],EITURBANMOBILITY Business Plan 2026. Available at: https://ec.europa.eu/info/funding-tenders/opportunities/portal/screen/opportunities/competitive-calls-cs/48939761,['HORIZON-EIT-2025-KIC-IBA-UM'],['text/plain'],['Student Entrepreneur Grant Scheme (SEGS)'],['2026-03-30T00:00:00.000+0000'],"['2026-04-30T17:00:00.000+0000', '2026-10-14T17:00:00.000+0000', '2027-04-28T17:00:00.000+0000', '2027-10-14T17:00:00.000+0000']",[],['en'],['EITURBANMOBILITY Business Plan 2026'],['8'],['https://ec.europa.eu/info/funding-tenders/opportunities/portal/screen/opportunities/competitive-calls-cs/48939761'],['https://ec.europa.eu/info/funding-tenders/opportunities/portal/screen/opportunities/competitive-calls-cs/48939761'],['13726'],['SEDIA'],['13726COMPETITIVE_CALLen'],['EITUM-BP26-28'],['43108390'],['2026-03-30T00:00:00.000+0000'],['multiple cut-off'],['31094502'],,2026-09-20 09:08:50.362431+00:00
2.155,13661COMPETITIVE_CALLen,https://ec.europa.eu/info/funding-tenders/opportunities/portal/screen/opportunities/competitive-calls-cs/47108154,text/plain,en,SEDIA,SEDIA,Open Call for innovative projects enhancing the valorisation of agri-food biomass side-streams,0.0,Open Call for innovative projects enhancing the valorisation of agri-food biomass side-streams,False,[],[],Joint Cluster Initiatives (EUROCLUSTERS) for Europe’s recovery. Available at: https://ec.europa.eu/info/funding-tenders/opportunities/portal/screen/opportunities/competitive-calls-cs/47108154,['SMP-COSME-2024-CLUSTER-01'],['text/plain'],['Open Call for innovative projects enhancing the valorisation of agri-food biomass side-streams'],['2026-03-26T00:00:00.000+0000'],"['2026-05-26T17:00:00.000+0000', '2026-10-20T17:00:00.000+0000']","['<p>This call targets innovative SMEs developing solutions that increase the <strong>valorisation of biomass side-streams</strong>, contributing to more sustainable and resilient <strong>agri-food ecosystems</strong> through the development of new processes, services and products.</p><p>This Innovation Call includes financial support for projects especially focusing on the <strong>development, adoption, and commercialisation of innovative upcycled ingredients</strong> for food and non-food applications, products, business processes, and technologies (including digital) that <strong>maximise the valorisation of agri-food biomass and side-streams</strong>. These projects should have a minimum Technology Readiness Level (TRL) of 6.</p><p>1.The Innovation Open Call targets:</p><ol><li data-list=""bullet""><span class=""ql-ui"" contenteditable=""false""></span>SMEs in the agri-food production and/or processing sector;</li><li data-list=""bullet""><span class=""ql-ui"" contenteditable=""false""></span>SMEs in other sectors (ex. cosmetics, nutraceuticals, etc) that valorise biomass/by-products/side-streams from the agri-food sector;</li><li data-list=""bullet""><span class=""ql-ui"" contenteditable=""false""></span>SMEs in other sectors (ex. cosmetics, nutraceuticals, etc) that valorise their own biomass/by-products/side-streams for the agri-food sector;</li><li data-list=""bullet""><span class=""ql-ui"" contenteditable=""false""></span>SMEs offering solutions and/or technology for the valorisation of biomass/by-products/side-streams from the agri-food sector (development and application of new technologies or processes).</li></ol><p>2.The applicant’s project must lead to the implementation of either a <strong>new process, a new product, or a new service or a combination of them</strong>.</p><p>3.Proposals can be submitted either by a <strong>single SME or by an SMEs consortium with up to three (3) SMEs</strong>.</p><p class=""ql-align-justify"">4.Applicants can be SMEs registered at EU Member States and countries associated to the Single Market Programme.</p><p>5.<strong>Projects must have a minimum Technology Readiness Level</strong> (<strong>TRL</strong>) <strong>of at least 6.</strong></p><p>6.For Single SME projects, the maximum lump-sum grant per project (1 SME) is <strong>€60.000</strong>.</p><p>7.For collaborative projects, the maximum lump-sum grant per project (2-3 SMEs) is <strong>€90.000</strong>.</p><p>8.Innovation grants must be <strong>matched by at</strong> <strong>least 15% private financial contribution</strong> (debt or own financial resources), with proof required.</p><p><br></p><p><strong>AMENDMENT 16 JULY 2026</strong></p><p>Following aspects of the call text have been updated and clarified:</p><ol><li data-list=""bullet""><span class=""ql-ui"" contenteditable=""false""></span>Thematic priorities - scope of the call and valorisation pathways</li><li data-list=""bullet""><span class=""ql-ui"" contenteditable=""false""></span>Call definitions: biosolutions added, TRL requirements clarified</li><li data-list=""bullet""><span class=""ql-ui"" contenteditable=""false""></span>Documents required: no stamp needed, only signature</li><li data-list=""bullet""><span class=""ql-ui"" contenteditable=""false""></span>Eligibility criteria</li><li data-list=""bullet""><span class=""ql-ui"" contenteditable=""false""></span>Evaluation procedure, criteria and scoring: 2 stage evaluation process in Cut-off 2, pre-selection (knock-out stage) added. Timing of the evaluation procedure cut-off 2 prolonged</li><li data-list=""bullet""><span class=""ql-ui"" contenteditable=""false""></span>Re-submission of proposals: to be done in new application form</li><li data-list=""bullet""><span class=""ql-ui"" contenteditable=""false""></span>Period to file complaints</li><li data-list=""bullet""><span class=""ql-ui"" contenteditable=""false""></span>SPOC contact details</li></ol><p><strong>Pay attention that there is an adapted application form for cut-off 2!</strong></p>']",['en'],['Joint Cluster Initiatives (EUROCLUSTERS) for Europe’s recovery'],['8'],['https://ec.europa.eu/info/funding-tenders/opportunities/portal/screen/opportunities/competitive-calls-cs/47108154'],['https://ec.europa.eu/info/funding-tenders/opportunities/portal/screen/opportunities/competitive-calls-cs/47108154'],['13661'],['SEDIA'],['13661COMPETITIVE_CALLen'],['GRAPPA'],['43252476'],['2026-03-26T00:00:00.000+0000'],['multiple cut-off'],['31094502'],,2026-09-20 09:08:50.362431+00:00
2.155,13882COMPETITIVE_CALLen,https://ec.europa.eu/info/funding-tenders/opportunities/portal/screen/opportunities/competitive-calls-cs/46786367,text/plain,en,SEDIA,SEDIA,Enhancing the Cybersecurity Capabilities of the Domestic SME Sector (SSNS-NCC-HU-FSTP-2026),0.0,Enhancing the Cybersecurity Capabilities of the Domestic SME Sector (SSNS-NCC-HU-FSTP-2026),False,[],[],Deploying The Network of National Coordination Centres with Member States. Available at: https://ec.europa.eu/info/funding-tenders/opportunities/portal/screen/opportunities/competitive-calls-cs/46786367,['DIGITAL-ECCC-2024-DEPLOY-NCC-06-MS-COORDINATION'],['text/plain'],['Enhancing the Cybersecurity Capabilities of the Domestic SME Sector (SSNS-NCC-HU-FSTP-2026)'],['2026-03-24T00:00:00.000+0000'],['2026-06-28T22:59:00.000+0000'],"['<p><strong>WHO CAN SUBMIT A GRANT APPLICATION?</strong></p><p>Micro, small and medium-sized enterprises may submit grant applications for the call if they:</p><ol><li data-list=""bullet""><span class=""ql-ui"" contenteditable=""false""></span>have at least three closed financial years (each supported by financial statements and covering full 365-day period of operation as a pre-company is not included);</li><li data-list=""bullet""><span class=""ql-ui"" contenteditable=""false""></span>operate in the sectors listed in Annexes 2 or 3 of the Cybersecurity Act</li></ol><p><strong>WHAT ACTIVITIES ARE ELIGIBLE FOR SUPPORT?</strong></p><ol><li data-list=""ordered""><span class=""ql-ui"" contenteditable=""false""></span>Acquisition of new equipment and intangible assets resulting in the enhancement of cyber resilience</li><li data-list=""bullet"" class=""ql-indent-1""><span class=""ql-ui"" contenteditable=""false""></span>Centralised endpoint protection solutions (traditional antivirus);</li><li data-list=""bullet"" class=""ql-indent-1""><span class=""ql-ui"" contenteditable=""false""></span>Advanced endpoint protection and incident detection solutions (EDR/XDR);</li><li data-list=""bullet"" class=""ql-indent-1""><span class=""ql-ui"" contenteditable=""false""></span>Perimeter protection solutions (firewall, Web Application Firewall, proxy, VPN gateway);</li><li data-list=""bullet"" class=""ql-indent-1""><span class=""ql-ui"" contenteditable=""false""></span>Network traffic monitoring and intrusion detection solutions (WAF, IDS/IPS, NDR);</li><li data-list=""bullet"" class=""ql-indent-1""><span class=""ql-ui"" contenteditable=""false""></span>Solutions against denial-of-service attacks (Anti-DDoS);</li><li data-list=""bullet"" class=""ql-indent-1""><span class=""ql-ui"" contenteditable=""false""></span>Data backup and recovery solutions (backup/restore);</li><li data-list=""bullet"" class=""ql-indent-1""><span class=""ql-ui"" contenteditable=""false""></span>Centralised log collection solutions (log management);</li><li data-list=""bullet"" class=""ql-indent-1""><span class=""ql-ui"" contenteditable=""false""></span>Advanced log analysis solutions;</li><li data-list=""bullet"" class=""ql-indent-1""><span class=""ql-ui"" contenteditable=""false""></span>Security information and event management solutions (SIEM);</li><li data-list=""bullet"" class=""ql-indent-1""><span class=""ql-ui"" contenteditable=""false""></span>Mobile device management solutions (MDM);</li><li data-list=""bullet"" class=""ql-indent-1""><span class=""ql-ui"" contenteditable=""false""></span>Multi-factor authentication solutions (MFA);</li><li data-list=""bullet"" class=""ql-indent-1""><span class=""ql-ui"" contenteditable=""false""></span>Identity and access a management solutions (IAM);</li><li data-list=""bullet"" class=""ql-indent-1""><span class=""ql-ui"" contenteditable=""false""></span>Data loss prevention solutions (DLP);</li><li data-list=""bullet"" class=""ql-indent-1""><span class=""ql-ui"" contenteditable=""false""></span>Anti-spam and e-mail security solutions;</li><li data-list=""bullet"" class=""ql-indent-1""><span class=""ql-ui"" contenteditable=""false""></span>Governance, risk and compliance management solutions (GRC);</li><li data-list=""bullet"" class=""ql-indent-1""><span class=""ql-ui"" contenteditable=""false""></span>Encryption and key management solutions;</li><li data-list=""bullet"" class=""ql-indent-1""><span class=""ql-ui"" contenteditable=""false""></span>Replacement of hardware or software components that are no longer supported by security update (obsolete hardware/software).</li><li data-list=""ordered""><span class=""ql-ui"" contenteditable=""false""></span>Procurement of Services related to the enhancement of cyber resilience:</li><li data-list=""bullet"" class=""ql-indent-1""><span class=""ql-ui"" contenteditable=""false""></span>Cybersecurity testing and assessment services (vulnerability testing);</li><li data-list=""bullet"" class=""ql-indent-1""><span class=""ql-ui"" contenteditable=""false""></span>Cybersecurity Operations Centre (SOC) services;</li><li data-list=""bullet"" class=""ql-indent-1""><span class=""ql-ui"" contenteditable=""false""></span>Cybersecurity-related training activities;</li><li data-list=""bullet"" class=""ql-indent-1""><span class=""ql-ui"" contenteditable=""false""></span>Subscriptions to cybersecurity training platforms;</li><li data-list=""bullet"" class=""ql-indent-1""><span class=""ql-ui"" contenteditable=""false""></span>Integration of hardware and software tools (system design, implementation, configuration, testing and documentation);</li><li data-list=""bullet"" class=""ql-indent-1""><span class=""ql-ui"" contenteditable=""false""></span>Cybersecurity-related consulting and professional advisory services.</li></ol><p><strong><u>Details are included in the call for tenders!</u></strong></p>']",['en'],['Deploying The Network of National Coordination Centres with Member States'],['8'],['https://ec.europa.eu/info/funding-tenders/opportunities/portal/screen/opportunities/competitive-calls-cs/46786367'],['https://ec.europa.eu/info/funding-tenders/opportunities/portal/screen/opportunities/competitive-calls-cs/46786367'],['13882'],['SEDIA'],['13882COMPETITIVE_CALLen'],['NCC-HU'],['43152860'],['2026-03-24T00:00:00.000+0000'],['single-stage'],['31094502'],,2026-09-20 09:08:50.362431+00:00
2.155,13328COMPETITIVE_CALLen,https://ec.europa.eu/info/funding-tenders/opportunities/portal/screen/opportunities/competitive-calls-cs/43549596,text/plain,en,SEDIA,SEDIA,FuseNet Call for the Organisation of Mini-Workshops in Fusion,0.0,FuseNet Call for the Organisation of Mini-Workshops in Fusion,False,[],[],Euratom-Adhoc-2021-2027. Available at: https://ec.europa.eu/info/funding-tenders/opportunities/portal/screen/opportunities/competitive-calls-cs/43549596,['EURATOM-2021-ADHOC-IBA'],['text/plain'],['FuseNet Call for the Organisation of Mini-Workshops in Fusion'],['2026-02-18T00:00:00.000+0000'],['2026-12-31T23:59:00.000+0000'],"['<p>As part of its activities, FuseNet supports the FuseNet member institutions with the organisation of mini-workshops. These are small-scale workshops that aim to connect young talents with experienced researchers. They have the set-up of masterclasses on a dedicated topic, include interaction between experts and students and are organised for either MSc or PhD students. Such events typically last 2–5 days. This call is for mini-workshops that are to be organised before the end of this year.</p>']",['en'],['Euratom-Adhoc-2021-2027'],['8'],['https://ec.europa.eu/info/funding-tenders/opportunities/portal/screen/opportunities/competitive-calls-cs/43549596'],['https://ec.europa.eu/info/funding-tenders/opportunities/portal/screen/opportunities/competitive-calls-cs/43549596'],['13328'],['SEDIA'],['13328COMPETITIVE_CALLen'],['EUROfusion'],['43298916'],['2026-02-18T00:00:00.000+0000'],['single-stage'],['31094502'],,2026-09-20 09:08:50.362431+00:00
2.155,13327COMPETITIVE_CALLen,https://ec.europa.eu/info/funding-tenders/opportunities/portal/screen/opportunities/competitive-calls-cs/43549596,text/plain,en,SEDIA,SEDIA,FuseNet Support of Master Students going on an internship abroad,0.0,FuseNet Support of Master Students going on an internship abroad,False,[],[],Euratom-Adhoc-2021-2027. Available at: https://ec.europa.eu/info/funding-tenders/opportunities/portal/screen/opportunities/competitive-calls-cs/43549596,['EURATOM-2021-ADHOC-IBA'],['text/plain'],['FuseNet Support of Master Students going on an internship abroad'],['2026-02-18T00:00:00.000+0000'],['2026-12-31T23:59:23.000+0000'],"['<p>This support package is meant to facilitate MSc students in fusion who want to go abroad for an internship, thereby stimulating quality of education through exchanges. The internship can take place at a fusion research centre or university involved in fusion research. This place is not limited to Europe. Students registered at universities that are a&nbsp;<a href=""https://fusenet.eu/members"" rel=""noopener noreferrer"" target=""_blank"">FuseNet member</a>&nbsp;and/or are doing their internship at hosts that are a&nbsp;<a href=""https://fusenet.eu/members"" rel=""noopener noreferrer"" target=""_blank"">FuseNet member</a>, and their home university is located in one of the&nbsp;<a href=""https://euro-fusion.org/eurofusion/members/"" rel=""noopener noreferrer"" target=""_blank"">EUROfusion member states</a>&nbsp;can apply for financial support for their internship here.</p><p>The financial support consists of a fixed amount of travel support (depending on the travel distance) and accommodation/living support (depending on the internship duration).&nbsp;The application has to be submitted at least 2 weeks before and within 6 months of the start of the internship. Other sources of funding for the internship (scholarships or grants, compensation or salary from the host institute, funds from other EU support schemes, etc.) need to be specified.&nbsp;Funding can also be restricted in cases where funding has been received from FuseNet in the past (see the terms and conditions on the FuseNet webpage).</p>']",['en'],['Euratom-Adhoc-2021-2027'],['8'],['https://ec.europa.eu/info/funding-tenders/opportunities/portal/screen/opportunities/competitive-calls-cs/43549596'],['https://ec.europa.eu/info/funding-tenders/opportunities/portal/screen/opportunities/competitive-calls-cs/43549596'],['13327'],['SEDIA'],['13327COMPETITIVE_CALLen'],['EUROfusion'],['43298916'],['2026-02-18T00:00:00.000+0000'],['single-stage'],['31094502'],,2026-09-20 09:08:50.362431+00:00
2.155,13326COMPETITIVE_CALLen,https://ec.europa.eu/info/funding-tenders/opportunities/portal/screen/opportunities/competitive-calls-cs/43549596,text/plain,en,SEDIA,SEDIA,FuseNet Support of Master Students in attending Educational Events,0.0,FuseNet Support of Master Students in attending Educational Events,False,[],[],Euratom-Adhoc-2021-2027. Available at: https://ec.europa.eu/info/funding-tenders/opportunities/portal/screen/opportunities/competitive-calls-cs/43549596,['EURATOM-2021-ADHOC-IBA'],['text/plain'],['FuseNet Support of Master Students in attending Educational Events'],['2026-02-18T00:00:00.000+0000'],['2026-12-31T23:59:00.000+0000'],"['<p>This support scheme is launched to support and facilitate Master students to take part in educational activities external to their own organization. It allows Master students to participate in fusion Master classes, summer schools, and other short-term events with a dominant <em>educational</em> character. All conferences are excluded from support&nbsp;except when the Master student has his/her own contribution at the event (see terms and conditions for details).</p><p>Students registered at universities that are a&nbsp;<a href=""https://fusenet.eu/members"" rel=""noopener noreferrer"" target=""_blank"">FuseNet member</a>&nbsp;and/or are seeking to attend educational activities&nbsp;at&nbsp;hosts that are a&nbsp;<a href=""https://fusenet.eu/members"" rel=""noopener noreferrer"" target=""_blank"">FuseNet member</a>,&nbsp;and both the home university and the educational event are located in one of the countries that are part of the&nbsp;<a href=""https://euro-fusion.org/eurofusion/members/"" rel=""noopener noreferrer"" target=""_blank"">EUROfusion member states</a>,&nbsp;can apply here for financial support to take part in a fusion-related educational training activity.</p><p>The financial support consists&nbsp;of a fixed amount of travel support (depending on the travel distance) and subsistence support (depending on the duration). The (training) activity has to take place at a university group or research institute in one of the EUROfusion members states&nbsp;or at a FuseNet member institute. The&nbsp;application has to be submitted at least 2 weeks before the actual start of the educational event.&nbsp;The educational event has to start no later than 6 months after application.</p>']",['en'],['Euratom-Adhoc-2021-2027'],['8'],['https://ec.europa.eu/info/funding-tenders/opportunities/portal/screen/opportunities/competitive-calls-cs/43549596'],['https://ec.europa.eu/info/funding-tenders/opportunities/portal/screen/opportunities/competitive-calls-cs/43549596'],['13326'],['SEDIA'],['13326COMPETITIVE_CALLen'],['EUROfusion'],['43298916'],['2026-02-18T00:00:00.000+0000'],['single-stage'],['31094502'],,2026-09-20 09:08:50.362431+00:00
2.155,50379667TOPICSen,https://ec.europa.eu/info/funding-tenders/opportunities/portal/screen/opportunities/topic-details/EDF-2026-DA-ACC-AIRDEF-EATMI,text/plain,en,SEDIA,SEDIA,High-end endo-atmospheric interception,0.0,High-end endo-atmospheric interception,False,[],[],High-end endo-atmospheric interception. Available at: https://ec.europa.eu/info/funding-tenders/opportunities/portal/screen/opportunities/topic-details/EDF-2026-DA-ACC-AIRDEF-EATMI,['EDF-2026-DA-ACC-AIRDEF-EATMI'],['text/plain'],,['2026-02-11T00:00:00.000+0000'],['2026-09-29T00:00:00.000+0000'],,['en'],['High-end endo-atmospheric interception'],['1'],['https://ec.europa.eu/info/funding-tenders/opportunities/portal/screen/opportunities/topic-details/EDF-2026-DA-ACC-AIRDEF-EATMI'],['https://ec.europa.eu/info/funding-tenders/opportunities/portal/screen/opportunities/topic-details/EDF-2026-DA-ACC-AIRDEF-EATMI'],['50379674'],['SEDIA'],['50379667TOPICSen'],,['44181033'],['2026-02-11T00:00:00.000+0000'],['single-stage'],['31094502'],['EDF Development Actions'],2026-09-20 09:08:50.362431+00:00
2.155,50288137TOPICSen,https://ec.europa.eu/info/funding-tenders/opportunities/portal/screen/opportunities/topic-details/EDF-2026-RA-SIMTRAIN-MSAI,text/plain,en,SEDIA,SEDIA,Modelling & simulation supported AI framework for military decision-making and training,0.0,Modelling & simulation supported AI framework for military decision-making and training,False,[],[],Modelling & simulation supported AI framework for military decision-making and training. Available at: https://ec.europa.eu/info/funding-tenders/opportunities/portal/screen/opportunities/topic-details/EDF-2026-RA-SIMTRAIN-MSAI,['EDF-2026-RA-SIMTRAIN-MSAI'],['text/plain'],,['2026-02-11T00:00:00.000+0000'],['2026-09-29T00:00:00.000+0000'],,['en'],['Modelling & simulation supported AI framework for military decision-making and training'],['1'],['https://ec.europa.eu/info/funding-tenders/opportunities/portal/screen/opportunities/topic-details/EDF-2026-RA-SIMTRAIN-MSAI'],['https://ec.europa.eu/info/funding-tenders/opportunities/portal/screen/opportunities/topic-details/EDF-2026-RA-SIMTRAIN-MSAI'],['50288274'],['SEDIA'],['50288137TOPICSen'],,['44181033'],['2026-02-11T00:00:00.000+0000'],['single-stage'],['31094502'],['EDF Research Actions'],2026-09-20 09:08:50.362431+00:00
2.155,50288105TOPICSen,https://ec.europa.eu/info/funding-tenders/opportunities/portal/screen/opportunities/topic-details/EDF-2026-RA-SENS-MSDT,text/plain,en,SEDIA,SEDIA,Multidomain sensors demonstrator and test,0.0,Multidomain sensors demonstrator and test,False,[],[],Multidomain sensors demonstrator and test. Available at: https://ec.europa.eu/info/funding-tenders/opportunities/portal/screen/opportunities/topic-details/EDF-2026-RA-SENS-MSDT,['EDF-2026-RA-SENS-MSDT'],['text/plain'],,['2026-02-11T00:00:00.000+0000'],['2026-09-29T00:00:00.000+0000'],,['en'],['Multidomain sensors demonstrator and test'],['1'],['https://ec.europa.eu/info/funding-tenders/opportunities/portal/screen/opportunities/topic-details/EDF-2026-RA-SENS-MSDT'],['https://ec.europa.eu/info/funding-tenders/opportunities/portal/screen/opportunities/topic-details/EDF-2026-RA-SENS-MSDT'],['50288274'],['SEDIA'],['50288105TOPICSen'],,['44181033'],['2026-02-11T00:00:00.000+0000'],['single-stage'],['31094502'],['EDF Research Actions'],2026-09-20 09:08:50.362431+00:00
2.155,50288131TOPICSen,https://ec.europa.eu/info/funding-tenders/opportunities/portal/screen/opportunities/topic-details/EDF-2026-RA-MCBRN-DST,text/plain,en,SEDIA,SEDIA,CBRN decontamination systems and technologies,0.0,CBRN decontamination systems and technologies,False,[],[],CBRN decontamination systems and technologies. Available at: https://ec.europa.eu/info/funding-tenders/opportunities/portal/screen/opportunities/topic-details/EDF-2026-RA-MCBRN-DST,['EDF-2026-RA-MCBRN-DST'],['text/plain'],,['2026-02-11T00:00:00.000+0000'],['2026-09-29T00:00:00.000+0000'],,['en'],['CBRN decontamination systems and technologies'],['1'],['https://ec.europa.eu/info/funding-tenders/opportunities/portal/screen/opportunities/topic-details/EDF-2026-RA-MCBRN-DST'],['https://ec.europa.eu/info/funding-tenders/opportunities/portal/screen/opportunities/topic-details/EDF-2026-RA-MCBRN-DST'],['50288274'],['SEDIA'],['50288131TOPICSen'],,['44181033'],['2026-02-11T00:00:00.000+0000'],['single-stage'],['31094502'],['EDF Research Actions'],2026-09-20 09:08:50.362431+00:00
2.155,50288112TOPICSen,https://ec.europa.eu/info/funding-tenders/opportunities/portal/screen/opportunities/topic-details/EDF-2026-RA-CYBER-QSTN,text/plain,en,SEDIA,SEDIA,Quantum secured tactical networks,0.0,Quantum secured tactical networks,False,[],[],Quantum secured tactical networks. Available at: https://ec.europa.eu/info/funding-tenders/opportunities/portal/screen/opportunities/topic-details/EDF-2026-RA-CYBER-QSTN,['EDF-2026-RA-CYBER-QSTN'],['text/plain'],,['2026-02-11T00:00:00.000+0000'],['2026-09-29T00:00:00.000+0000'],,['en'],['Quantum secured tactical networks'],['1'],['https://ec.europa.eu/info/funding-tenders/opportunities/portal/screen/opportunities/topic-details/EDF-2026-RA-CYBER-QSTN'],['https://ec.europa.eu/info/funding-tenders/opportunities/portal/screen/opportunities/topic-details/EDF-2026-RA-CYBER-QSTN'],['50288274'],['SEDIA'],['50288112TOPICSen'],,['44181033'],['2026-02-11T00:00:00.000+0000'],['single-stage'],['31094502'],['EDF Research Actions'],2026-09-20 09:08:50.362431+00:00
2.155,50288119TOPICSen,https://ec.europa.eu/info/funding-tenders/opportunities/portal/screen/opportunities/topic-details/EDF-2026-RA-AIR-A4R,text/plain,en,SEDIA,SEDIA,Autonomous and automatic air-to-air refuelling,0.0,Autonomous and automatic air-to-air refuelling,False,[],[],Autonomous and automatic air-to-air refuelling. Available at: https://ec.europa.eu/info/funding-tenders/opportunities/portal/screen/opportunities/topic-details/EDF-2026-RA-AIR-A4R,['EDF-2026-RA-AIR-A4R'],['text/plain'],,['2026-02-11T00:00:00.000+0000'],['2026-09-29T00:00:00.000+0000'],,['en'],['Autonomous and automatic air-to-air refuelling'],['1'],['https://ec.europa.eu/info/funding-tenders/opportunities/portal/screen/opportunities/topic-details/EDF-2026-RA-AIR-A4R'],['https://ec.europa.eu/info/funding-tenders/opportunities/portal/screen/opportunities/topic-details/EDF-2026-RA-AIR-A4R'],['50288274'],['SEDIA'],['50288119TOPICSen'],,['44181033'],['2026-02-11T00:00:00.000+0000'],['single-stage'],['31094502'],['EDF Research Actions'],2026-09-20 09:08:50.362431+00:00
2.155,50288125TOPICSen,https://ec.europa.eu/info/funding-tenders/opportunities/portal/screen/opportunities/topic-details/EDF-2026-RA-PROTMOB-FMLA,text/plain,en,SEDIA,SEDIA,Future multirole light aircraft,0.0,Future multirole light aircraft,False,[],[],Future multirole light aircraft. Available at: https://ec.europa.eu/info/funding-tenders/opportunities/portal/screen/opportunities/topic-details/EDF-2026-RA-PROTMOB-FMLA,['EDF-2026-RA-PROTMOB-FMLA'],['text/plain'],,['2026-02-11T00:00:00.000+0000'],['2026-09-29T00:00:00.000+0000'],,['en'],['Future multirole light aircraft'],['1'],['https://ec.europa.eu/info/funding-tenders/opportunities/portal/screen/opportunities/topic-details/EDF-2026-RA-PROTMOB-FMLA'],['https://ec.europa.eu/info/funding-tenders/opportunities/portal/screen/opportunities/topic-details/EDF-2026-RA-PROTMOB-FMLA'],['50288274'],['SEDIA'],['50288125TOPICSen'],,['44181033'],['2026-02-11T00:00:00.000+0000'],['single-stage'],['31094502'],['EDF Research Actions'],2026-09-20 09:08:50.362431+00:00
2.155,50616316TOPICSen,https://ec.europa.eu/info/funding-tenders/opportunities/portal/screen/opportunities/topic-details/EDF-2026-RA-UWW-FUWN,text/plain,en,SEDIA,SEDIA,Development and validation of models predicting flow-related underwater noise,0.0,Development and validation of models predicting flow-related underwater noise,False,[],[],Development and validation of models predicting flow-related underwater noise. Available at: https://ec.europa.eu/info/funding-tenders/opportunities/portal/screen/opportunities/topic-details/EDF-2026-RA-UWW-FUWN,['EDF-2026-RA-UWW-FUWN'],['text/plain'],,['2026-02-11T00:00:00.000+0000'],['2026-09-29T00:00:00.000+0000'],,['en'],['Development and validation of models predicting flow-related underwater noise'],['1'],['https://ec.europa.eu/info/funding-tenders/opportunities/portal/screen/opportunities/topic-details/EDF-2026-RA-UWW-FUWN'],['https://ec.europa.eu/info/funding-tenders/opportunities/portal/screen/opportunities/topic-details/EDF-2026-RA-UWW-FUWN'],['50288274'],['SEDIA'],['50616316TOPICSen'],,['44181033'],['2026-02-11T00:00:00.000+0000'],['single-stage'],['31094502'],['EDF Research Actions'],2026-09-20 09:08:50.362431+00:00
2.155,50288249TOPICSen,https://ec.europa.eu/info/funding-tenders/opportunities/portal/screen/opportunities/topic-details/EDF-2026-DA-GROUND-MRL,text/plain,en,SEDIA,SEDIA,Multiple rocket launcher,0.0,Multiple rocket launcher,False,[],[],Multiple rocket launcher. Available at: https://ec.europa.eu/info/funding-tenders/opportunities/portal/screen/opportunities/topic-details/EDF-2026-DA-GROUND-MRL,['EDF-2026-DA-GROUND-MRL'],['text/plain'],,['2026-02-11T00:00:00.000+0000'],['2026-09-29T00:00:00.000+0000'],,['en'],['Multiple rocket launcher'],['1'],['https://ec.europa.eu/info/funding-tenders/opportunities/portal/screen/opportunities/topic-details/EDF-2026-DA-GROUND-MRL'],['https://ec.europa.eu/info/funding-tenders/opportunities/portal/screen/opportunities/topic-details/EDF-2026-DA-GROUND-MRL'],['50288311'],['SEDIA'],['50288249TOPICSen'],,['44181033'],['2026-02-11T00:00:00.000+0000'],['single-stage'],['31094502'],['EDF Development Actions'],2026-09-20 09:08:50.362431+00:00
2.155,50288157TOPICSen,https://ec.europa.eu/info/funding-tenders/opportunities/portal/screen/opportunities/topic-details/EDF-2026-RA-SI-UWW-CSBI-STEP,text/plain,en,SEDIA,SEDIA,Layered critical seabed infrastructure protection,0.0,Layered critical seabed infrastructure protection,False,[],[],Layered critical seabed infrastructure protection. Available at: https://ec.europa.eu/info/funding-tenders/opportunities/portal/screen/opportunities/topic-details/EDF-2026-RA-SI-UWW-CSBI-STEP,['EDF-2026-RA-SI-UWW-CSBI-STEP'],['text/plain'],,['2026-02-11T00:00:00.000+0000'],['2026-09-29T00:00:00.000+0000'],,['en'],['Layered critical seabed infrastructure protection'],['1'],['https://ec.europa.eu/info/funding-tenders/opportunities/portal/screen/opportunities/topic-details/EDF-2026-RA-SI-UWW-CSBI-STEP'],['https://ec.europa.eu/info/funding-tenders/opportunities/portal/screen/opportunities/topic-details/EDF-2026-RA-SI-UWW-CSBI-STEP'],['50288289'],['SEDIA'],['50288157TOPICSen'],,['44181033'],['2026-02-11T00:00:00.000+0000'],['single-stage'],['31094502'],['EDF Lump Sum Grants'],2026-09-20 09:08:50.362431+00:00
2.155,50288151TOPICSen,https://ec.europa.eu/info/funding-tenders/opportunities/portal/screen/opportunities/topic-details/EDF-2026-LS-RA-SI-ENERENV-NTFE,text/plain,en,SEDIA,SEDIA,New turbofan engine,0.0,New turbofan engine,False,[],[],New turbofan engine. Available at: https://ec.europa.eu/info/funding-tenders/opportunities/portal/screen/opportunities/topic-details/EDF-2026-LS-RA-SI-ENERENV-NTFE,['EDF-2026-LS-RA-SI-ENERENV-NTFE'],['text/plain'],,['2026-02-11T00:00:00.000+0000'],['2026-09-29T00:00:00.000+0000'],,['en'],['New turbofan engine'],['1'],['https://ec.europa.eu/info/funding-tenders/opportunities/portal/screen/opportunities/topic-details/EDF-2026-LS-RA-SI-ENERENV-NTFE'],['https://ec.europa.eu/info/funding-tenders/opportunities/portal/screen/opportunities/topic-details/EDF-2026-LS-RA-SI-ENERENV-NTFE'],['50288289'],['SEDIA'],['50288151TOPICSen'],,['44181033'],['2026-02-11T00:00:00.000+0000'],['single-stage'],['31094502'],['EDF Lump Sum Grants'],2026-09-20 09:08:50.362431+00:00
2.155,50288255TOPICSen,https://ec.europa.eu/info/funding-tenders/opportunities/portal/screen/opportunities/topic-details/EDF-2026-DA-PROTMOB-DMM,text/plain,en,SEDIA,SEDIA,Secure digital military mobility system,0.0,Secure digital military mobility system,False,[],[],Secure digital military mobility system. Available at: https://ec.europa.eu/info/funding-tenders/opportunities/portal/screen/opportunities/topic-details/EDF-2026-DA-PROTMOB-DMM,['EDF-2026-DA-PROTMOB-DMM'],['text/plain'],,['2026-02-11T00:00:00.000+0000'],['2026-09-29T00:00:00.000+0000'],,['en'],['Secure digital military mobility system'],['1'],['https://ec.europa.eu/info/funding-tenders/opportunities/portal/screen/opportunities/topic-details/EDF-2026-DA-PROTMOB-DMM'],['https://ec.europa.eu/info/funding-tenders/opportunities/portal/screen/opportunities/topic-details/EDF-2026-DA-PROTMOB-DMM'],['50288311'],['SEDIA'],['50288255TOPICSen'],,['44181033'],['2026-02-11T00:00:00.000+0000'],['single-stage'],['31094502'],['EDF Development Actions'],2026-09-20 09:08:50.362431+00:00
2.155,50288192TOPICSen,https://ec.europa.eu/info/funding-tenders/opportunities/portal/screen/opportunities/topic-details/EDF-2026-DA-SPACE-PRS-STEP,text/plain,en,SEDIA,SEDIA,Integration of Galileo PRS receivers on weapon systems and NAVWAR operational centres in military C2,0.0,Integration of Galileo PRS receivers on weapon systems and NAVWAR operational centres in military C2,False,[],[],Integration of Galileo PRS receivers on weapon systems and NAVWAR operational centres in military C2. Available at: https://ec.europa.eu/info/funding-tenders/opportunities/portal/screen/opportunities/topic-details/EDF-2026-DA-SPACE-PRS-STEP,['EDF-2026-DA-SPACE-PRS-STEP'],['text/plain'],,['2026-02-11T00:00:00.000+0000'],['2026-09-29T00:00:00.000+0000'],,['en'],['Integration of Galileo PRS receivers on weapon systems and NAVWAR operational centres in military C2'],['1'],['https://ec.europa.eu/info/funding-tenders/opportunities/portal/screen/opportunities/topic-details/EDF-2026-DA-SPACE-PRS-STEP'],['https://ec.europa.eu/info/funding-tenders/opportunities/portal/screen/opportunities/topic-details/EDF-2026-DA-SPACE-PRS-STEP'],['50288311'],['SEDIA'],['50288192TOPICSen'],,['44181033'],['2026-02-11T00:00:00.000+0000'],['single-stage'],['31094502'],['EDF Development Actions'],2026-09-20 09:08:50.362431+00:00
2.155,50288218TOPICSen,https://ec.europa.eu/info/funding-tenders/opportunities/portal/screen/opportunities/topic-details/EDF-2026-DA-GROUND-MBT,text/plain,en,SEDIA,SEDIA,Future main battle tank platform systems,0.0,Future main battle tank platform systems,False,[],[],Future main battle tank platform systems. Available at: https://ec.europa.eu/info/funding-tenders/opportunities/portal/screen/opportunities/topic-details/EDF-2026-DA-GROUND-MBT,['EDF-2026-DA-GROUND-MBT'],['text/plain'],,['2026-02-11T00:00:00.000+0000'],['2026-09-29T00:00:00.000+0000'],,['en'],['Future main battle tank platform systems'],['1'],['https://ec.europa.eu/info/funding-tenders/opportunities/portal/screen/opportunities/topic-details/EDF-2026-DA-GROUND-MBT'],['https://ec.europa.eu/info/funding-tenders/opportunities/portal/screen/opportunities/topic-details/EDF-2026-DA-GROUND-MBT'],['50288311'],['SEDIA'],['50288218TOPICSen'],,['44181033'],['2026-02-11T00:00:00.000+0000'],['single-stage'],['31094502'],['EDF Development Actions'],2026-09-20 09:08:50.362431+00:00
2.155,50288206TOPICSen,https://ec.europa.eu/info/funding-tenders/opportunities/portal/screen/opportunities/topic-details/EDF-2026-DA-AIR-SPS,text/plain,en,SEDIA,SEDIA,Self-protection systems,0.0,Self-protection systems,False,[],[],Self-protection systems. Available at: https://ec.europa.eu/info/funding-tenders/opportunities/portal/screen/opportunities/topic-details/EDF-2026-DA-AIR-SPS,['EDF-2026-DA-AIR-SPS'],['text/plain'],,['2026-02-11T00:00:00.000+0000'],['2026-09-29T00:00:00.000+0000'],,['en'],['Self-protection systems'],['1'],['https://ec.europa.eu/info/funding-tenders/opportunities/portal/screen/opportunities/topic-details/EDF-2026-DA-AIR-SPS'],['https://ec.europa.eu/info/funding-tenders/opportunities/portal/screen/opportunities/topic-details/EDF-2026-DA-AIR-SPS'],['50288311'],['SEDIA'],['50288206TOPICSen'],,['44181033'],['2026-02-11T00:00:00.000+0000'],['single-stage'],['31094502'],['EDF Development Actions'],2026-09-20 09:08:50.362431+00:00
2.155,50288185TOPICSen,https://ec.europa.eu/info/funding-tenders/opportunities/portal/screen/opportunities/topic-details/EDF-2026-DA-SENS-CEW-STEP,text/plain,en,SEDIA,SEDIA,Enhanced cognitive EW system with intelligent RESM CESM signal analysis,0.0,Enhanced cognitive EW system with intelligent RESM CESM signal analysis,False,[],[],Enhanced cognitive EW system with intelligent RESM CESM signal analysis. Available at: https://ec.europa.eu/info/funding-tenders/opportunities/portal/screen/opportunities/topic-details/EDF-2026-DA-SENS-CEW-STEP,['EDF-2026-DA-SENS-CEW-STEP'],['text/plain'],,['2026-02-11T00:00:00.000+0000'],['2026-09-29T00:00:00.000+0000'],,['en'],['Enhanced cognitive EW system with intelligent RESM CESM signal analysis'],['1'],['https://ec.europa.eu/info/funding-tenders/opportunities/portal/screen/opportunities/topic-details/EDF-2026-DA-SENS-CEW-STEP'],['https://ec.europa.eu/info/funding-tenders/opportunities/portal/screen/opportunities/topic-details/EDF-2026-DA-SENS-CEW-STEP'],['50288311'],['SEDIA'],['50288185TOPICSen'],,['44181033'],['2026-02-11T00:00:00.000+0000'],['single-stage'],['31094502'],['EDF Development Actions'],2026-09-20 09:08:50.362431+00:00
2.155,50288199TOPICSen,https://ec.europa.eu/info/funding-tenders/opportunities/portal/screen/opportunities/topic-details/EDF-2026-DA-ENERENV-AWC-STEP,text/plain,en,SEDIA,SEDIA,Ammunition Waste Collection and Disposal Unmanned Platform,0.0,Ammunition Waste Collection and Disposal Unmanned Platform,False,[],[],Ammunition Waste Collection and Disposal Unmanned Platform. Available at: https://ec.europa.eu/info/funding-tenders/opportunities/portal/screen/opportunities/topic-details/EDF-2026-DA-ENERENV-AWC-STEP,['EDF-2026-DA-ENERENV-AWC-STEP'],['text/plain'],,['2026-02-11T00:00:00.000+0000'],['2026-09-29T00:00:00.000+0000'],,['en'],['Ammunition Waste Collection and Disposal Unmanned Platform'],['1'],['https://ec.europa.eu/info/funding-tenders/opportunities/portal/screen/opportunities/topic-details/EDF-2026-DA-ENERENV-AWC-STEP'],['https://ec.europa.eu/info/funding-tenders/opportunities/portal/screen/opportunities/topic-details/EDF-2026-DA-ENERENV-AWC-STEP'],['50288311'],['SEDIA'],['50288199TOPICSen'],,['44181033'],['2026-02-11T00:00:00.000+0000'],['single-stage'],['31094502'],['EDF Development Actions'],2026-09-20 09:08:50.362431+00:00
2.155,50288224TOPICSen,https://ec.europa.eu/info/funding-tenders/opportunities/portal/screen/opportunities/topic-details/EDF-2026-DA-MATCOMP-SMT-STEP,text/plain,en,SEDIA,SEDIA,Smart and multifunctional textiles,0.0,Smart and multifunctional textiles,False,[],[],Smart and multifunctional textiles. Available at: https://ec.europa.eu/info/funding-tenders/opportunities/portal/screen/opportunities/topic-details/EDF-2026-DA-MATCOMP-SMT-STEP,['EDF-2026-DA-MATCOMP-SMT-STEP'],['text/plain'],,['2026-02-11T00:00:00.000+0000'],['2026-09-29T00:00:00.000+0000'],,['en'],['Smart and multifunctional textiles'],['1'],['https://ec.europa.eu/info/funding-tenders/opportunities/portal/screen/opportunities/topic-details/EDF-2026-DA-MATCOMP-SMT-STEP'],['https://ec.europa.eu/info/funding-tenders/opportunities/portal/screen/opportunities/topic-details/EDF-2026-DA-MATCOMP-SMT-STEP'],['50288311'],['SEDIA'],['50288224TOPICSen'],,['44181033'],['2026-02-11T00:00:00.000+0000'],['single-stage'],['31094502'],['EDF Development Actions'],2026-09-20 09:08:50.362431+00:00
2.155,50288164TOPICSen,https://ec.europa.eu/info/funding-tenders/opportunities/portal/screen/opportunities/topic-details/EDF-2026-DA-ENERENV-HPES-STEP,text/plain,en,SEDIA,SEDIA,High-performance energy systems,0.0,High-performance energy systems,False,[],[],High-performance energy systems. Available at: https://ec.europa.eu/info/funding-tenders/opportunities/portal/screen/opportunities/topic-details/EDF-2026-DA-ENERENV-HPES-STEP,['EDF-2026-DA-ENERENV-HPES-STEP'],['text/plain'],,['2026-02-11T00:00:00.000+0000'],['2026-09-29T00:00:00.000+0000'],,['en'],['High-performance energy systems'],['1'],['https://ec.europa.eu/info/funding-tenders/opportunities/portal/screen/opportunities/topic-details/EDF-2026-DA-ENERENV-HPES-STEP'],['https://ec.europa.eu/info/funding-tenders/opportunities/portal/screen/opportunities/topic-details/EDF-2026-DA-ENERENV-HPES-STEP'],['50288311'],['SEDIA'],['50288164TOPICSen'],,['44181033'],['2026-02-11T00:00:00.000+0000'],['single-stage'],['31094502'],['EDF Development Actions'],2026-09-20 09:08:50.362431+00:00
2.155,50288212TOPICSen,https://ec.europa.eu/info/funding-tenders/opportunities/portal/screen/opportunities/topic-details/EDF-2026-DA-AIR-STFS,text/plain,en,SEDIA,SEDIA,Smart technologies for next generation fighter systems,0.0,Smart technologies for next generation fighter systems,False,[],[],Smart technologies for next generation fighter systems. Available at: https://ec.europa.eu/info/funding-tenders/opportunities/portal/screen/opportunities/topic-details/EDF-2026-DA-AIR-STFS,['EDF-2026-DA-AIR-STFS'],['text/plain'],,['2026-02-11T00:00:00.000+0000'],['2026-09-29T00:00:00.000+0000'],,['en'],['Smart technologies for next generation fighter systems'],['1'],['https://ec.europa.eu/info/funding-tenders/opportunities/portal/screen/opportunities/topic-details/EDF-2026-DA-AIR-STFS'],['https://ec.europa.eu/info/funding-tenders/opportunities/portal/screen/opportunities/topic-details/EDF-2026-DA-AIR-STFS'],['50288311'],['SEDIA'],['50288212TOPICSen'],,['44181033'],['2026-02-11T00:00:00.000+0000'],['single-stage'],['31094502'],['EDF Development Actions'],2026-09-20 09:08:50.362431+00:00
2.155,50288237TOPICSen,https://ec.europa.eu/info/funding-tenders/opportunities/portal/screen/opportunities/topic-details/EDF-2026-LS-RA-CHALLENGE-DIGIT-AISAO,text/plain,en,SEDIA,SEDIA,"AI-based tactical situational awareness using swarms of small robots and drones – organisation of a  technological challenge""",0.0,"AI-based tactical situational awareness using swarms of small robots and drones – organisation of a  technological challenge""",False,[],[],"AI-based tactical situational awareness using swarms of small robots and drones – organisation of a  technological challenge"". Available at: https://ec.europa.eu/info/funding-tenders/opportunities/portal/screen/opportunities/topic-details/EDF-2026-LS-RA-CHALLENGE-DIGIT-AISAO",['EDF-2026-LS-RA-CHALLENGE-DIGIT-AISAO'],['text/plain'],,['2026-02-11T00:00:00.000+0000'],['2026-09-29T00:00:00.000+0000'],,['en'],"['AI-based tactical situational awareness using swarms of small robots and drones – organisation of a  technological challenge""']",['1'],['https://ec.europa.eu/info/funding-tenders/opportunities/portal/screen/opportunities/topic-details/EDF-2026-LS-RA-CHALLENGE-DIGIT-AISAO'],['https://ec.europa.eu/info/funding-tenders/opportunities/portal/screen/opportunities/topic-details/EDF-2026-LS-RA-CHALLENGE-DIGIT-AISAO'],['50288300'],['SEDIA'],['50288237TOPICSen'],,['44181033'],['2026-02-11T00:00:00.000+0000'],['single-stage'],['31094502'],['EDF Lump Sum Grants'],2026-09-20 09:08:50.362431+00:00
2.155,50288231TOPICSen,https://ec.europa.eu/info/funding-tenders/opportunities/portal/screen/opportunities/topic-details/EDF-2026-DA-NAVAL-EMSAS,text/plain,en,SEDIA,SEDIA,Enhanced medium-size semi-autonomous surface vessels,0.0,Enhanced medium-size semi-autonomous surface vessels,False,[],[],Enhanced medium-size semi-autonomous surface vessels. Available at: https://ec.europa.eu/info/funding-tenders/opportunities/portal/screen/opportunities/topic-details/EDF-2026-DA-NAVAL-EMSAS,['EDF-2026-DA-NAVAL-EMSAS'],['text/plain'],,['2026-02-11T00:00:00.000+0000'],['2026-09-29T00:00:00.000+0000'],,['en'],['Enhanced medium-size semi-autonomous surface vessels'],['1'],['https://ec.europa.eu/info/funding-tenders/opportunities/portal/screen/opportunities/topic-details/EDF-2026-DA-NAVAL-EMSAS'],['https://ec.europa.eu/info/funding-tenders/opportunities/portal/screen/opportunities/topic-details/EDF-2026-DA-NAVAL-EMSAS'],['50288311'],['SEDIA'],['50288231TOPICSen'],,['44181033'],['2026-02-11T00:00:00.000+0000'],['single-stage'],['31094502'],['EDF Development Actions'],2026-09-20 09:08:50.362431+00:00
2.155,50288178TOPICSen,https://ec.europa.eu/info/funding-tenders/opportunities/portal/screen/opportunities/topic-details/EDF-2026-LS-RA-CHALLENGE-DIGIT-AISAP-STEP,text/plain,en,SEDIA,SEDIA,"AI-based tactical situational awareness using swarms of small robots and drones – participation in a  technological challenge""",0.0,"AI-based tactical situational awareness using swarms of small robots and drones – participation in a  technological challenge""",False,[],[],"AI-based tactical situational awareness using swarms of small robots and drones – participation in a  technological challenge"". Available at: https://ec.europa.eu/info/funding-tenders/opportunities/portal/screen/opportunities/topic-details/EDF-2026-LS-RA-CHALLENGE-DIGIT-AISAP-STEP",['EDF-2026-LS-RA-CHALLENGE-DIGIT-AISAP-STEP'],['text/plain'],,['2026-02-11T00:00:00.000+0000'],['2026-09-29T00:00:00.000+0000'],,['en'],"['AI-based tactical situational awareness using swarms of small robots and drones – participation in a  technological challenge""']",['1'],['https://ec.europa.eu/info/funding-tenders/opportunities/portal/screen/opportunities/topic-details/EDF-2026-LS-RA-CHALLENGE-DIGIT-AISAP-STEP'],['https://ec.europa.eu/info/funding-tenders/opportunities/portal/screen/opportunities/topic-details/EDF-2026-LS-RA-CHALLENGE-DIGIT-AISAP-STEP'],['50288300'],['SEDIA'],['50288178TOPICSen'],,['44181033'],['2026-02-11T00:00:00.000+0000'],['single-stage'],['31094502'],['EDF Lump Sum Grants'],2026-09-20 09:08:50.362431+00:00
2.155,50379732TOPICSen,https://ec.europa.eu/info/funding-tenders/opportunities/portal/screen/opportunities/topic-details/EDF-2026-LS-DA-SME-NT,text/plain,en,SEDIA,SEDIA,Non-thematic development actions by SMEs,0.0,Non-thematic development actions by SMEs,False,[],[],Non-thematic development actions by SMEs. Available at: https://ec.europa.eu/info/funding-tenders/opportunities/portal/screen/opportunities/topic-details/EDF-2026-LS-DA-SME-NT,['EDF-2026-LS-DA-SME-NT'],['text/plain'],,['2026-02-11T00:00:00.000+0000'],['2026-09-29T00:00:00.000+0000'],,['en'],['Non-thematic development actions by SMEs'],['1'],['https://ec.europa.eu/info/funding-tenders/opportunities/portal/screen/opportunities/topic-details/EDF-2026-LS-DA-SME-NT'],['https://ec.europa.eu/info/funding-tenders/opportunities/portal/screen/opportunities/topic-details/EDF-2026-LS-DA-SME-NT'],['50379742'],['SEDIA'],['50379732TOPICSen'],,['44181033'],['2026-02-11T00:00:00.000+0000'],['single-stage'],['31094502'],['EDF Lump Sum Grants'],2026-09-20 09:08:50.362431+00:00
2.155,50288144TOPICSen,https://ec.europa.eu/info/funding-tenders/opportunities/portal/screen/opportunities/topic-details/EDF-2026-LS-DA-DIS-OTHR,text/plain,en,SEDIA,SEDIA,New abilities in over-the-horizon sensing,0.0,New abilities in over-the-horizon sensing,False,[],[],New abilities in over-the-horizon sensing. Available at: https://ec.europa.eu/info/funding-tenders/opportunities/portal/screen/opportunities/topic-details/EDF-2026-LS-DA-DIS-OTHR,['EDF-2026-LS-DA-DIS-OTHR'],['text/plain'],,['2026-02-11T00:00:00.000+0000'],['2026-09-29T00:00:00.000+0000'],,['en'],['New abilities in over-the-horizon sensing'],['1'],['https://ec.europa.eu/info/funding-tenders/opportunities/portal/screen/opportunities/topic-details/EDF-2026-LS-DA-DIS-OTHR'],['https://ec.europa.eu/info/funding-tenders/opportunities/portal/screen/opportunities/topic-details/EDF-2026-LS-DA-DIS-OTHR'],['50288332'],['SEDIA'],['50288144TOPICSen'],,['44181033'],['2026-02-11T00:00:00.000+0000'],['single-stage'],['31094502'],['EDF Lump Sum Grants'],2026-09-20 09:08:50.362431+00:00
2.155,12902COMPETITIVE_CALLen,https://ec.europa.eu/info/funding-tenders/opportunities/portal/screen/opportunities/competitive-calls-cs/46813062,text/plain,en,SEDIA,SEDIA,Phortify Internship (Traineeship) Grants - Pilot Call,0.0,Phortify Internship (Traineeship) Grants - Pilot Call,False,[],[],Specialised Education Programmes in Key Capacity Areas. Available at: https://ec.europa.eu/info/funding-tenders/opportunities/portal/screen/opportunities/competitive-calls-cs/46813062,['DIGITAL-2024-ADVANCED-DIGITAL-07-KEYCAPACITY'],['text/plain'],['Phortify Internship (Traineeship) Grants - Pilot Call'],['2026-02-04T00:00:00.000+0000'],['2027-02-03T23:59:00.000+0000'],"['<p><strong>About Phortify</strong></p><p>Phortify - Photonics Education Network for Next-Gen Innovation and Digital Skills Excellence for Industry and Society - is dedicated to the Enhancement and Harmonisation of Photonics education and training across Europe. Phortify offers a two-year European Master’s in Photonics Engineering, combining advanced coursework, hands-on laboratory training, and cutting-edge digital skills development, structured mobility windows and industry placements. Students who complete the Phortify track receive an official Phortify Certificate in addition to their Master’s degree. Students can enrol in a Phortify-related master programme at any of the 7 participating universities. In addition, Phortify provides stand-alone modules with harmonised standards for quality assurance and certification, offering high flexibility and mobility for both students and industry professionals. Finally, Phortify organises mentoring programmes for women postdocs and early PIs as well as one-day immersive experience events for prospective students, providing a unique opportunity to explore photonics and its applications.</p><p><strong>About the Phortify Funding Framework</strong></p><p>Phortify’s Funding Framework aims to widen participation in photonics by supporting students and staff who are traditionally underrepresented in STEM. This includes women and gender minorities, students from low-income or socio-economically disadvantaged backgrounds, first-generation university students, and learners with disabilities or specific support needs. The programme also encourages participation from regions with limited access to advanced higher education, as well as those belonging to cultural or minority groups that may be underrepresented in higher education. By addressing these dimensions of diversity, Phortify helps ensure a more inclusive and equitable community of future photonics professionals. Participants selected for Phortify funding receive financial support for studies and mobility pathways within the participating master programmes, or for mentoring programmes and STEM experience workshops organised by one of the Phortify partners.</p>']",['en'],['Specialised Education Programmes in Key Capacity Areas'],['8'],['https://ec.europa.eu/info/funding-tenders/opportunities/portal/screen/opportunities/competitive-calls-cs/46813062'],['https://ec.europa.eu/info/funding-tenders/opportunities/portal/screen/opportunities/competitive-calls-cs/46813062'],['12902'],['SEDIA'],['12902COMPETITIVE_CALLen'],['PHORTIFY'],['43152860'],['2026-02-04T00:00:00.000+0000'],['single-stage'],['31094502'],,2026-09-20 09:08:50.362431+00:00
2.155,12904COMPETITIVE_CALLen,https://ec.europa.eu/info/funding-tenders/opportunities/portal/screen/opportunities/competitive-calls-cs/46813062,text/plain,en,SEDIA,SEDIA,Phortify Mobility Grants - Pilot Call,0.0,Phortify Mobility Grants - Pilot Call,False,[],[],Specialised Education Programmes in Key Capacity Areas. Available at: https://ec.europa.eu/info/funding-tenders/opportunities/portal/screen/opportunities/competitive-calls-cs/46813062,['DIGITAL-2024-ADVANCED-DIGITAL-07-KEYCAPACITY'],['text/plain'],['Phortify Mobility Grants - Pilot Call'],['2026-02-04T00:00:00.000+0000'],['2027-02-03T23:59:00.000+0000'],"['<p><strong>About Phortify</strong></p><p>Phortify - Photonics Education Network for Next-Gen Innovation and Digital Skills Excellence for Industry and Society - is dedicated to the Enhancement and Harmonisation of Photonics education and training across Europe. Phortify offers a two-year European Master’s in Photonics Engineering, combining advanced coursework, hands-on laboratory training, and cutting-edge digital skills development, structured mobility windows and industry placements. Students who complete the Phortify track receive an official Phortify Certificate in addition to their Master’s degree. Students can enrol in a Phortify-related master programme at any of the 7 participating universities. In addition, Phortify provides stand-alone modules with harmonised standards for quality assurance and certification, offering high flexibility and mobility for both students and industry professionals. Finally, Phortify organises mentoring programmes for women postdocs and early PIs as well as one-day immersive experience events for prospective students, providing a unique opportunity to explore photonics and its applications.</p><p><strong>About the Phortify Funding Framework</strong></p><p>Phortify’s Funding Framework aims to widen participation in photonics by supporting students and staff who are traditionally underrepresented in STEM. This includes women and gender minorities, students from low-income or socio-economically disadvantaged backgrounds, first-generation university students, and learners with disabilities or specific support needs. The programme also encourages participation from regions with limited access to advanced higher education, as well as those belonging to cultural or minority groups that may be underrepresented in higher education. By addressing these dimensions of diversity, Phortify helps ensure a more inclusive and equitable community of future photonics professionals. Participants selected for Phortify funding receive financial support for studies and mobility pathways within the participating master programmes, or for mentoring programmes and STEM experience workshops organised by one of the Phortify partners.</p>']",['en'],['Specialised Education Programmes in Key Capacity Areas'],['8'],['https://ec.europa.eu/info/funding-tenders/opportunities/portal/screen/opportunities/competitive-calls-cs/46813062'],['https://ec.europa.eu/info/funding-tenders/opportunities/portal/screen/opportunities/competitive-calls-cs/46813062'],['12904'],['SEDIA'],['12904COMPETITIVE_CALLen'],['PHORTIFY'],['43152860'],['2026-02-04T00:00:00.000+0000'],['single-stage'],['31094502'],,2026-09-20 09:08:50.362431+00:00
2.155,12905COMPETITIVE_CALLen,https://ec.europa.eu/info/funding-tenders/opportunities/portal/screen/opportunities/competitive-calls-cs/46813062,text/plain,en,SEDIA,SEDIA,Phortify Grants for Master Thesis Project - Pilot Call,0.0,Phortify Grants for Master Thesis Project - Pilot Call,False,[],[],Specialised Education Programmes in Key Capacity Areas. Available at: https://ec.europa.eu/info/funding-tenders/opportunities/portal/screen/opportunities/competitive-calls-cs/46813062,['DIGITAL-2024-ADVANCED-DIGITAL-07-KEYCAPACITY'],['text/plain'],['Phortify Grants for Master Thesis Project - Pilot Call'],['2026-02-04T00:00:00.000+0000'],['2027-02-03T23:59:00.000+0000'],"['<p><strong>About Phortify</strong></p><p>Phortify - Photonics Education Network for Next-Gen Innovation and Digital Skills Excellence for Industry and Society - is dedicated to the Enhancement and Harmonisation of Photonics education and training across Europe. Phortify offers a two-year European Master’s in Photonics Engineering, combining advanced coursework, hands-on laboratory training, and cutting-edge digital skills development, structured mobility windows and industry placements. Students who complete the Phortify track receive an official Phortify Certificate in addition to their Master’s degree. Students can enrol in a Phortify-related master programme at any of the 7 participating universities. In addition, Phortify provides stand-alone modules with harmonised standards for quality assurance and certification, offering high flexibility and mobility for both students and industry professionals. Finally, Phortify organises mentoring programmes for women postdocs and early PIs as well as one-day immersive experience events for prospective students, providing a unique opportunity to explore photonics and its applications.</p><p><strong>About the Phortify Funding Framework</strong></p><p>Phortify’s Funding Framework aims to widen participation in photonics by supporting students and staff who are traditionally underrepresented in STEM. This includes women and gender minorities, students from low-income or socio-economically disadvantaged backgrounds, first-generation university students, and learners with disabilities or specific support needs. The programme also encourages participation from regions with limited access to advanced higher education, as well as those belonging to cultural or minority groups that may be underrepresented in higher education. By addressing these dimensions of diversity, Phortify helps ensure a more inclusive and equitable community of future photonics professionals. Participants selected for Phortify funding receive financial support for studies and mobility pathways within the participating master programmes, or for mentoring programmes and STEM experience workshops organised by one of the Phortify partners.</p>']",['en'],['Specialised Education Programmes in Key Capacity Areas'],['8'],['https://ec.europa.eu/info/funding-tenders/opportunities/portal/screen/opportunities/competitive-calls-cs/46813062'],['https://ec.europa.eu/info/funding-tenders/opportunities/portal/screen/opportunities/competitive-calls-cs/46813062'],['12905'],['SEDIA'],['12905COMPETITIVE_CALLen'],['PHORTIFY'],['43152860'],['2026-02-04T00:00:00.000+0000'],['single-stage'],['31094502'],,2026-09-20 09:08:50.362431+00:00
2.155,50135547TOPICSen,https://ec.europa.eu/info/funding-tenders/opportunities/portal/screen/opportunities/topic-details/HORIZON-MISS-2026-04-CIT-02,text/plain,en,SEDIA,SEDIA,Transition to low-temperature heating solutions in multi-apartment buildings,0.0,Transition to low-temperature heating solutions in multi-apartment buildings,False,[],[],Transition to low-temperature heating solutions in multi-apartment buildings. Available at: https://ec.europa.eu/info/funding-tenders/opportunities/portal/screen/opportunities/topic-details/HORIZON-MISS-2026-04-CIT-02,['HORIZON-MISS-2026-04-CIT-02'],['text/plain'],,['2026-02-04T00:00:00.000+0000'],['2026-10-08T00:00:00.000+0000'],,['en'],['Transition to low-temperature heating solutions in multi-apartment buildings'],['1'],['https://ec.europa.eu/info/funding-tenders/opportunities/portal/screen/opportunities/topic-details/HORIZON-MISS-2026-04-CIT-02'],['https://ec.europa.eu/info/funding-tenders/opportunities/portal/screen/opportunities/topic-details/HORIZON-MISS-2026-04-CIT-02'],['50136542'],['SEDIA'],['50135547TOPICSen'],,['43108390'],['2026-02-04T00:00:00.000+0000'],['single-stage'],['31094502'],['HORIZON Innovation Actions'],2026-09-20 09:08:50.362431+00:00
2.155,50135633TOPICSen,https://ec.europa.eu/info/funding-tenders/opportunities/portal/screen/opportunities/topic-details/HORIZON-MISS-2026-05-SOIL-02,text/plain,en,SEDIA,SEDIA,Antimicrobial resistance and antibiotic biosynthesis in soils: developing key understanding and counteractive strategies using a One-Health approach,0.0,Antimicrobial resistance and antibiotic biosynthesis in soils: developing key understanding and counteractive strategies using a One-Health approach,False,[],[],Antimicrobial resistance and antibiotic biosynthesis in soils: developing key understanding and counteractive strategies using a One-Health approach. Available at: https://ec.europa.eu/info/funding-tenders/opportunities/portal/screen/opportunities/topic-details/HORIZON-MISS-2026-05-SOIL-02,['HORIZON-MISS-2026-05-SOIL-02'],['text/plain'],,['2026-02-04T00:00:00.000+0000'],['2026-09-23T00:00:00.000+0000'],,['en'],['Antimicrobial resistance and antibiotic biosynthesis in soils: developing key understanding and counteractive strategies using a One-Health approach'],['1'],['https://ec.europa.eu/info/funding-tenders/opportunities/portal/screen/opportunities/topic-details/HORIZON-MISS-2026-05-SOIL-02'],['https://ec.europa.eu/info/funding-tenders/opportunities/portal/screen/opportunities/topic-details/HORIZON-MISS-2026-05-SOIL-02'],['50136584'],['SEDIA'],['50135633TOPICSen'],,['43108390'],['2026-02-04T00:00:00.000+0000'],['single-stage'],['31094502'],['HORIZON  Research and Innovation Actions'],2026-09-20 09:08:50.362431+00:00
2.155,50136068TOPICSen,https://ec.europa.eu/info/funding-tenders/opportunities/portal/screen/opportunities/topic-details/HORIZON-MISS-2026-05-SOIL-01,text/plain,en,SEDIA,SEDIA,"Monitoring soil health in practice: equipping stakeholders to sample, analyse, and interpret soil health indicators",0.0,"Monitoring soil health in practice: equipping stakeholders to sample, analyse, and interpret soil health indicators",False,[],[],"Monitoring soil health in practice: equipping stakeholders to sample, analyse, and interpret soil health indicators. Available at: https://ec.europa.eu/info/funding-tenders/opportunities/portal/screen/opportunities/topic-details/HORIZON-MISS-2026-05-SOIL-01",['HORIZON-MISS-2026-05-SOIL-01'],['text/plain'],,['2026-02-04T00:00:00.000+0000'],['2026-09-23T00:00:00.000+0000'],,['en'],"['Monitoring soil health in practice: equipping stakeholders to sample, analyse, and interpret soil health indicators']",['1'],['https://ec.europa.eu/info/funding-tenders/opportunities/portal/screen/opportunities/topic-details/HORIZON-MISS-2026-05-SOIL-01'],['https://ec.europa.eu/info/funding-tenders/opportunities/portal/screen/opportunities/topic-details/HORIZON-MISS-2026-05-SOIL-01'],['50136584'],['SEDIA'],['50136068TOPICSen'],,['43108390'],['2026-02-04T00:00:00.000+0000'],['single-stage'],['31094502'],['HORIZON Coordination and Support Actions'],2026-09-20 09:08:50.362431+00:00
2.155,50136371TOPICSen,https://ec.europa.eu/info/funding-tenders/opportunities/portal/screen/opportunities/topic-details/HORIZON-MISS-2026-06-CLIMA-SOIL,text/plain,en,SEDIA,SEDIA,Joint demonstration of solutions to build soil resilience to extreme weather events and support food security,0.0,Joint demonstration of solutions to build soil resilience to extreme weather events and support food security,False,[],[],Joint demonstration of solutions to build soil resilience to extreme weather events and support food security . Available at: https://ec.europa.eu/info/funding-tenders/opportunities/portal/screen/opportunities/topic-details/HORIZON-MISS-2026-06-CLIMA-SOIL,['HORIZON-MISS-2026-06-CLIMA-SOIL'],['text/plain'],,['2026-02-04T00:00:00.000+0000'],['2026-09-23T00:00:00.000+0000'],,['en'],['Joint demonstration of solutions to build soil resilience to extreme weather events and support food security\xa0'],['1'],['https://ec.europa.eu/info/funding-tenders/opportunities/portal/screen/opportunities/topic-details/HORIZON-MISS-2026-06-CLIMA-SOIL'],['https://ec.europa.eu/info/funding-tenders/opportunities/portal/screen/opportunities/topic-details/HORIZON-MISS-2026-06-CLIMA-SOIL'],['50311553'],['SEDIA'],['50136371TOPICSen'],,['43108390'],['2026-02-04T00:00:00.000+0000'],['single-stage'],['31094502'],['HORIZON Innovation Actions'],2026-09-20 09:08:50.362431+00:00
2.155,50135881TOPICSen,https://ec.europa.eu/info/funding-tenders/opportunities/portal/screen/opportunities/topic-details/HORIZON-MISS-2026-04-CIT-NEB-B4P-CCRI-03,text/plain,en,SEDIA,SEDIA,"Introducing circular economy models in the construction sector, from buildings to city scale",0.0,"Introducing circular economy models in the construction sector, from buildings to city scale",False,[],[],"Introducing circular economy models in the construction sector, from buildings to city scale. Available at: https://ec.europa.eu/info/funding-tenders/opportunities/portal/screen/opportunities/topic-details/HORIZON-MISS-2026-04-CIT-NEB-B4P-CCRI-03",['HORIZON-MISS-2026-04-CIT-NEB-B4P-CCRI-03'],['text/plain'],,['2026-02-04T00:00:00.000+0000'],['2026-10-08T00:00:00.000+0000'],,['en'],"['Introducing circular economy models in the construction sector, from buildings to city scale']",['1'],['https://ec.europa.eu/info/funding-tenders/opportunities/portal/screen/opportunities/topic-details/HORIZON-MISS-2026-04-CIT-NEB-B4P-CCRI-03'],['https://ec.europa.eu/info/funding-tenders/opportunities/portal/screen/opportunities/topic-details/HORIZON-MISS-2026-04-CIT-NEB-B4P-CCRI-03'],['50136542'],['SEDIA'],['50135881TOPICSen'],,['43108390'],['2026-02-04T00:00:00.000+0000'],['single-stage'],['31094502'],['HORIZON Innovation Actions'],2026-09-20 09:08:50.362431+00:00
2.155,50135603TOPICSen,https://ec.europa.eu/info/funding-tenders/opportunities/portal/screen/opportunities/topic-details/HORIZON-MISS-2026-04-CIT-01,text/plain,en,SEDIA,SEDIA,"Energy efficient urban and sub-urban public transport, complemented by shared mobility",0.0,"Energy efficient urban and sub-urban public transport, complemented by shared mobility",False,[],[],"Energy efficient urban and sub-urban public transport, complemented by shared mobility. Available at: https://ec.europa.eu/info/funding-tenders/opportunities/portal/screen/opportunities/topic-details/HORIZON-MISS-2026-04-CIT-01",['HORIZON-MISS-2026-04-CIT-01'],['text/plain'],,['2026-02-04T00:00:00.000+0000'],['2026-10-08T00:00:00.000+0000'],,['en'],"['Energy efficient urban and sub-urban public transport, complemented by shared mobility']",['1'],['https://ec.europa.eu/info/funding-tenders/opportunities/portal/screen/opportunities/topic-details/HORIZON-MISS-2026-04-CIT-01'],['https://ec.europa.eu/info/funding-tenders/opportunities/portal/screen/opportunities/topic-details/HORIZON-MISS-2026-04-CIT-01'],['50136542'],['SEDIA'],['50135603TOPICSen'],,['43108390'],['2026-02-04T00:00:00.000+0000'],['single-stage'],['31094502'],['HORIZON Innovation Actions'],2026-09-20 09:08:50.362431+00:00
2.155,50135659TOPICSen,https://ec.europa.eu/info/funding-tenders/opportunities/portal/screen/opportunities/topic-details/HORIZON-MISS-2026-05-SOIL-03,text/plain,en,SEDIA,SEDIA,Enabling user-centred and open innovation initiatives to enhance soil health in Ukraine,0.0,Enabling user-centred and open innovation initiatives to enhance soil health in Ukraine,False,[],[],Enabling user-centred and open innovation initiatives to enhance soil health in Ukraine. Available at: https://ec.europa.eu/info/funding-tenders/opportunities/portal/screen/opportunities/topic-details/HORIZON-MISS-2026-05-SOIL-03,['HORIZON-MISS-2026-05-SOIL-03'],['text/plain'],,['2026-02-04T00:00:00.000+0000'],['2026-09-23T00:00:00.000+0000'],,['en'],['Enabling user-centred and open innovation initiatives to enhance soil health in Ukraine'],['1'],['https://ec.europa.eu/info/funding-tenders/opportunities/portal/screen/opportunities/topic-details/HORIZON-MISS-2026-05-SOIL-03'],['https://ec.europa.eu/info/funding-tenders/opportunities/portal/screen/opportunities/topic-details/HORIZON-MISS-2026-05-SOIL-03'],['50136584'],['SEDIA'],['50135659TOPICSen'],,['43108390'],['2026-02-04T00:00:00.000+0000'],['single-stage'],['31094502'],['HORIZON Coordination and Support Actions'],2026-09-20 09:08:50.362431+00:00
2.155,50135746TOPICSen,https://ec.europa.eu/info/funding-tenders/opportunities/portal/screen/opportunities/topic-details/HORIZON-MISS-2026-05-SOIL-04,text/plain,en,SEDIA,SEDIA,Leveraging long-term field experiments and other datasets to develop AI-ready decision support systems for sustainable soil management,0.0,Leveraging long-term field experiments and other datasets to develop AI-ready decision support systems for sustainable soil management,False,[],[],Leveraging long-term field experiments and other datasets to develop AI-ready decision support systems for sustainable soil management. Available at: https://ec.europa.eu/info/funding-tenders/opportunities/portal/screen/opportunities/topic-details/HORIZON-MISS-2026-05-SOIL-04,['HORIZON-MISS-2026-05-SOIL-04'],['text/plain'],,['2026-02-04T00:00:00.000+0000'],['2026-09-23T00:00:00.000+0000'],,['en'],['Leveraging long-term field experiments and other datasets to develop AI-ready decision support systems for sustainable soil management'],['1'],['https://ec.europa.eu/info/funding-tenders/opportunities/portal/screen/opportunities/topic-details/HORIZON-MISS-2026-05-SOIL-04'],['https://ec.europa.eu/info/funding-tenders/opportunities/portal/screen/opportunities/topic-details/HORIZON-MISS-2026-05-SOIL-04'],['50136584'],['SEDIA'],['50135746TOPICSen'],,['43108390'],['2026-02-04T00:00:00.000+0000'],['single-stage'],['31094502'],['HORIZON Innovation Actions'],2026-09-20 09:08:50.362431+00:00
2.155,50136149TOPICSen,https://ec.europa.eu/info/funding-tenders/opportunities/portal/screen/opportunities/topic-details/HORIZON-MISS-2026-03-OCEAN-05,text/plain,en,SEDIA,SEDIA,Regional  (sea-basins) components of the EU Digital Twin Ocean,0.0,Regional  (sea-basins) components of the EU Digital Twin Ocean,False,[],[],Regional  (sea-basins) components of the EU Digital Twin Ocean. Available at: https://ec.europa.eu/info/funding-tenders/opportunities/portal/screen/opportunities/topic-details/HORIZON-MISS-2026-03-OCEAN-05,['HORIZON-MISS-2026-03-OCEAN-05'],['text/plain'],,['2026-02-04T00:00:00.000+0000'],['2026-09-23T00:00:00.000+0000'],,['en'],['Regional  (sea-basins) components of the EU Digital Twin Ocean'],['1'],['https://ec.europa.eu/info/funding-tenders/opportunities/portal/screen/opportunities/topic-details/HORIZON-MISS-2026-03-OCEAN-05'],['https://ec.europa.eu/info/funding-tenders/opportunities/portal/screen/opportunities/topic-details/HORIZON-MISS-2026-03-OCEAN-05'],['50136495'],['SEDIA'],['50136149TOPICSen'],,['43108390'],['2026-02-04T00:00:00.000+0000'],['single-stage'],['31094502'],['HORIZON Innovation Actions'],2026-09-20 09:08:50.362431+00:00
2.155,50136030TOPICSen,https://ec.europa.eu/info/funding-tenders/opportunities/portal/screen/opportunities/topic-details/HORIZON-MISS-2026-03-OCEAN-01,text/plain,en,SEDIA,SEDIA,Large-scale demonstration for mapping the distribution and condition of marine habitats to implement the Nature Restoration Regulation,0.0,Large-scale demonstration for mapping the distribution and condition of marine habitats to implement the Nature Restoration Regulation,False,[],[],Large-scale demonstration for mapping the distribution and condition of marine habitats to implement the Nature Restoration Regulation. Available at: https://ec.europa.eu/info/funding-tenders/opportunities/portal/screen/opportunities/topic-details/HORIZON-MISS-2026-03-OCEAN-01,['HORIZON-MISS-2026-03-OCEAN-01'],['text/plain'],,['2026-02-04T00:00:00.000+0000'],['2026-09-23T00:00:00.000+0000'],,['en'],['Large-scale demonstration for mapping the distribution and condition of marine habitats to implement the Nature Restoration Regulation'],['1'],['https://ec.europa.eu/info/funding-tenders/opportunities/portal/screen/opportunities/topic-details/HORIZON-MISS-2026-03-OCEAN-01'],['https://ec.europa.eu/info/funding-tenders/opportunities/portal/screen/opportunities/topic-details/HORIZON-MISS-2026-03-OCEAN-01'],['50136495'],['SEDIA'],['50136030TOPICSen'],,['43108390'],['2026-02-04T00:00:00.000+0000'],['single-stage'],['31094502'],['HORIZON Innovation Actions'],2026-09-20 09:08:50.362431+00:00
2.155,50136209TOPICSen,https://ec.europa.eu/info/funding-tenders/opportunities/portal/screen/opportunities/topic-details/HORIZON-MISS-2026-03-OCEAN-03,text/plain,en,SEDIA,SEDIA,"By fishers, for fishers: co-management of marine and freshwaters ecosystems and resources",0.0,"By fishers, for fishers: co-management of marine and freshwaters ecosystems and resources",False,[],[],"By fishers, for fishers: co-management of marine and freshwaters ecosystems and resources. Available at: https://ec.europa.eu/info/funding-tenders/opportunities/portal/screen/opportunities/topic-details/HORIZON-MISS-2026-03-OCEAN-03",['HORIZON-MISS-2026-03-OCEAN-03'],['text/plain'],,['2026-02-04T00:00:00.000+0000'],['2026-09-23T00:00:00.000+0000'],,['en'],"['By fishers, for fishers: co-management of marine and freshwaters ecosystems and resources']",['1'],['https://ec.europa.eu/info/funding-tenders/opportunities/portal/screen/opportunities/topic-details/HORIZON-MISS-2026-03-OCEAN-03'],['https://ec.europa.eu/info/funding-tenders/opportunities/portal/screen/opportunities/topic-details/HORIZON-MISS-2026-03-OCEAN-03'],['50136495'],['SEDIA'],['50136209TOPICSen'],,['43108390'],['2026-02-04T00:00:00.000+0000'],['single-stage'],['31094502'],['HORIZON Innovation Actions'],2026-09-20 09:08:50.362431+00:00
2.155,50136176TOPICSen,https://ec.europa.eu/info/funding-tenders/opportunities/portal/screen/opportunities/topic-details/HORIZON-MISS-2026-03-OCEAN-04,text/plain,en,SEDIA,SEDIA,Towards a European network of ocean technology testing sites,0.0,Towards a European network of ocean technology testing sites,False,[],[],Towards a European network of ocean technology testing sites. Available at: https://ec.europa.eu/info/funding-tenders/opportunities/portal/screen/opportunities/topic-details/HORIZON-MISS-2026-03-OCEAN-04,['HORIZON-MISS-2026-03-OCEAN-04'],['text/plain'],,['2026-02-04T00:00:00.000+0000'],['2026-09-23T00:00:00.000+0000'],,['en'],['Towards a European network of ocean technology testing sites'],['1'],['https://ec.europa.eu/info/funding-tenders/opportunities/portal/screen/opportunities/topic-details/HORIZON-MISS-2026-03-OCEAN-04'],['https://ec.europa.eu/info/funding-tenders/opportunities/portal/screen/opportunities/topic-details/HORIZON-MISS-2026-03-OCEAN-04'],['50136495'],['SEDIA'],['50136176TOPICSen'],,['43108390'],['2026-02-04T00:00:00.000+0000'],['single-stage'],['31094502'],['HORIZON Coordination and Support Actions'],2026-09-20 09:08:50.362431+00:00
2.155,50135983TOPICSen,https://ec.europa.eu/info/funding-tenders/opportunities/portal/screen/opportunities/topic-details/HORIZON-MISS-2026-03-OCEAN-02,text/plain,en,SEDIA,SEDIA,Addressing aquatic pollution and biodiversity loss through nature positive solutions from source to sea,0.0,Addressing aquatic pollution and biodiversity loss through nature positive solutions from source to sea,False,[],[],Addressing aquatic pollution and biodiversity loss through nature positive solutions from source to sea. Available at: https://ec.europa.eu/info/funding-tenders/opportunities/portal/screen/opportunities/topic-details/HORIZON-MISS-2026-03-OCEAN-02,['HORIZON-MISS-2026-03-OCEAN-02'],['text/plain'],,['2026-02-04T00:00:00.000+0000'],['2026-09-23T00:00:00.000+0000'],,['en'],['Addressing aquatic pollution and biodiversity loss through nature positive solutions from source to sea'],['1'],['https://ec.europa.eu/info/funding-tenders/opportunities/portal/screen/opportunities/topic-details/HORIZON-MISS-2026-03-OCEAN-02'],['https://ec.europa.eu/info/funding-tenders/opportunities/portal/screen/opportunities/topic-details/HORIZON-MISS-2026-03-OCEAN-02'],['50136495'],['SEDIA'],['50135983TOPICSen'],,['43108390'],['2026-02-04T00:00:00.000+0000'],['single-stage'],['31094502'],['HORIZON Innovation Actions'],2026-09-20 09:08:50.362431+00:00
2.155,50135827TOPICSen,https://ec.europa.eu/info/funding-tenders/opportunities/portal/screen/opportunities/topic-details/HORIZON-MISS-2026-01-CLIMA-07,text/plain,en,SEDIA,SEDIA,Supporting financing of local adaptation actions with combination of public funding and private financing,0.0,Supporting financing of local adaptation actions with combination of public funding and private financing,False,[],[],Supporting financing of local adaptation actions with combination of public funding and private financing. Available at: https://ec.europa.eu/info/funding-tenders/opportunities/portal/screen/opportunities/topic-details/HORIZON-MISS-2026-01-CLIMA-07,['HORIZON-MISS-2026-01-CLIMA-07'],['text/plain'],,['2026-02-04T00:00:00.000+0000'],['2026-09-23T00:00:00.000+0000'],,['en'],['Supporting financing of local adaptation actions with combination of public funding and private financing'],['1'],['https://ec.europa.eu/info/funding-tenders/opportunities/portal/screen/opportunities/topic-details/HORIZON-MISS-2026-01-CLIMA-07'],['https://ec.europa.eu/info/funding-tenders/opportunities/portal/screen/opportunities/topic-details/HORIZON-MISS-2026-01-CLIMA-07'],['50136449'],['SEDIA'],['50135827TOPICSen'],,['43108390'],['2026-02-04T00:00:00.000+0000'],['single-stage'],['31094502'],['HORIZON Coordination and Support Actions'],2026-09-20 09:08:50.362431+00:00
2.155,50135802TOPICSen,https://ec.europa.eu/info/funding-tenders/opportunities/portal/screen/opportunities/topic-details/HORIZON-MISS-2026-01-CLIMA-05,text/plain,en,SEDIA,SEDIA,Demonstrating solutions to protect and preserve cultural heritage from the impacts of climate change,0.0,Demonstrating solutions to protect and preserve cultural heritage from the impacts of climate change,False,[],[],Demonstrating solutions to protect and preserve cultural heritage from the impacts of climate change. Available at: https://ec.europa.eu/info/funding-tenders/opportunities/portal/screen/opportunities/topic-details/HORIZON-MISS-2026-01-CLIMA-05,['HORIZON-MISS-2026-01-CLIMA-05'],['text/plain'],,['2026-02-04T00:00:00.000+0000'],['2026-09-23T00:00:00.000+0000'],,['en'],['Demonstrating solutions to protect and preserve cultural heritage from the impacts of climate change'],['1'],['https://ec.europa.eu/info/funding-tenders/opportunities/portal/screen/opportunities/topic-details/HORIZON-MISS-2026-01-CLIMA-05'],['https://ec.europa.eu/info/funding-tenders/opportunities/portal/screen/opportunities/topic-details/HORIZON-MISS-2026-01-CLIMA-05'],['50136449'],['SEDIA'],['50135802TOPICSen'],,['43108390'],['2026-02-04T00:00:00.000+0000'],['single-stage'],['31094502'],['HORIZON Innovation Actions'],2026-09-20 09:08:50.362431+00:00
2.155,50136248TOPICSen,https://ec.europa.eu/info/funding-tenders/opportunities/portal/screen/opportunities/topic-details/HORIZON-MISS-2026-01-CLIMA-02,text/plain,en,SEDIA,SEDIA,Facilitating implementation of actionable solutions for climate adaptation of regions and local authorities,0.0,Facilitating implementation of actionable solutions for climate adaptation of regions and local authorities,False,[],[],Facilitating implementation of actionable solutions for climate adaptation of regions and local authorities. Available at: https://ec.europa.eu/info/funding-tenders/opportunities/portal/screen/opportunities/topic-details/HORIZON-MISS-2026-01-CLIMA-02,['HORIZON-MISS-2026-01-CLIMA-02'],['text/plain'],,['2026-02-04T00:00:00.000+0000'],['2026-09-23T00:00:00.000+0000'],,['en'],['Facilitating implementation of actionable solutions for climate adaptation of regions and local authorities'],['1'],['https://ec.europa.eu/info/funding-tenders/opportunities/portal/screen/opportunities/topic-details/HORIZON-MISS-2026-01-CLIMA-02'],['https://ec.europa.eu/info/funding-tenders/opportunities/portal/screen/opportunities/topic-details/HORIZON-MISS-2026-01-CLIMA-02'],['50136449'],['SEDIA'],['50136248TOPICSen'],,['43108390'],['2026-02-04T00:00:00.000+0000'],['single-stage'],['31094502'],['HORIZON Coordination and Support Actions'],2026-09-20 09:08:50.362431+00:00
2.155,50136346TOPICSen,https://ec.europa.eu/info/funding-tenders/opportunities/portal/screen/opportunities/topic-details/HORIZON-MISS-2026-01-CLIMA-06,text/plain,en,SEDIA,SEDIA,"Improving climate resilience of navigable inland waterways, their surroundings and related water infrastructure",0.0,"Improving climate resilience of navigable inland waterways, their surroundings and related water infrastructure",False,[],[],"Improving climate resilience of navigable inland waterways, their surroundings and related water infrastructure. Available at: https://ec.europa.eu/info/funding-tenders/opportunities/portal/screen/opportunities/topic-details/HORIZON-MISS-2026-01-CLIMA-06",['HORIZON-MISS-2026-01-CLIMA-06'],['text/plain'],,['2026-02-04T00:00:00.000+0000'],['2026-09-23T00:00:00.000+0000'],,['en'],"['Improving climate resilience of navigable inland waterways, their surroundings and related water infrastructure']",['1'],['https://ec.europa.eu/info/funding-tenders/opportunities/portal/screen/opportunities/topic-details/HORIZON-MISS-2026-01-CLIMA-06'],['https://ec.europa.eu/info/funding-tenders/opportunities/portal/screen/opportunities/topic-details/HORIZON-MISS-2026-01-CLIMA-06'],['50136449'],['SEDIA'],['50136346TOPICSen'],,['43108390'],['2026-02-04T00:00:00.000+0000'],['single-stage'],['31094502'],['HORIZON  Research and Innovation Actions'],2026-09-20 09:08:50.362431+00:00
2.155,50135778TOPICSen,https://ec.europa.eu/info/funding-tenders/opportunities/portal/screen/opportunities/topic-details/HORIZON-MISS-2026-01-CLIMA-04,text/plain,en,SEDIA,SEDIA,Bridging the gap between disaster risk management and climate adaptation,0.0,Bridging the gap between disaster risk management and climate adaptation,False,[],[],Bridging the gap between disaster risk management and climate adaptation. Available at: https://ec.europa.eu/info/funding-tenders/opportunities/portal/screen/opportunities/topic-details/HORIZON-MISS-2026-01-CLIMA-04,['HORIZON-MISS-2026-01-CLIMA-04'],['text/plain'],,['2026-02-04T00:00:00.000+0000'],['2026-09-23T00:00:00.000+0000'],,['en'],['Bridging the gap between disaster risk management and climate adaptation'],['1'],['https://ec.europa.eu/info/funding-tenders/opportunities/portal/screen/opportunities/topic-details/HORIZON-MISS-2026-01-CLIMA-04'],['https://ec.europa.eu/info/funding-tenders/opportunities/portal/screen/opportunities/topic-details/HORIZON-MISS-2026-01-CLIMA-04'],['50136449'],['SEDIA'],['50135778TOPICSen'],,['43108390'],['2026-02-04T00:00:00.000+0000'],['single-stage'],['31094502'],['HORIZON Coordination and Support Actions'],2026-09-20 09:08:50.362431+00:00
2.155,50136273TOPICSen,https://ec.europa.eu/info/funding-tenders/opportunities/portal/screen/opportunities/topic-details/HORIZON-MISS-2026-01-CLIMA-03,text/plain,en,SEDIA,SEDIA,Standardising and supporting climate services for  climate adaptation,0.0,Standardising and supporting climate services for  climate adaptation,False,[],[],Standardising and supporting climate services for  climate adaptation. Available at: https://ec.europa.eu/info/funding-tenders/opportunities/portal/screen/opportunities/topic-details/HORIZON-MISS-2026-01-CLIMA-03,['HORIZON-MISS-2026-01-CLIMA-03'],['text/plain'],,['2026-02-04T00:00:00.000+0000'],['2026-09-23T00:00:00.000+0000'],,['en'],['Standardising and supporting climate services for  climate adaptation'],['1'],['https://ec.europa.eu/info/funding-tenders/opportunities/portal/screen/opportunities/topic-details/HORIZON-MISS-2026-01-CLIMA-03'],['https://ec.europa.eu/info/funding-tenders/opportunities/portal/screen/opportunities/topic-details/HORIZON-MISS-2026-01-CLIMA-03'],['50136449'],['SEDIA'],['50136273TOPICSen'],,['43108390'],['2026-02-04T00:00:00.000+0000'],['single-stage'],['31094502'],['HORIZON  Research and Innovation Actions'],2026-09-20 09:08:50.362431+00:00
2.155,50135855TOPICSen,https://ec.europa.eu/info/funding-tenders/opportunities/portal/screen/opportunities/topic-details/HORIZON-MISS-2026-01-CLIMA-01,text/plain,en,SEDIA,SEDIA,National Adaptation Hubs - Bringing together the national level with the engaged regional and local levels (multi-level governance),0.0,National Adaptation Hubs - Bringing together the national level with the engaged regional and local levels (multi-level governance),False,[],[],National Adaptation Hubs - Bringing together the national level with the engaged regional and local levels (multi-level governance). Available at: https://ec.europa.eu/info/funding-tenders/opportunities/portal/screen/opportunities/topic-details/HORIZON-MISS-2026-01-CLIMA-01,['HORIZON-MISS-2026-01-CLIMA-01'],['text/plain'],,['2026-02-04T00:00:00.000+0000'],['2026-09-23T00:00:00.000+0000'],,['en'],['National Adaptation Hubs - Bringing together the national level with the engaged regional and local levels (multi-level governance)'],['1'],['https://ec.europa.eu/info/funding-tenders/opportunities/portal/screen/opportunities/topic-details/HORIZON-MISS-2026-01-CLIMA-01'],['https://ec.europa.eu/info/funding-tenders/opportunities/portal/screen/opportunities/topic-details/HORIZON-MISS-2026-01-CLIMA-01'],['50136449'],['SEDIA'],['50135855TOPICSen'],,['43108390'],['2026-02-04T00:00:00.000+0000'],['single-stage'],['31094502'],['HORIZON Coordination and Support Actions'],2026-09-20 09:08:50.362431+00:00
2.155,13161COMPETITIVE_CALLen,https://ec.europa.eu/info/funding-tenders/opportunities/portal/screen/opportunities/competitive-calls-cs/47108154,text/plain,en,SEDIA,SEDIA,PowerBoost – unlock energy related challenges,0.0,PowerBoost – unlock energy related challenges,False,[],[],Joint Cluster Initiatives (EUROCLUSTERS) for Europe’s recovery. Available at: https://ec.europa.eu/info/funding-tenders/opportunities/portal/screen/opportunities/competitive-calls-cs/47108154,['SMP-COSME-2024-CLUSTER-01'],['text/plain'],['PowerBoost – unlock energy related challenges '],['2026-02-03T00:00:00.000+0000'],"['2026-04-03T01:59:00.000+0000', '2027-08-31T01:59:00.000+0000']","['<p class=""ql-align-justify"">Under the PowerBoost stream, the only eligible activity is the <strong>implementation of an innovation audit,</strong> that will be reimbursed with a total of EUR 2000 once the audit is approved, aimed at identifying challenges and opportunities for the Applicant organisation to contribute to <strong>grid flexibility, sustainability, and digitalisation</strong>&nbsp;in the energy sector.</p><p class=""ql-align-justify"">The innovation audit should help the SME understand its current processes, technologies, and operational gaps, and define areas where innovation or new technology adoption could improve efficiency, flexibility, or integration with renewable energy systems.</p><p>The innovation audit must result in a&nbsp;<strong>Challenge Description Report</strong>, prepared using the official&nbsp;<strong>template provided by GreenGrid.</strong></p>']",['en'],['Joint Cluster Initiatives (EUROCLUSTERS) for Europe’s recovery'],['8'],['https://ec.europa.eu/info/funding-tenders/opportunities/portal/screen/opportunities/competitive-calls-cs/47108154'],['https://ec.europa.eu/info/funding-tenders/opportunities/portal/screen/opportunities/competitive-calls-cs/47108154'],['13161'],['SEDIA'],['13161COMPETITIVE_CALLen'],['Green Grid'],['43252476'],['2026-02-03T00:00:00.000+0000'],['multiple cut-off'],['31094502'],,2026-09-20 09:08:50.362431+00:00
2.155,50133351TOPICSen,https://ec.europa.eu/info/funding-tenders/opportunities/portal/screen/opportunities/topic-details/HORIZON-WIDERA-2026-03-WIDENING-01,text/plain,en,SEDIA,SEDIA,Hop-On Facility,0.0,Hop-On Facility,False,[],[],Hop-On Facility. Available at: https://ec.europa.eu/info/funding-tenders/opportunities/portal/screen/opportunities/topic-details/HORIZON-WIDERA-2026-03-WIDENING-01,['HORIZON-WIDERA-2026-03-WIDENING-01'],['text/plain'],,['2026-01-13T00:00:00.000+0000'],['2026-09-24T00:00:00.000+0000'],,['en'],['Hop-On Facility'],['1'],['https://ec.europa.eu/info/funding-tenders/opportunities/portal/screen/opportunities/topic-details/HORIZON-WIDERA-2026-03-WIDENING-01'],['https://ec.europa.eu/info/funding-tenders/opportunities/portal/screen/opportunities/topic-details/HORIZON-WIDERA-2026-03-WIDENING-01'],['50133369'],['SEDIA'],['50133351TOPICSen'],,['43108390'],['2026-01-13T00:00:00.000+0000'],['single-stage'],['31094502'],['HORIZON  Research and Innovation Actions'],2026-09-20 09:08:50.362431+00:00
2.155,12843COMPETITIVE_CALLen,https://ec.europa.eu/info/funding-tenders/opportunities/portal/screen/opportunities/competitive-calls-cs/46786367,text/plain,en,SEDIA,SEDIA,"Innovation Funding for Estonian Cybersecurity Companies for developing innovative, high value-added products and services",0.0,"Innovation Funding for Estonian Cybersecurity Companies for developing innovative, high value-added products and services",False,[],[],Deploying The Network of National Coordination Centres with Member States. Available at: https://ec.europa.eu/info/funding-tenders/opportunities/portal/screen/opportunities/competitive-calls-cs/46786367,['DIGITAL-ECCC-2024-DEPLOY-NCC-06-MS-COORDINATION'],['text/plain'],"['Innovation Funding for Estonian Cybersecurity Companies for developing innovative, high value-added products and services']",['2026-01-12T00:00:00.000+0000'],['2026-12-02T04:00:00.000+0000'],"['<p>The grant will help strengthen cooperation between research and development institutions and companies or organisations involved in the development of cybersecurity products and services, in order to carry out innovation and development activities in the field of cybersecurity.</p>']",['en'],['Deploying The Network of National Coordination Centres with Member States'],['8'],['https://ec.europa.eu/info/funding-tenders/opportunities/portal/screen/opportunities/competitive-calls-cs/46786367'],['https://ec.europa.eu/info/funding-tenders/opportunities/portal/screen/opportunities/competitive-calls-cs/46786367'],['12843'],['SEDIA'],['12843COMPETITIVE_CALLen'],['NCCEE2'],['43152860'],['2026-01-12T00:00:00.000+0000'],['single-stage'],['31094502'],,2026-09-20 09:08:50.362431+00:00
2.155,12743COMPETITIVE_CALLen,https://ec.europa.eu/info/funding-tenders/opportunities/portal/screen/opportunities/competitive-calls-cs/46357639,text/plain,en,SEDIA,SEDIA,A running call No. 5 for bilateral cooperation project proposals,0.0,A running call No. 5 for bilateral cooperation project proposals,False,[],[],Call for proposals for civil society organisations active on protecting and promoting Union values: call to intermediaries (giving financial support to third parties). Available at: https://ec.europa.eu/info/funding-tenders/opportunities/portal/screen/opportunities/competitive-calls-cs/46357639,['CERV-2024-CITIZENS-VALUES'],['text/plain'],['A running call No. 5 for bilateral cooperation project proposals'],['2025-12-17T00:00:00.000+0000'],['2027-02-01T00:59:00.000+0000'],[],['en'],['Call for proposals for civil society organisations active on protecting and promoting Union values: call to intermediaries (giving financial support to third parties)'],['8'],['https://ec.europa.eu/info/funding-tenders/opportunities/portal/screen/opportunities/competitive-calls-cs/46357639'],['https://ec.europa.eu/info/funding-tenders/opportunities/portal/screen/opportunities/competitive-calls-cs/46357639'],['12743'],['SEDIA'],['12743COMPETITIVE_CALLen'],['CERV 2024'],['43251589'],['2025-12-17T00:00:00.000+0000'],['single-stage'],['31094502'],,2026-09-20 09:08:50.362431+00:00
2.155,12621COMPETITIVE_CALLen,https://ec.europa.eu/info/funding-tenders/opportunities/portal/screen/opportunities/competitive-calls-cs/45114064,text/plain,en,SEDIA,SEDIA,G INP-UGA GreenChips-EDU Scholarship,0.0,G INP-UGA GreenChips-EDU Scholarship,False,[],[],Specialised education programmes or modules in key capacity areas. Available at: https://ec.europa.eu/info/funding-tenders/opportunities/portal/screen/opportunities/competitive-calls-cs/45114064,['DIGITAL-2022-SKILLS-03-SPECIALISED-EDU'],['text/plain'],['G INP-UGA GreenChips-EDU Scholarship'],['2025-12-15T00:00:00.000+0000'],"['2026-02-15T23:59:00.000+0000', '2026-07-01T23:59:00.000+0000', '2027-02-14T23:59:00.000+0000', '2027-06-01T23:59:00.000+0000']",[],['en'],['Specialised education programmes or modules in key capacity areas'],['8'],['https://ec.europa.eu/info/funding-tenders/opportunities/portal/screen/opportunities/competitive-calls-cs/45114064'],['https://ec.europa.eu/info/funding-tenders/opportunities/portal/screen/opportunities/competitive-calls-cs/45114064'],['12621'],['SEDIA'],['12621COMPETITIVE_CALLen'],['GreenChips-EDU'],['43152860'],['2025-12-15T00:00:00.000+0000'],['multiple cut-off'],['31094502'],,2026-09-20 09:08:50.362431+00:00
2.155,12447COMPETITIVE_CALLen,https://ec.europa.eu/info/funding-tenders/opportunities/portal/screen/opportunities/competitive-calls-cs/45114064,text/plain,en,SEDIA,SEDIA,TU Graz GreenChips-EDU Scholarship,0.0,TU Graz GreenChips-EDU Scholarship,False,[],[],Specialised education programmes or modules in key capacity areas. Available at: https://ec.europa.eu/info/funding-tenders/opportunities/portal/screen/opportunities/competitive-calls-cs/45114064,['DIGITAL-2022-SKILLS-03-SPECIALISED-EDU'],['text/plain'],['TU Graz GreenChips-EDU Scholarship'],['2025-12-01T00:00:00.000+0000'],"['2026-02-15T23:59:00.000+0000', '2026-07-01T23:59:00.000+0000', '2027-02-14T23:59:00.000+0000', '2027-06-01T23:59:00.000+0000']","['<h1>Disclaimer</h1><p>This call (as well as the financial support that will be provided through it) is NOT an EU action. This call is launched solely by TU GRAZ. The financial support to the selected successful applicants will be provided directly by TU GRAZ in its own name and under its own responsibility. TU GRAZ’s own responsibility includes the preparation and drafting of this call as well as the selection of successful applicants that will receive the said financial support. The publication of this call in the EU Funding & Tenders Portal is made solely for information purposes with the aim to increase the visibility of this call to the general public, including to potential applicants (i.e., students). The said publication shall not be construed as direct or indirect approval of the content and conditions of this call by the relevant EU authorities or as any form of waiver from the above-described responsibility of TU GRAZ.</p>']",['en'],['Specialised education programmes or modules in key capacity areas'],['8'],['https://ec.europa.eu/info/funding-tenders/opportunities/portal/screen/opportunities/competitive-calls-cs/45114064'],['https://ec.europa.eu/info/funding-tenders/opportunities/portal/screen/opportunities/competitive-calls-cs/45114064'],['12447'],['SEDIA'],['12447COMPETITIVE_CALLen'],['GreenChips-EDU'],['43152860'],['2025-12-01T00:00:00.000+0000'],['multiple cut-off'],['31094502'],,2026-09-20 09:08:50.362431+00:00
2.155,49662814TOPICSen,https://ec.europa.eu/info/funding-tenders/opportunities/portal/screen/opportunities/topic-details/HORIZON-EIC-2026-STEP,text/plain,en,SEDIA,SEDIA,EIC STEP Scale Up,0.0,EIC STEP Scale Up,False,[],[],EIC STEP Scale Up. Available at: https://ec.europa.eu/info/funding-tenders/opportunities/portal/screen/opportunities/topic-details/HORIZON-EIC-2026-STEP,['HORIZON-EIC-2026-STEP'],['text/plain'],,['2025-11-06T00:00:00.000+0000'],['2026-11-25T00:00:00.000+0000'],,['en'],['EIC STEP Scale Up'],['1'],['https://ec.europa.eu/info/funding-tenders/opportunities/portal/screen/opportunities/topic-details/HORIZON-EIC-2026-STEP'],['https://ec.europa.eu/info/funding-tenders/opportunities/portal/screen/opportunities/topic-details/HORIZON-EIC-2026-STEP'],['49662822'],['SEDIA'],['49662814TOPICSen'],,['43108390'],['2025-11-06T00:00:00.000+0000'],[],['31094502'],['HORIZON EIC Equity Only'],2026-09-20 09:08:50.362431+00:00
2.155,49662897TOPICSen,https://ec.europa.eu/info/funding-tenders/opportunities/portal/screen/opportunities/topic-details/HORIZON-EIC-2026-ACCELERATOR-01,text/plain,en,SEDIA,SEDIA,EIC Accelerator 2026 - Short proposal,0.0,EIC Accelerator 2026 - Short proposal,False,[],[],EIC Accelerator 2026 - Short proposal. Available at: https://ec.europa.eu/info/funding-tenders/opportunities/portal/screen/opportunities/topic-details/HORIZON-EIC-2026-ACCELERATOR-01,['HORIZON-EIC-2026-ACCELERATOR-01'],['text/plain'],,['2025-11-06T00:00:00.000+0000'],['2026-12-17T00:00:00.000+0000'],,['en'],['EIC Accelerator 2026 - Short proposal'],['1'],['https://ec.europa.eu/info/funding-tenders/opportunities/portal/screen/opportunities/topic-details/HORIZON-EIC-2026-ACCELERATOR-01'],['https://ec.europa.eu/info/funding-tenders/opportunities/portal/screen/opportunities/topic-details/HORIZON-EIC-2026-ACCELERATOR-01'],['49662906'],['SEDIA'],['49662897TOPICSen'],,['43108390'],['2025-11-06T00:00:00.000+0000'],[],['31094502'],['HORIZON EIC Accelerator'],2026-09-20 09:08:50.362431+00:00
2.155,49195972TOPICSen,https://ec.europa.eu/info/funding-tenders/opportunities/portal/screen/opportunities/topic-details/JTM-2026-PSLF-STANDALONE-PROJECTS,text/plain,en,SEDIA,SEDIA,Standalone projects,0.0,Standalone projects,False,[],[],Standalone projects. Available at: https://ec.europa.eu/info/funding-tenders/opportunities/portal/screen/opportunities/topic-details/JTM-2026-PSLF-STANDALONE-PROJECTS,['JTM-2026-PSLF-STANDALONE-PROJECTS'],['text/plain'],,['2025-10-23T00:00:00.000+0000'],"['2026-01-27T00:00:00.000+0000', '2027-02-16T00:00:00.000+0000']",,['en'],['Standalone projects'],['1'],['https://ec.europa.eu/info/funding-tenders/opportunities/portal/screen/opportunities/topic-details/JTM-2026-PSLF-STANDALONE-PROJECTS'],['https://ec.europa.eu/info/funding-tenders/opportunities/portal/screen/opportunities/topic-details/JTM-2026-PSLF-STANDALONE-PROJECTS'],['49195983'],['SEDIA'],['49195972TOPICSen'],,['44773066'],['2025-10-23T00:00:00.000+0000'],['multiple cut-off'],['31094502'],['JTM Lump Sum Grants'],2026-09-20 09:08:50.362431+00:00
2.155,49195964TOPICSen,https://ec.europa.eu/info/funding-tenders/opportunities/portal/screen/opportunities/topic-details/JTM-2026-PSLF-FRAMEWORK-LOANS,text/plain,en,SEDIA,SEDIA,Framework Loans,0.0,Framework Loans,False,[],[],Framework Loans. Available at: https://ec.europa.eu/info/funding-tenders/opportunities/portal/screen/opportunities/topic-details/JTM-2026-PSLF-FRAMEWORK-LOANS,['JTM-2026-PSLF-FRAMEWORK-LOANS'],['text/plain'],,['2025-10-23T00:00:00.000+0000'],"['2026-01-27T00:00:00.000+0000', '2027-02-16T00:00:00.000+0000']",,['en'],['Framework Loans'],['1'],['https://ec.europa.eu/info/funding-tenders/opportunities/portal/screen/opportunities/topic-details/JTM-2026-PSLF-FRAMEWORK-LOANS'],['https://ec.europa.eu/info/funding-tenders/opportunities/portal/screen/opportunities/topic-details/JTM-2026-PSLF-FRAMEWORK-LOANS'],['49195983'],['SEDIA'],['49195964TOPICSen'],,['44773066'],['2025-10-23T00:00:00.000+0000'],['multiple cut-off'],['31094502'],['JTM Lump Sum Grants'],2026-09-20 09:08:50.362431+00:00
2.155,11781COMPETITIVE_CALLen,https://ec.europa.eu/info/funding-tenders/opportunities/portal/screen/opportunities/competitive-calls-cs/46357639,text/plain,en,SEDIA,SEDIA,Experience sharing grants,0.0,Experience sharing grants,False,[],[],Call for proposals for civil society organisations active on protecting and promoting Union values: call to intermediaries (giving financial support to third parties). Available at: https://ec.europa.eu/info/funding-tenders/opportunities/portal/screen/opportunities/competitive-calls-cs/46357639,['CERV-2024-CITIZENS-VALUES'],['text/plain'],['Experience sharing grants'],['2025-09-18T00:00:00.000+0000'],"['2025-10-31T12:00:00.000+0000', '2026-03-02T12:00:00.000+0000', '2026-06-30T12:00:00.000+0000', '2026-10-30T12:00:00.000+0000']",[],['en'],['Call for proposals for civil society organisations active on protecting and promoting Union values: call to intermediaries (giving financial support to third parties)'],['8'],['https://ec.europa.eu/info/funding-tenders/opportunities/portal/screen/opportunities/competitive-calls-cs/46357639'],['https://ec.europa.eu/info/funding-tenders/opportunities/portal/screen/opportunities/competitive-calls-cs/46357639'],['11781'],['SEDIA'],['11781COMPETITIVE_CALLen'],['ERP_PL'],['43251589'],['2025-09-18T00:00:00.000+0000'],['multiple cut-off'],['31094502'],,2026-09-20 09:08:50.362431+00:00
2.155,11702COMPETITIVE_CALLen,https://ec.europa.eu/info/funding-tenders/opportunities/portal/screen/opportunities/competitive-calls-cs/46357639,text/plain,en,SEDIA,SEDIA,ReAction – Rapid Response Grants,0.0,ReAction – Rapid Response Grants,False,[],[],Call for proposals for civil society organisations active on protecting and promoting Union values: call to intermediaries (giving financial support to third parties). Available at: https://ec.europa.eu/info/funding-tenders/opportunities/portal/screen/opportunities/competitive-calls-cs/46357639,['CERV-2024-CITIZENS-VALUES'],['text/plain'],[' ReAction – Rapid Response Grants '],['2025-09-11T00:00:00.000+0000'],['2028-03-31T18:00:00.000+0000'],[],['en'],['Call for proposals for civil society organisations active on protecting and promoting Union values: call to intermediaries (giving financial support to third parties)'],['8'],['https://ec.europa.eu/info/funding-tenders/opportunities/portal/screen/opportunities/competitive-calls-cs/46357639'],['https://ec.europa.eu/info/funding-tenders/opportunities/portal/screen/opportunities/competitive-calls-cs/46357639'],['11702'],['SEDIA'],['11702COMPETITIVE_CALLen'],['BIRDS in BG - 2'],['43251589'],['2025-09-11T00:00:00.000+0000'],['single-stage'],['31094502'],,2026-09-20 09:08:50.362431+00:00
2.155,11674COMPETITIVE_CALLen,https://ec.europa.eu/info/funding-tenders/opportunities/portal/screen/opportunities/competitive-calls-cs/46357639,text/plain,en,SEDIA,SEDIA,Call for proposal for support to Slovenian and Croatian SCOs to “Go out and vote!” campaigns,0.0,Call for proposal for support to Slovenian and Croatian SCOs to “Go out and vote!” campaigns,False,[],[],Call for proposals for civil society organisations active on protecting and promoting Union values: call to intermediaries (giving financial support to third parties). Available at: https://ec.europa.eu/info/funding-tenders/opportunities/portal/screen/opportunities/competitive-calls-cs/46357639,['CERV-2024-CITIZENS-VALUES'],['text/plain'],['Call for proposal for support to Slovenian and Croatian SCOs to “Go out and vote!” campaigns'],['2025-09-05T00:00:00.000+0000'],"['2028-01-01T17:00:00.000+0000', '2028-01-01T17:00:00.000+0000']",['<p><strong>Eligible activities (applies to both countries):</strong></p><p>•\tMonitoring and watchdog activities</p><p>•\tCampaigning</p><p>•\tCommunity activation</p><p>•\tAwareness-raising</p><p>•\tNetworking.</p><p><strong>Activities that would promote specific political party or candidates are NOT eligible. </strong></p>'],['en'],['Call for proposals for civil society organisations active on protecting and promoting Union values: call to intermediaries (giving financial support to third parties)'],['8'],['https://ec.europa.eu/info/funding-tenders/opportunities/portal/screen/opportunities/competitive-calls-cs/46357639'],['https://ec.europa.eu/info/funding-tenders/opportunities/portal/screen/opportunities/competitive-calls-cs/46357639'],['11674'],['SEDIA'],['11674COMPETITIVE_CALLen'],['IMPACT4VALUES 2.0'],['43251589'],['2025-09-05T00:00:00.000+0000'],['multiple cut-off'],['31094502'],,2026-09-20 09:08:50.362431+00:00
2.155,11268COMPETITIVE_CALLen,https://ec.europa.eu/info/funding-tenders/opportunities/portal/screen/opportunities/competitive-calls-cs/43977648,text/plain,en,SEDIA,SEDIA,"AMU Scholarships for the internship of the Master 2 « Biology &amp; Health », study-track « AI and biomarkers » within the European Project « Advanced Digital Skills AI and Health ».",0.0,"AMU Scholarships for the internship of the Master 2 « Biology &amp; Health », study-track « AI and biomarkers » within the European Project « Advanced Digital Skills AI and Health ».",False,[],[],Specialised education programmes in key capacity areas. Available at: https://ec.europa.eu/info/funding-tenders/opportunities/portal/screen/opportunities/competitive-calls-cs/43977648,['DIGITAL-2021-SKILLS-01-SPECIALISED'],['text/plain'],"['AMU Scholarships for the internship of the Master 2 « Biology & Health », study-track « AI and biomarkers » within the European Project « Advanced Digital Skills AI and Health ».']",['2025-07-04T00:00:00.000+0000'],"['2026-07-07T17:00:00.000+0000', '2027-07-07T17:00:00.000+0000']","['<p class=""ql-align-justify"">The internship period must be in line with the objective of the Master :</p><p class=""ql-align-justify"">- a complete understanding on how AI is used in biomedical and healthcare research,</p><p class=""ql-align-justify"">- a better identification, a controlled development and validation of biomarkers used for prevention, diagnosis or monitoring diseases,</p><p class=""ql-align-justify"">- a more appropriate use of Information Technology tools and methods to analyse the data to exploit the full potential of large datasets from medical and biological research,</p><p class=""ql-align-justify"">- the latest AI operating techniques, such as machine learning and deep learning, to propose innovative solution in personalised medicine,</p><p class=""ql-align-justify"">- designing, planing and conducting high-impact research,</p><p class=""ql-align-justify"">- the participation in interdisciplinary research project involving skills in biology, AI and bio-informatics, by identifying specificlly required input from each main scientific area to come up with innovative solutions in the health field. </p>']",['en'],['Specialised education programmes in key capacity areas'],['8'],['https://ec.europa.eu/info/funding-tenders/opportunities/portal/screen/opportunities/competitive-calls-cs/43977648'],['https://ec.europa.eu/info/funding-tenders/opportunities/portal/screen/opportunities/competitive-calls-cs/43977648'],['11268'],['SEDIA'],['11268COMPETITIVE_CALLen'],['AI and Health'],['43152860'],['2025-07-04T00:00:00.000+0000'],['multiple cut-off'],['31094502'],,2026-09-20 09:08:50.362431+00:00
2.155,11264COMPETITIVE_CALLen,https://ec.europa.eu/info/funding-tenders/opportunities/portal/screen/opportunities/competitive-calls-cs/45033429,text/plain,en,SEDIA,SEDIA,Urban Mobility Explained (UMX) Open Call (Multi-cut-off),0.0,Urban Mobility Explained (UMX) Open Call (Multi-cut-off),False,[],[],EIT Urban Mobility Business Plan 2023-2025. Available at: https://ec.europa.eu/info/funding-tenders/opportunities/portal/screen/opportunities/competitive-calls-cs/45033429,['HORIZON-EIT-2023-25-KIC-EITURBANMOBILITY'],['text/plain'],['Urban Mobility Explained (UMX) Open Call (Multi-cut-off)'],['2025-07-02T00:00:00.000+0000'],"['2025-09-30T17:00:04.000+0000', '2026-09-29T17:00:00.000+0000']",[],['en'],['EIT Urban Mobility Business Plan 2023-2025'],['8'],['https://ec.europa.eu/info/funding-tenders/opportunities/portal/screen/opportunities/competitive-calls-cs/45033429'],['https://ec.europa.eu/info/funding-tenders/opportunities/portal/screen/opportunities/competitive-calls-cs/45033429'],['11264'],['SEDIA'],['11264COMPETITIVE_CALLen'],['EITUM-BP23-25'],['43108390'],['2025-07-02T00:00:00.000+0000'],['multiple cut-off'],['31094502'],,2026-09-20 09:08:50.362431+00:00
2.155,11265COMPETITIVE_CALLen,https://ec.europa.eu/info/funding-tenders/opportunities/portal/screen/opportunities/competitive-calls-cs/45114064,text/plain,en,SEDIA,SEDIA,UPC-GREENCHIPS-EDU Scholarship,0.0,UPC-GREENCHIPS-EDU Scholarship,False,[],[],Specialised education programmes or modules in key capacity areas. Available at: https://ec.europa.eu/info/funding-tenders/opportunities/portal/screen/opportunities/competitive-calls-cs/45114064,['DIGITAL-2022-SKILLS-03-SPECIALISED-EDU'],['text/plain'],['UPC-GREENCHIPS-EDU Scholarship'],['2025-07-02T00:00:00.000+0000'],"['2025-09-07T23:59:00.000+0000', '2026-02-15T23:59:00.000+0000', '2026-07-01T23:59:00.000+0000', '2026-09-15T23:59:00.000+0000', '2027-02-14T23:59:00.000+0000', '2027-06-01T23:59:00.000+0000']",[],['en'],['Specialised education programmes or modules in key capacity areas'],['8'],['https://ec.europa.eu/info/funding-tenders/opportunities/portal/screen/opportunities/competitive-calls-cs/45114064'],['https://ec.europa.eu/info/funding-tenders/opportunities/portal/screen/opportunities/competitive-calls-cs/45114064'],['11265'],['SEDIA'],['11265COMPETITIVE_CALLen'],['GreenChips-EDU'],['43152860'],['2025-07-02T00:00:00.000+0000'],['multiple cut-off'],['31094502'],,2026-09-20 09:08:50.362431+00:00
2.155,11143COMPETITIVE_CALLen,https://ec.europa.eu/info/funding-tenders/opportunities/portal/screen/opportunities/competitive-calls-cs/46214053,text/plain,en,SEDIA,SEDIA,METU Internships Offer,0.0,METU Internships Offer,False,[],[],Specialised education programmes in key capacity areas. Available at: https://ec.europa.eu/info/funding-tenders/opportunities/portal/screen/opportunities/competitive-calls-cs/46214053,['DIGITAL-2023-SKILLS-05-SPECIALEDU'],['text/plain'],['METU Internships Offer'],['2025-06-30T00:00:00.000+0000'],"['2025-09-02T03:59:00.000+0000', '2026-01-03T07:59:00.000+0000', '2026-09-02T03:59:00.000+0000', '2027-01-03T07:59:00.000+0000', '2027-09-02T03:59:00.000+0000', '2028-01-03T07:59:00.000+0000', '2028-09-02T03:59:00.000+0000']","['<p>Within the framework of the SUSA project, two partners—<strong>METU</strong> and <strong>GNOMON Informatics SA </strong>—will offer internships to degree program students. Below is a consolidated explanation of the criteria, procedures, and financial mechanisms that will govern the provision of third-party financial support related to these internships.</p><p><strong>For METU</strong>, the <strong>maximum amount of financial support</strong> for each third-party recipient is set at <strong>€610 per internship</strong>, in accordance with internal standards for internship remuneration and as aligned with the granting authority’s guidelines.</p><p>This call (as well as the financial support that will be provided through it) is NOT an EU action. This call is launched solely by MIDDLE EAST TECHNICAL UNIVERSITY (METU). The financial support to the selected successful applicants will be provided <strong>directly</strong> by METU <strong>in its own name</strong> and <strong>under its own responsibility</strong>. METU’s&nbsp;own responsibility includes the preparation and drafting of this call as well as the selection of successful applicants that will receive the said financial support. The publication of this call in the EU Funding & Tenders Portal is made solely for information purposes with the aim to increase the visibility of this call to the general public, including to potential applicants (i.e. students). The said publication shall not be construed as direct or indirect approval of the content and conditions of this call by the relevant EU authorities or as any form of waiver from the above-described responsibility of&nbsp;METU.&nbsp;</p><p>METU’s financial support amount is derived from <strong>internal remuneration benchmarks</strong> for student internships.&nbsp;</p><p>For both METU and GNOMON, internships must be aligned with the <strong>thematic focus of the SUSA project</strong>, including but not limited to:&nbsp;</p><ol><li data-list=""bullet""><span class=""ql-ui"" contenteditable=""false""></span>Digital health and healthcare innovation&nbsp;</li><li data-list=""bullet""><span class=""ql-ui"" contenteditable=""false""></span>Health data management and interoperability&nbsp;</li><li data-list=""bullet""><span class=""ql-ui"" contenteditable=""false""></span>Artificial intelligence applications in healthcare&nbsp;</li><li data-list=""bullet""><span class=""ql-ui"" contenteditable=""false""></span>Advanced digital skills development and practical application of SUSA educational content&nbsp;</li></ol><p>Internship positions will be open to <strong>students enrolled in degree programs</strong>, with a focus on engineering and health-related disciplines that are relevant to the SUSA learning objectives.&nbsp;</p><p>To align with academic cycles and optimize visibility, <strong>seven internship calls</strong> are planned throughout the project. Announcement will be published in June 2025 <strong>before the start of the Fall 2025-2026 academic semester with the following cutoff dates:</strong>&nbsp;</p><ol><li data-list=""bullet""><span class=""ql-ui"" contenteditable=""false""></span>September 2025&nbsp;</li><li data-list=""bullet""><span class=""ql-ui"" contenteditable=""false""></span>January 2026&nbsp;</li><li data-list=""bullet""><span class=""ql-ui"" contenteditable=""false""></span>September 2026&nbsp;</li><li data-list=""bullet""><span class=""ql-ui"" contenteditable=""false""></span>January 2027&nbsp;</li><li data-list=""bullet""><span class=""ql-ui"" contenteditable=""false""></span>September 2027&nbsp;</li><li data-list=""bullet""><span class=""ql-ui"" contenteditable=""false""></span>January 2028&nbsp;</li><li data-list=""bullet""><span class=""ql-ui"" contenteditable=""false""></span>September 2028&nbsp;&nbsp;</li></ol>']",['en'],['Specialised education programmes in key capacity areas'],['8'],['https://ec.europa.eu/info/funding-tenders/opportunities/portal/screen/opportunities/competitive-calls-cs/46214053'],['https://ec.europa.eu/info/funding-tenders/opportunities/portal/screen/opportunities/competitive-calls-cs/46214053'],['11143'],['SEDIA'],['11143COMPETITIVE_CALLen'],['SUSA'],['43152860'],['2025-06-30T00:00:00.000+0000'],['multiple cut-off'],['31094502'],,2026-09-20 09:08:50.362431+00:00
2.155,11145COMPETITIVE_CALLen,https://ec.europa.eu/info/funding-tenders/opportunities/portal/screen/opportunities/competitive-calls-cs/46214053,text/plain,en,SEDIA,SEDIA,Gnomon Internships Offer,0.0,Gnomon Internships Offer,False,[],[],Specialised education programmes in key capacity areas. Available at: https://ec.europa.eu/info/funding-tenders/opportunities/portal/screen/opportunities/competitive-calls-cs/46214053,['DIGITAL-2023-SKILLS-05-SPECIALEDU'],['text/plain'],['Gnomon Internships Offer'],['2025-06-30T00:00:00.000+0000'],"['2025-09-02T04:59:00.000+0000', '2026-01-03T04:59:00.000+0000', '2026-09-02T04:59:00.000+0000', '2027-01-03T04:59:00.000+0000', '2027-09-02T04:59:00.000+0000', '2028-01-03T04:59:00.000+0000', '2028-09-02T04:59:00.000+0000']","['<p>Within the framework of the SUSA project, two partners—<strong>METU</strong> and <strong>GNOMON Informatics SA </strong>—will offer internships to degree program students. Below is a consolidated explanation of the criteria, procedures, and financial mechanisms that will govern the provision of third-party financial support related to these internships.</p><p>For <strong>GNOMON</strong>, the <strong>maximum amount of financial support</strong> is set at <strong>€1,500 per month of internship</strong>, calculated based on an estimated structure of <strong>20 internships with a 4-month duration each</strong>.</p><ol><li data-list=""bullet""><span class=""ql-ui"" contenteditable=""false""></span>In cases where internships are implemented with a shorter duration than four months, the remaining budget may be reallocated to fund additional internship placements, until the total allocated amount has been fully utilized.</li></ol><p><strong><em>Basis for Financial Calculation</em></strong><em> </em></p><ol><li data-list=""bullet""><span class=""ql-ui"" contenteditable=""false""></span>GNOMON’s amount is based on a combination of the <strong>company’s standard cost model for internships</strong> and the <strong>actual licensing cost</strong> of the software platform used in SUSA’s shared learning experiences. </li></ol><p>For both METU and GNOMON, internships must be aligned with the <strong>thematic focus of the SUSA project</strong>, including but not limited to:&nbsp;</p><ol><li data-list=""bullet""><span class=""ql-ui"" contenteditable=""false""></span>Digital health and healthcare innovation&nbsp;</li><li data-list=""bullet""><span class=""ql-ui"" contenteditable=""false""></span>Health data management and interoperability&nbsp;</li><li data-list=""bullet""><span class=""ql-ui"" contenteditable=""false""></span>Artificial intelligence applications in healthcare&nbsp;</li><li data-list=""bullet""><span class=""ql-ui"" contenteditable=""false""></span>Advanced digital skills development and practical application of SUSA educational content&nbsp;</li></ol><p><strong><em>Eligible Participants</em></strong><em>&nbsp;</em></p><p>Internship positions will be open to <strong>students enrolled in degree programs</strong>, with a focus on engineering and health-related disciplines that are relevant to the SUSA learning objectives.&nbsp;</p><p><em>This call (as well as the financial support that will be provided through it) is NOT an EU action. This call is launched solely by&nbsp;Gnomon Informatics SA (Gnomon) . The financial support to the selected successful applicants will be provided&nbsp;</em><strong><em>directly</em></strong><em>&nbsp;by&nbsp;Gnomon&nbsp;</em><strong><em>in its own name</em></strong><em>&nbsp;and&nbsp;</em><strong><em>under its own responsibility</em></strong><em>.&nbsp;Gnomon’s&nbsp;own responsibility includes the preparation and drafting of this call as well as the selection of successful applicants that will receive the said financial support. The publication of this call in the EU Funding & Tenders Portal is made solely for information purposes with the aim to increase the visibility of this call to the general public, including to potential applicants (i.e. students). The said publication shall not be construed as direct or indirect approval of the content and conditions of this call by the relevant EU authorities or as any form of waiver from the above-described responsibility of&nbsp;Gnomon.</em>&nbsp;</p><p><br></p><p>To align with academic cycles and optimize visibility, <strong>seven internship calls</strong> are planned throughout the project. Announcement will be published on June 2025 <strong>before the start of the Fall 2025 - 2026 academic semester with the following cutoff dates: </strong>&nbsp;</p><ol><li data-list=""bullet""><span class=""ql-ui"" contenteditable=""false""></span>September 2025&nbsp;</li><li data-list=""bullet""><span class=""ql-ui"" contenteditable=""false""></span>January 2026&nbsp;</li><li data-list=""bullet""><span class=""ql-ui"" contenteditable=""false""></span>September 2026&nbsp;</li><li data-list=""bullet""><span class=""ql-ui"" contenteditable=""false""></span>January 2027&nbsp;</li><li data-list=""bullet""><span class=""ql-ui"" contenteditable=""false""></span>September 2027&nbsp;</li><li data-list=""bullet""><span class=""ql-ui"" contenteditable=""false""></span>January 2028&nbsp;</li><li data-list=""bullet""><span class=""ql-ui"" contenteditable=""false""></span>September 2028&nbsp;</li></ol>']",['en'],['Specialised education programmes in key capacity areas'],['8'],['https://ec.europa.eu/info/funding-tenders/opportunities/portal/screen/opportunities/competitive-calls-cs/46214053'],['https://ec.europa.eu/info/funding-tenders/opportunities/portal/screen/opportunities/competitive-calls-cs/46214053'],['11145'],['SEDIA'],['11145COMPETITIVE_CALLen'],['SUSA'],['43152860'],['2025-06-30T00:00:00.000+0000'],['multiple cut-off'],['31094502'],,2026-09-20 09:08:50.362431+00:00
2.155,10941COMPETITIVE_CALLen,https://ec.europa.eu/info/funding-tenders/opportunities/portal/screen/opportunities/competitive-calls-cs/46786367,text/plain,en,SEDIA,SEDIA,Financial support for start-ups registered in Estonia for developing new cybersecurity tools or services (Cyber Accelerator),0.0,Financial support for start-ups registered in Estonia for developing new cybersecurity tools or services (Cyber Accelerator),False,[],[],Deploying The Network of National Coordination Centres with Member States. Available at: https://ec.europa.eu/info/funding-tenders/opportunities/portal/screen/opportunities/competitive-calls-cs/46786367,['DIGITAL-ECCC-2024-DEPLOY-NCC-06-MS-COORDINATION'],['text/plain'],['Financial support for start-ups registered in Estonia for developing new cybersecurity tools or services (Cyber Accelerator)'],['2025-05-12T00:00:00.000+0000'],['2027-07-02T20:00:00.000+0000'],"['<p>We support the competitiveness of the European cybersecurity sector through research and development activities, thus better protecting Estonian and EU society and the business environment from cyberattacks that cause billions of euros in damage!</p>']",['en'],['Deploying The Network of National Coordination Centres with Member States'],['8'],['https://ec.europa.eu/info/funding-tenders/opportunities/portal/screen/opportunities/competitive-calls-cs/46786367'],['https://ec.europa.eu/info/funding-tenders/opportunities/portal/screen/opportunities/competitive-calls-cs/46786367'],['10941'],['SEDIA'],['10941COMPETITIVE_CALLen'],['NCCEE2'],['43152860'],['2025-05-12T00:00:00.000+0000'],['single-stage'],['31094502'],,2026-09-20 09:08:50.362431+00:00
2.155,46095330DIGITALJUSMESupportActions1684972800000,https://ec.europa.eu/info/funding-tenders/opportunities/data/topicDetails/DIGITAL-ECCC-2022-CYBER-B-03-CYBER-RESILIENCE.json,text/plain,en,,,"EU Cybersecurity Resilience, Coordination and Cybersecurity Ranges",0.0,"EU Cybersecurity Resilience, Coordination and Cybersecurity Ranges",False,[],[],"EU Cybersecurity Resilience, Coordination and Cybersecurity Ranges. Available at: https://ec.europa.eu/info/funding-tenders/opportunities/data/topicDetails/DIGITAL-ECCC-2022-CYBER-B-03-CYBER-RESILIENCE.json",['DIGITAL-ECCC-2022-CYBER-B-03-CYBER-RESILIENCE'],['text/plain'],,['2023-05-25T00:00:00.000+0000'],['2023-07-06T17:00:00.000+0000'],,['en'],"['EU Cybersecurity Resilience, Coordination and Cybersecurity Ranges']",['1'],['https://ec.europa.eu/info/funding-tenders/opportunities/data/topicDetails/DIGITAL-ECCC-2022-CYBER-B-03-CYBER-RESILIENCE.json'],['https://ec.europa.eu/info/funding-tenders/opportunities/data/topicDetails/DIGITAL-ECCC-2022-CYBER-B-03-CYBER-RESILIENCE.json'],['46095417'],['SEDIA_PRD_CENTRICITY'],,,['43152860'],['2023-05-25T00:00:00.000+0000'],['single-stage'],['31094502'],['DIGITAL JU SME Support Actions'],2026-09-20 09:08:50.362431+00:00
2.155,46040460DIGITALJUSimpleGrants1684972800000,https://ec.europa.eu/info/funding-tenders/opportunities/data/topicDetails/DIGITAL-ECCC-2023-DEPLOY-CYBER-04-EULEGISLATION.json,text/plain,en,,,Support for implementation of EU legislation on cybersecurity and national cybersecurity strategies,0.0,Support for implementation of EU legislation on cybersecurity and national cybersecurity strategies,False,[],[],Support for implementation of EU legislation on cybersecurity and national cybersecurity strategies. Available at: https://ec.europa.eu/info/funding-tenders/opportunities/data/topicDetails/DIGITAL-ECCC-2023-DEPLOY-CYBER-04-EULEGISLATION.json,['DIGITAL-ECCC-2023-DEPLOY-CYBER-04-EULEGISLATION'],['text/plain'],,['2023-05-25T00:00:00.000+0000'],['2023-09-26T17:00:00.000+0000'],,['en'],['Support for implementation of EU legislation on cybersecurity and national cybersecurity strategies'],['1'],['https://ec.europa.eu/info/funding-tenders/opportunities/data/topicDetails/DIGITAL-ECCC-2023-DEPLOY-CYBER-04-EULEGISLATION.json'],['https://ec.europa.eu/info/funding-tenders/opportunities/data/topicDetails/DIGITAL-ECCC-2023-DEPLOY-CYBER-04-EULEGISLATION.json'],['46040500'],['SEDIA_PRD_CENTRICITY'],,,['43152860'],['2023-05-25T00:00:00.000+0000'],['single-stage'],['31094502'],['DIGITAL JU Simple Grants'],2026-09-20 09:08:50.362431+00:00
2.155,46040416DIGITALJUCoordinationandSupportActions1684972800000,https://ec.europa.eu/info/funding-tenders/opportunities/data/topicDetails/DIGITAL-ECCC-2023-DEPLOY-CYBER-04-CIVIL-DEFENCE.json,text/plain,en,,,Coordination between the cybersecurity civilian and defence spheres,0.0,Coordination between the cybersecurity civilian and defence spheres,False,[],[],Coordination between the cybersecurity civilian and defence spheres. Available at: https://ec.europa.eu/info/funding-tenders/opportunities/data/topicDetails/DIGITAL-ECCC-2023-DEPLOY-CYBER-04-CIVIL-DEFENCE.json,['DIGITAL-ECCC-2023-DEPLOY-CYBER-04-CIVIL-DEFENCE'],['text/plain'],,['2023-05-25T00:00:00.000+0000'],['2023-09-26T17:00:00.000+0000'],,['en'],['Coordination between the cybersecurity civilian and defence spheres'],['1'],['https://ec.europa.eu/info/funding-tenders/opportunities/data/topicDetails/DIGITAL-ECCC-2023-DEPLOY-CYBER-04-CIVIL-DEFENCE.json'],['https://ec.europa.eu/info/funding-tenders/opportunities/data/topicDetails/DIGITAL-ECCC-2023-DEPLOY-CYBER-04-CIVIL-DEFENCE.json'],['46040500'],['SEDIA_PRD_CENTRICITY'],,,['43152860'],['2023-05-25T00:00:00.000+0000'],['single-stage'],['31094502'],['DIGITAL JU Coordination and Support Actions'],2026-09-20 09:08:50.362431+00:00
2.155,46095387DIGITALJUSimpleGrants1684972800000,https://ec.europa.eu/info/funding-tenders/opportunities/data/topicDetails/DIGITAL-ECCC-2022-CYBER-B-03-SOC.json,text/plain,en,,,Capacity building of Security Operation Centres,0.0,Capacity building of Security Operation Centres,False,[],[],Capacity building of Security Operation Centres. Available at: https://ec.europa.eu/info/funding-tenders/opportunities/data/topicDetails/DIGITAL-ECCC-2022-CYBER-B-03-SOC.json,['DIGITAL-ECCC-2022-CYBER-B-03-SOC'],['text/plain'],,['2023-05-25T00:00:00.000+0000'],['2023-07-06T17:00:00.000+0000'],,['en'],['Capacity building of Security Operation Centres'],['1'],['https://ec.europa.eu/info/funding-tenders/opportunities/data/topicDetails/DIGITAL-ECCC-2022-CYBER-B-03-SOC.json'],['https://ec.europa.eu/info/funding-tenders/opportunities/data/topicDetails/DIGITAL-ECCC-2022-CYBER-B-03-SOC.json'],['46095417'],['SEDIA_PRD_CENTRICITY'],,,['43152860'],['2023-05-25T00:00:00.000+0000'],['single-stage'],['31094502'],['DIGITAL JU Simple Grants'],2026-09-20 09:08:50.362431+00:00
2.155,46095360DIGITALJUSMESupportActions1684972800000,https://ec.europa.eu/info/funding-tenders/opportunities/data/topicDetails/DIGITAL-ECCC-2022-CYBER-B-03-UPTAKE-CYBERSOLUTIONS.json,text/plain,en,,,Uptake of Innovative Cybersecurity Solutions,0.0,Uptake of Innovative Cybersecurity Solutions,False,[],[],Uptake of Innovative Cybersecurity Solutions. Available at: https://ec.europa.eu/info/funding-tenders/opportunities/data/topicDetails/DIGITAL-ECCC-2022-CYBER-B-03-UPTAKE-CYBERSOLUTIONS.json,['DIGITAL-ECCC-2022-CYBER-B-03-UPTAKE-CYBERSOLUTIONS'],['text/plain'],,['2023-05-25T00:00:00.000+0000'],['2023-07-06T17:00:00.000+0000'],,['en'],['Uptake of Innovative Cybersecurity Solutions'],['1'],['https://ec.europa.eu/info/funding-tenders/opportunities/data/topicDetails/DIGITAL-ECCC-2022-CYBER-B-03-UPTAKE-CYBERSOLUTIONS.json'],['https://ec.europa.eu/info/funding-tenders/opportunities/data/topicDetails/DIGITAL-ECCC-2022-CYBER-B-03-UPTAKE-CYBERSOLUTIONS.json'],['46095417'],['SEDIA_PRD_CENTRICITY'],,,['43152860'],['2023-05-25T00:00:00.000+0000'],['single-stage'],['31094502'],['DIGITAL JU SME Support Actions'],2026-09-20 09:08:50.362431+00:00
2.155,46040389DIGITALJUGrantsforFinancialSupport1684972800000,https://ec.europa.eu/info/funding-tenders/opportunities/data/topicDetails/DIGITAL-ECCC-2023-DEPLOY-CYBER-04-SUPPORT-ASSIST.json,text/plain,en,,,Preparedness support and mutual assistance,0.0,Preparedness support and mutual assistance,False,[],[],Preparedness support and mutual assistance. Available at: https://ec.europa.eu/info/funding-tenders/opportunities/data/topicDetails/DIGITAL-ECCC-2023-DEPLOY-CYBER-04-SUPPORT-ASSIST.json,['DIGITAL-ECCC-2023-DEPLOY-CYBER-04-SUPPORT-ASSIST'],['text/plain'],,['2023-05-25T00:00:00.000+0000'],['2023-09-26T17:00:00.000+0000'],,['en'],['Preparedness support and mutual assistance'],['1'],['https://ec.europa.eu/info/funding-tenders/opportunities/data/topicDetails/DIGITAL-ECCC-2023-DEPLOY-CYBER-04-SUPPORT-ASSIST.json'],['https://ec.europa.eu/info/funding-tenders/opportunities/data/topicDetails/DIGITAL-ECCC-2023-DEPLOY-CYBER-04-SUPPORT-ASSIST.json'],['46040500'],['SEDIA_PRD_CENTRICITY'],,,['43152860'],['2023-05-25T00:00:00.000+0000'],['single-stage'],['31094502'],['DIGITAL JU Grants for Financial Support'],2026-09-20 09:08:50.362431+00:00
2.155,45658095HORIZONCoordinationandSupportActions1684972800000,https://ec.europa.eu/info/funding-tenders/opportunities/data/topicDetails/HORIZON-CL6-2023-GOVERNANCE-02-1.json,text/plain,en,,,Supporting the All-Atlantic Ocean Research and Innovation Alliance and Declaration,0.0,Supporting the All-Atlantic Ocean Research and Innovation Alliance and Declaration,False,[],[],Supporting the All-Atlantic Ocean Research and Innovation Alliance and Declaration. Available at: https://ec.europa.eu/info/funding-tenders/opportunities/data/topicDetails/HORIZON-CL6-2023-GOVERNANCE-02-1.json,['HORIZON-CL6-2023-GOVERNANCE-02-1'],['text/plain'],,['2023-05-25T00:00:00.000+0000'],['2023-09-21T17:00:00.000+0000'],,['en'],['Supporting the All-Atlantic Ocean Research and Innovation Alliance and Declaration'],['1'],['https://ec.europa.eu/info/funding-tenders/opportunities/data/topicDetails/HORIZON-CL6-2023-GOVERNANCE-02-1.json'],['https://ec.europa.eu/info/funding-tenders/opportunities/data/topicDetails/HORIZON-CL6-2023-GOVERNANCE-02-1.json'],['45942961'],['SEDIA_PRD_CENTRICITY'],,,['43108390'],['2023-05-25T00:00:00.000+0000'],['single-stage'],['31094502'],['HORIZON Coordination and Support Actions'],2026-09-20 09:08:50.362431+00:00
2.155,46045863DIGITALCoordinationandSupportActions1684972800000,https://ec.europa.eu/info/funding-tenders/opportunities/data/topicDetails/DIGITAL-2022-CLOUD-AI-B-03-AI-ON-DEMAND.json,text/plain,en,,,Deployment of the AI-on-demand platform,0.0,Deployment of the AI-on-demand platform,False,[],[],Deployment of the AI-on-demand platform. Available at: https://ec.europa.eu/info/funding-tenders/opportunities/data/topicDetails/DIGITAL-2022-CLOUD-AI-B-03-AI-ON-DEMAND.json,['DIGITAL-2022-CLOUD-AI-B-03-AI-ON-DEMAND'],['text/plain'],,['2023-05-25T00:00:00.000+0000'],['2023-08-29T17:00:00.000+0000'],,['en'],['Deployment of the AI-on-demand platform'],['1'],['https://ec.europa.eu/info/funding-tenders/opportunities/data/topicDetails/DIGITAL-2022-CLOUD-AI-B-03-AI-ON-DEMAND.json'],['https://ec.europa.eu/info/funding-tenders/opportunities/data/topicDetails/DIGITAL-2022-CLOUD-AI-B-03-AI-ON-DEMAND.json'],['46045893'],['SEDIA_PRD_CENTRICITY'],,,['43152860'],['2023-05-25T00:00:00.000+0000'],['single-stage'],['31094502'],['DIGITAL Coordination and Support Actions'],2026-09-20 09:08:50.362431+00:00
2.155,46040438DIGITALJUCoordinationandSupportActions1684972800000,https://ec.europa.eu/info/funding-tenders/opportunities/data/topicDetails/DIGITAL-ECCC-2023-DEPLOY-CYBER-04-STANDARDISATION.json,text/plain,en,,,Standardisation in the area of Cybersecurity,0.0,Standardisation in the area of Cybersecurity,False,[],[],Standardisation in the area of Cybersecurity. Available at: https://ec.europa.eu/info/funding-tenders/opportunities/data/topicDetails/DIGITAL-ECCC-2023-DEPLOY-CYBER-04-STANDARDISATION.json,['DIGITAL-ECCC-2023-DEPLOY-CYBER-04-STANDARDISATION'],['text/plain'],,['2023-05-25T00:00:00.000+0000'],['2023-09-26T17:00:00.000+0000'],,['en'],['Standardisation in the area of Cybersecurity'],['1'],['https://ec.europa.eu/info/funding-tenders/opportunities/data/topicDetails/DIGITAL-ECCC-2023-DEPLOY-CYBER-04-STANDARDISATION.json'],['https://ec.europa.eu/info/funding-tenders/opportunities/data/topicDetails/DIGITAL-ECCC-2023-DEPLOY-CYBER-04-STANDARDISATION.json'],['46040500'],['SEDIA_PRD_CENTRICITY'],,,['43152860'],['2023-05-25T00:00:00.000+0000'],['single-stage'],['31094502'],['DIGITAL JU Coordination and Support Actions'],2026-09-20 09:08:50.362431+00:00
2.155,46039256I3ProjectGrants1684281600000,https://ec.europa.eu/info/funding-tenders/opportunities/data/topicDetails/I3-2023-INV1.json,text/plain,en,,,Interregional Innovation Investments Strand 1,0.0,Interregional Innovation Investments Strand 1,False,[],[],Interregional Innovation Investments Strand 1. Available at: https://ec.europa.eu/info/funding-tenders/opportunities/data/topicDetails/I3-2023-INV1.json,['I3-2023-INV1'],['text/plain'],,['2023-05-17T00:00:00.000+0000'],['2023-10-17T17:00:00.000+0000'],,['en'],['Interregional Innovation Investments Strand 1'],['1'],['https://ec.europa.eu/info/funding-tenders/opportunities/data/topicDetails/I3-2023-INV1.json'],['https://ec.europa.eu/info/funding-tenders/opportunities/data/topicDetails/I3-2023-INV1.json'],['46039301'],['SEDIA_PRD_CENTRICITY'],,,['44416173'],['2023-05-17T00:00:00.000+0000'],['single-stage'],['31094502'],['I3 Project Grants'],2026-09-20 09:08:50.362431+00:00
2.155,46039280I3ProjectGrants1684281600000,https://ec.europa.eu/info/funding-tenders/opportunities/data/topicDetails/I3-2023-INV2a.json,text/plain,en,,,Interregional Innovation Investments Strand 2a,0.0,Interregional Innovation Investments Strand 2a,False,[],[],Interregional Innovation Investments Strand 2a. Available at: https://ec.europa.eu/info/funding-tenders/opportunities/data/topicDetails/I3-2023-INV2a.json,['I3-2023-INV2a'],['text/plain'],,['2023-05-17T00:00:00.000+0000'],['2023-10-17T17:00:00.000+0000'],,['en'],['Interregional Innovation Investments Strand 2a'],['1'],['https://ec.europa.eu/info/funding-tenders/opportunities/data/topicDetails/I3-2023-INV2a.json'],['https://ec.europa.eu/info/funding-tenders/opportunities/data/topicDetails/I3-2023-INV2a.json'],['46039316'],['SEDIA_PRD_CENTRICITY'],,,['44416173'],['2023-05-17T00:00:00.000+0000'],['single-stage'],['31094502'],['I3 Project Grants'],2026-09-20 09:08:50.362431+00:00
2.155,45659376HORIZONProgrammeCofundActions1684281600000,https://ec.europa.eu/info/funding-tenders/opportunities/data/topicDetails/HORIZON-EIE-2023-CONNECT-03-01.json,text/plain,en,,,Implementing co-funded action plans for connected regional innovation valleys,0.0,Implementing co-funded action plans for connected regional innovation valleys,False,[],[],Implementing co-funded action plans for connected regional innovation valleys. Available at: https://ec.europa.eu/info/funding-tenders/opportunities/data/topicDetails/HORIZON-EIE-2023-CONNECT-03-01.json,['HORIZON-EIE-2023-CONNECT-03-01'],['text/plain'],,['2023-05-17T00:00:00.000+0000'],['2023-10-17T17:00:00.000+0000'],,['en'],['Implementing co-funded action plans for connected regional innovation valleys'],['1'],['https://ec.europa.eu/info/funding-tenders/opportunities/data/topicDetails/HORIZON-EIE-2023-CONNECT-03-01.json'],['https://ec.europa.eu/info/funding-tenders/opportunities/data/topicDetails/HORIZON-EIE-2023-CONNECT-03-01.json'],['45942358'],['SEDIA_PRD_CENTRICITY'],,,['43108390'],['2023-05-17T00:00:00.000+0000'],['single-stage'],['31094502'],['HORIZON Programme Cofund Actions'],2026-09-20 09:08:50.362431+00:00
2.155,46029871DIGITALSimpleGrants1683763200000,https://ec.europa.eu/info/funding-tenders/opportunities/data/topicDetails/DIGITAL-2023-CLOUD-AI-04-ICU-DATA.json,text/plain,en,,,Federated European Infrastructure for intensive care units' (ICU) data,0.0,Federated European Infrastructure for intensive care units' (ICU) data,False,[],[],Federated European Infrastructure for intensive care units' (ICU) data. Available at: https://ec.europa.eu/info/funding-tenders/opportunities/data/topicDetails/DIGITAL-2023-CLOUD-AI-04-ICU-DATA.json,['DIGITAL-2023-CLOUD-AI-04-ICU-DATA'],['text/plain'],,['2023-05-11T00:00:00.000+0000'],['2023-09-26T17:00:00.000+0000'],,['en'],"[""Federated European Infrastructure for intensive care units' (ICU) data""]",['1'],['https://ec.europa.eu/info/funding-tenders/opportunities/data/topicDetails/DIGITAL-2023-CLOUD-AI-04-ICU-DATA.json'],['https://ec.europa.eu/info/funding-tenders/opportunities/data/topicDetails/DIGITAL-2023-CLOUD-AI-04-ICU-DATA.json'],['46030033'],['SEDIA_PRD_CENTRICITY'],,,['43152860'],['2023-05-11T00:00:00.000+0000'],['single-stage'],['31094502'],['DIGITAL Simple Grants'],2026-09-20 09:08:50.362431+00:00
2.155,46007584LIFEProjectGrants1683763200000,https://ec.europa.eu/info/funding-tenders/opportunities/data/topicDetails/LIFE-2023-CET-LOCAL.json,text/plain,en,,,Technical support to clean energy transition plans and strategies in municipalities and regions,0.0,Technical support to clean energy transition plans and strategies in municipalities and regions,False,[],[],Technical support to clean energy transition plans and strategies in municipalities and regions. Available at: https://ec.europa.eu/info/funding-tenders/opportunities/data/topicDetails/LIFE-2023-CET-LOCAL.json,['LIFE-2023-CET-LOCAL'],['text/plain'],,['2023-05-11T00:00:00.000+0000'],['2023-11-16T17:00:00.000+0000'],,['en'],['Technical support to clean energy transition plans and strategies in municipalities and regions'],['1'],['https://ec.europa.eu/info/funding-tenders/opportunities/data/topicDetails/LIFE-2023-CET-LOCAL.json'],['https://ec.europa.eu/info/funding-tenders/opportunities/data/topicDetails/LIFE-2023-CET-LOCAL.json'],['46007649'],['SEDIA_PRD_CENTRICITY'],,,['43252405'],['2023-05-11T00:00:00.000+0000'],['single-stage'],['31094502'],['LIFE Project Grants'],2026-09-20 09:08:50.362431+00:00
2.155,46029527DIGITALCoordinationandSupportActions1683763200000,https://ec.europa.eu/info/funding-tenders/opportunities/data/topicDetails/DIGITAL-2023-PROGRAM-SUPPORT-04-NETWORK-NCPs.json,text/plain,en,,,Supporting the network of National contact points (NCPs),0.0,Supporting the network of National contact points (NCPs),False,[],[],Supporting the network of National contact points (NCPs). Available at: https://ec.europa.eu/info/funding-tenders/opportunities/data/topicDetails/DIGITAL-2023-PROGRAM-SUPPORT-04-NETWORK-NCPs.json,['DIGITAL-2023-PROGRAM-SUPPORT-04-NETWORK-NCPs'],['text/plain'],,['2023-05-11T00:00:00.000+0000'],['2023-09-26T17:00:00.000+0000'],,['en'],['Supporting the network of National contact points (NCPs)'],['1'],['https://ec.europa.eu/info/funding-tenders/opportunities/data/topicDetails/DIGITAL-2023-PROGRAM-SUPPORT-04-NETWORK-NCPs.json'],['https://ec.europa.eu/info/funding-tenders/opportunities/data/topicDetails/DIGITAL-2023-PROGRAM-SUPPORT-04-NETWORK-NCPs.json'],['46029545'],['SEDIA_PRD_CENTRICITY'],,,['43152860'],['2023-05-11T00:00:00.000+0000'],['single-stage'],['31094502'],['DIGITAL Coordination and Support Actions'],2026-09-20 09:08:50.362431+00:00
2.155,46019593DIGITALSimpleGrants1683763200000,https://ec.europa.eu/info/funding-tenders/opportunities/data/topicDetails/DIGITAL-2023-CLOUD-DATA-04-DIGIPASS.json,text/plain,en,,,Digital Product Passport,0.0,Digital Product Passport,False,[],[],Digital Product Passport. Available at: https://ec.europa.eu/info/funding-tenders/opportunities/data/topicDetails/DIGITAL-2023-CLOUD-DATA-04-DIGIPASS.json,['DIGITAL-2023-CLOUD-DATA-04-DIGIPASS'],['text/plain'],,['2023-05-11T00:00:00.000+0000'],['2023-09-26T17:00:00.000+0000'],,['en'],['Digital Product Passport'],['1'],['https://ec.europa.eu/info/funding-tenders/opportunities/data/topicDetails/DIGITAL-2023-CLOUD-DATA-04-DIGIPASS.json'],['https://ec.europa.eu/info/funding-tenders/opportunities/data/topicDetails/DIGITAL-2023-CLOUD-DATA-04-DIGIPASS.json'],['46019651'],['SEDIA_PRD_CENTRICITY'],,,['43152860'],['2023-05-11T00:00:00.000+0000'],['single-stage'],['31094502'],['DIGITAL Simple Grants'],2026-09-20 09:08:50.362431+00:00
2.155,46007629LIFEProjectGrants1683763200000,https://ec.europa.eu/info/funding-tenders/opportunities/data/topicDetails/LIFE-2023-CET-OSS.json,text/plain,en,,,Integrated services for clean energy transition in buildings and businesses,0.0,Integrated services for clean energy transition in buildings and businesses,False,[],[],Integrated services for clean energy transition in buildings and businesses. Available at: https://ec.europa.eu/info/funding-tenders/opportunities/data/topicDetails/LIFE-2023-CET-OSS.json,['LIFE-2023-CET-OSS'],['text/plain'],,['2023-05-11T00:00:00.000+0000'],['2023-11-16T17:00:00.000+0000'],,['en'],['Integrated services for clean energy transition in buildings and businesses'],['1'],['https://ec.europa.eu/info/funding-tenders/opportunities/data/topicDetails/LIFE-2023-CET-OSS.json'],['https://ec.europa.eu/info/funding-tenders/opportunities/data/topicDetails/LIFE-2023-CET-OSS.json'],['46007649'],['SEDIA_PRD_CENTRICITY'],,,['43252405'],['2023-05-11T00:00:00.000+0000'],['single-stage'],['31094502'],['LIFE Project Grants'],2026-09-20 09:08:50.362431+00:00
2.155,46007644LIFEProjectGrants1683763200000,https://ec.europa.eu/info/funding-tenders/opportunities/data/topicDetails/LIFE-2023-CET-ENERCOMFACILITY.json,text/plain,en,,,European Energy Communities Facility,0.0,European Energy Communities Facility,False,[],[],European Energy Communities Facility. Available at: https://ec.europa.eu/info/funding-tenders/opportunities/data/topicDetails/LIFE-2023-CET-ENERCOMFACILITY.json,['LIFE-2023-CET-ENERCOMFACILITY'],['text/plain'],,['2023-05-11T00:00:00.000+0000'],['2023-11-16T17:00:00.000+0000'],,['en'],['European Energy Communities Facility'],['1'],['https://ec.europa.eu/info/funding-tenders/opportunities/data/topicDetails/LIFE-2023-CET-ENERCOMFACILITY.json'],['https://ec.europa.eu/info/funding-tenders/opportunities/data/topicDetails/LIFE-2023-CET-ENERCOMFACILITY.json'],['46007649'],['SEDIA_PRD_CENTRICITY'],,,['43252405'],['2023-05-11T00:00:00.000+0000'],['single-stage'],['31094502'],['LIFE Project Grants'],2026-09-20 09:08:50.362431+00:00
2.155,46019408DIGITALSimpleGrants1683763200000,https://ec.europa.eu/info/funding-tenders/opportunities/data/topicDetails/DIGITAL-2023-DEPLOY-04-NETWORK-OF-SICs.json,text/plain,en,,,Network of safer Internet Centres (SICs),0.0,Network of safer Internet Centres (SICs),False,[],[],Network of safer Internet Centres (SICs). Available at: https://ec.europa.eu/info/funding-tenders/opportunities/data/topicDetails/DIGITAL-2023-DEPLOY-04-NETWORK-OF-SICs.json,['DIGITAL-2023-DEPLOY-04-NETWORK-OF-SICs'],['text/plain'],,['2023-05-11T00:00:00.000+0000'],['2023-09-26T17:00:00.000+0000'],,['en'],['Network of safer Internet Centres (SICs)'],['1'],['https://ec.europa.eu/info/funding-tenders/opportunities/data/topicDetails/DIGITAL-2023-DEPLOY-04-NETWORK-OF-SICs.json'],['https://ec.europa.eu/info/funding-tenders/opportunities/data/topicDetails/DIGITAL-2023-DEPLOY-04-NETWORK-OF-SICs.json'],['46019579'],['SEDIA_PRD_CENTRICITY'],,,['43152860'],['2023-05-11T00:00:00.000+0000'],['single-stage'],['31094502'],['DIGITAL Simple Grants'],2026-09-20 09:08:50.362431+00:00
2.155,46014314DIGITALSimpleGrants1683763200000,https://ec.europa.eu/info/funding-tenders/opportunities/data/topicDetails/DIGITAL-2023-SKILLS-04-SEMICONDUCTORS.json,text/plain,en,,,Reinforcing skills in semiconductors,0.0,Reinforcing skills in semiconductors,False,[],[],Reinforcing skills in semiconductors. Available at: https://ec.europa.eu/info/funding-tenders/opportunities/data/topicDetails/DIGITAL-2023-SKILLS-04-SEMICONDUCTORS.json,['DIGITAL-2023-SKILLS-04-SEMICONDUCTORS'],['text/plain'],,['2023-05-11T00:00:00.000+0000'],['2023-09-26T17:00:00.000+0000'],,['en'],['Reinforcing skills in semiconductors'],['1'],['https://ec.europa.eu/info/funding-tenders/opportunities/data/topicDetails/DIGITAL-2023-SKILLS-04-SEMICONDUCTORS.json'],['https://ec.europa.eu/info/funding-tenders/opportunities/data/topicDetails/DIGITAL-2023-SKILLS-04-SEMICONDUCTORS.json'],['46019634'],['SEDIA_PRD_CENTRICITY'],,,['43152860'],['2023-05-11T00:00:00.000+0000'],['single-stage'],['31094502'],['DIGITAL Simple Grants'],2026-09-20 09:08:50.362431+00:00
2.155,46029944DIGITALCoordinationandSupportActions1683763200000,https://ec.europa.eu/info/funding-tenders/opportunities/data/topicDetails/DIGITAL-2023-CLOUD-AI-04-COORDINATEF.json,text/plain,en,,,Coordination of AI sectorial testing and experimentation facilities,0.0,Coordination of AI sectorial testing and experimentation facilities,False,[],[],Coordination of AI sectorial testing and experimentation facilities. Available at: https://ec.europa.eu/info/funding-tenders/opportunities/data/topicDetails/DIGITAL-2023-CLOUD-AI-04-COORDINATEF.json,['DIGITAL-2023-CLOUD-AI-04-COORDINATEF'],['text/plain'],,['2023-05-11T00:00:00.000+0000'],['2023-09-26T17:00:00.000+0000'],,['en'],['Coordination of AI sectorial testing and experimentation facilities'],['1'],['https://ec.europa.eu/info/funding-tenders/opportunities/data/topicDetails/DIGITAL-2023-CLOUD-AI-04-COORDINATEF.json'],['https://ec.europa.eu/info/funding-tenders/opportunities/data/topicDetails/DIGITAL-2023-CLOUD-AI-04-COORDINATEF.json'],['46030033'],['SEDIA_PRD_CENTRICITY'],,,['43152860'],['2023-05-11T00:00:00.000+0000'],['single-stage'],['31094502'],['DIGITAL Coordination and Support Actions'],2026-09-20 09:08:50.362431+00:00
2.155,46029906DIGITALSimpleGrants1683763200000,https://ec.europa.eu/info/funding-tenders/opportunities/data/topicDetails/DIGITAL-2023-CLOUD-AI-04-GENOME.json,text/plain,en,,,Genome of Europe,0.0,Genome of Europe,False,[],[],Genome of Europe. Available at: https://ec.europa.eu/info/funding-tenders/opportunities/data/topicDetails/DIGITAL-2023-CLOUD-AI-04-GENOME.json,['DIGITAL-2023-CLOUD-AI-04-GENOME'],['text/plain'],,['2023-05-11T00:00:00.000+0000'],['2023-09-26T17:00:00.000+0000'],,['en'],['Genome of Europe'],['1'],['https://ec.europa.eu/info/funding-tenders/opportunities/data/topicDetails/DIGITAL-2023-CLOUD-AI-04-GENOME.json'],['https://ec.europa.eu/info/funding-tenders/opportunities/data/topicDetails/DIGITAL-2023-CLOUD-AI-04-GENOME.json'],['46030033'],['SEDIA_PRD_CENTRICITY'],,,['43152860'],['2023-05-11T00:00:00.000+0000'],['single-stage'],['31094502'],['DIGITAL Simple Grants'],2026-09-20 09:08:50.362431+00:00
2.155,46014469DIGITALCoordinationandSupportActions1683763200000,https://ec.europa.eu/info/funding-tenders/opportunities/data/topicDetails/DIGITAL-2023-SKILLS-04-BOOSTINGDIGIT.json,text/plain,en,,,"Boosting Digital Skills of young pupils, in particular girls",0.0,"Boosting Digital Skills of young pupils, in particular girls",False,[],[],"Boosting Digital Skills of young pupils, in particular girls. Available at: https://ec.europa.eu/info/funding-tenders/opportunities/data/topicDetails/DIGITAL-2023-SKILLS-04-BOOSTINGDIGIT.json",['DIGITAL-2023-SKILLS-04-BOOSTINGDIGIT'],['text/plain'],,['2023-05-11T00:00:00.000+0000'],['2023-09-26T17:00:00.000+0000'],,['en'],"['Boosting Digital Skills of young pupils, in particular girls']",['1'],['https://ec.europa.eu/info/funding-tenders/opportunities/data/topicDetails/DIGITAL-2023-SKILLS-04-BOOSTINGDIGIT.json'],['https://ec.europa.eu/info/funding-tenders/opportunities/data/topicDetails/DIGITAL-2023-SKILLS-04-BOOSTINGDIGIT.json'],['46019634'],['SEDIA_PRD_CENTRICITY'],,,['43152860'],['2023-05-11T00:00:00.000+0000'],['single-stage'],['31094502'],['DIGITAL Coordination and Support Actions'],2026-09-20 09:08:50.362431+00:00
2.155,46029558DIGITALCoordinationandSupportActions1683763200000,https://ec.europa.eu/info/funding-tenders/opportunities/data/topicDetails/DIGITAL-2023-CLOUD-AI-04-IPCEI-EXPLOIT.json,text/plain,en,,,Cloud IPCEI Exploitation office,0.0,Cloud IPCEI Exploitation office,False,[],[],Cloud IPCEI Exploitation office. Available at: https://ec.europa.eu/info/funding-tenders/opportunities/data/topicDetails/DIGITAL-2023-CLOUD-AI-04-IPCEI-EXPLOIT.json,['DIGITAL-2023-CLOUD-AI-04-IPCEI-EXPLOIT'],['text/plain'],,['2023-05-11T00:00:00.000+0000'],['2023-09-26T17:00:00.000+0000'],,['en'],['Cloud IPCEI Exploitation office'],['1'],['https://ec.europa.eu/info/funding-tenders/opportunities/data/topicDetails/DIGITAL-2023-CLOUD-AI-04-IPCEI-EXPLOIT.json'],['https://ec.europa.eu/info/funding-tenders/opportunities/data/topicDetails/DIGITAL-2023-CLOUD-AI-04-IPCEI-EXPLOIT.json'],['46030033'],['SEDIA_PRD_CENTRICITY'],,,['43152860'],['2023-05-11T00:00:00.000+0000'],['single-stage'],['31094502'],['DIGITAL Coordination and Support Actions'],2026-09-20 09:08:50.362431+00:00
2.155,46019500DigitalSMESupportActions1683763200000,https://ec.europa.eu/info/funding-tenders/opportunities/data/topicDetails/DIGITAL-2023-DEPLOY-04-EDMO-HUBS.json,text/plain,en,,,European Digital Media observatory (EDMO) - National and multinational hubs,0.0,European Digital Media observatory (EDMO) - National and multinational hubs,False,[],[],European Digital Media observatory (EDMO) - National and multinational hubs. Available at: https://ec.europa.eu/info/funding-tenders/opportunities/data/topicDetails/DIGITAL-2023-DEPLOY-04-EDMO-HUBS.json,['DIGITAL-2023-DEPLOY-04-EDMO-HUBS'],['text/plain'],,['2023-05-11T00:00:00.000+0000'],['2023-09-26T17:00:00.000+0000'],,['en'],['European Digital Media observatory (EDMO) - National and multinational hubs'],['1'],['https://ec.europa.eu/info/funding-tenders/opportunities/data/topicDetails/DIGITAL-2023-DEPLOY-04-EDMO-HUBS.json'],['https://ec.europa.eu/info/funding-tenders/opportunities/data/topicDetails/DIGITAL-2023-DEPLOY-04-EDMO-HUBS.json'],['46019579'],['SEDIA_PRD_CENTRICITY'],,,['43152860'],['2023-05-11T00:00:00.000+0000'],['single-stage'],['31094502'],['Digital SME Support Actions'],2026-09-20 09:08:50.362431+00:00
2.155,46029993DIGITALSimpleGrants1683763200000,https://ec.europa.eu/info/funding-tenders/opportunities/data/topicDetails/DIGITAL-2023-CLOUD-AI-04-DEVELOPCITI.json,text/plain,en,,,Developing citiverse,0.0,Developing citiverse,False,[],[],Developing citiverse. Available at: https://ec.europa.eu/info/funding-tenders/opportunities/data/topicDetails/DIGITAL-2023-CLOUD-AI-04-DEVELOPCITI.json,['DIGITAL-2023-CLOUD-AI-04-DEVELOPCITI'],['text/plain'],,['2023-05-11T00:00:00.000+0000'],['2023-09-26T17:00:00.000+0000'],,['en'],['Developing citiverse'],['1'],['https://ec.europa.eu/info/funding-tenders/opportunities/data/topicDetails/DIGITAL-2023-CLOUD-AI-04-DEVELOPCITI.json'],['https://ec.europa.eu/info/funding-tenders/opportunities/data/topicDetails/DIGITAL-2023-CLOUD-AI-04-DEVELOPCITI.json'],['46030033'],['SEDIA_PRD_CENTRICITY'],,,['43152860'],['2023-05-11T00:00:00.000+0000'],['single-stage'],['31094502'],['DIGITAL Simple Grants'],2026-09-20 09:08:50.362431+00:00
2.155,46007609LIFEProjectGrants1683763200000,https://ec.europa.eu/info/funding-tenders/opportunities/data/topicDetails/LIFE-2023-CET-BUILDSKILLS.json,text/plain,en,,,BUILD UP Skills – Upskilling and reskilling interventions enabling a decarbonised building stock and energy system integration,0.0,BUILD UP Skills – Upskilling and reskilling interventions enabling a decarbonised building stock and energy system integration,False,[],[],BUILD UP Skills – Upskilling and reskilling interventions enabling a decarbonised building stock and energy system integration. Available at: https://ec.europa.eu/info/funding-tenders/opportunities/data/topicDetails/LIFE-2023-CET-BUILDSKILLS.json,['LIFE-2023-CET-BUILDSKILLS'],['text/plain'],,['2023-05-11T00:00:00.000+0000'],['2023-11-16T17:00:00.000+0000'],,['en'],['BUILD UP Skills – Upskilling and reskilling interventions enabling a decarbonised building stock and energy system integration'],['1'],['https://ec.europa.eu/info/funding-tenders/opportunities/data/topicDetails/LIFE-2023-CET-BUILDSKILLS.json'],['https://ec.europa.eu/info/funding-tenders/opportunities/data/topicDetails/LIFE-2023-CET-BUILDSKILLS.json'],['46007649'],['SEDIA_PRD_CENTRICITY'],,,['43252405'],['2023-05-11T00:00:00.000+0000'],['single-stage'],['31094502'],['LIFE Project Grants'],2026-09-20 09:08:50.362431+00:00
2.155,46029508DIGITALCoordinationandSupportActions1683763200000,https://ec.europa.eu/info/funding-tenders/opportunities/data/topicDetails/DIGITAL-2023-PROGRAM-SUPPORT-04-DISSEM-EXPLOIT.json,text/plain,en,,,Support to Dissemination and exploitation (D&amp;E),0.0,Support to Dissemination and exploitation (D&amp;E),False,[],[],Support to Dissemination and exploitation (D&E). Available at: https://ec.europa.eu/info/funding-tenders/opportunities/data/topicDetails/DIGITAL-2023-PROGRAM-SUPPORT-04-DISSEM-EXPLOIT.json,['DIGITAL-2023-PROGRAM-SUPPORT-04-DISSEM-EXPLOIT'],['text/plain'],,['2023-05-11T00:00:00.000+0000'],['2023-09-26T17:00:00.000+0000'],,['en'],['Support to Dissemination and exploitation (D&E)'],['1'],['https://ec.europa.eu/info/funding-tenders/opportunities/data/topicDetails/DIGITAL-2023-PROGRAM-SUPPORT-04-DISSEM-EXPLOIT.json'],['https://ec.europa.eu/info/funding-tenders/opportunities/data/topicDetails/DIGITAL-2023-PROGRAM-SUPPORT-04-DISSEM-EXPLOIT.json'],['46029545'],['SEDIA_PRD_CENTRICITY'],,,['43152860'],['2023-05-11T00:00:00.000+0000'],['single-stage'],['31094502'],['DIGITAL Coordination and Support Actions'],2026-09-20 09:08:50.362431+00:00
2.155,46007604LIFEProjectGrants1683763200000,https://ec.europa.eu/info/funding-tenders/opportunities/data/topicDetails/LIFE-2023-CET-BUSINESS.json,text/plain,en,,,Supporting the clean energy transition of European businesses,0.0,Supporting the clean energy transition of European businesses,False,[],[],Supporting the clean energy transition of European businesses. Available at: https://ec.europa.eu/info/funding-tenders/opportunities/data/topicDetails/LIFE-2023-CET-BUSINESS.json,['LIFE-2023-CET-BUSINESS'],['text/plain'],,['2023-05-11T00:00:00.000+0000'],['2023-11-16T17:00:00.000+0000'],,['en'],['Supporting the clean energy transition of European businesses'],['1'],['https://ec.europa.eu/info/funding-tenders/opportunities/data/topicDetails/LIFE-2023-CET-BUSINESS.json'],['https://ec.europa.eu/info/funding-tenders/opportunities/data/topicDetails/LIFE-2023-CET-BUSINESS.json'],['46007649'],['SEDIA_PRD_CENTRICITY'],,,['43252405'],['2023-05-11T00:00:00.000+0000'],['single-stage'],['31094502'],['LIFE Project Grants'],2026-09-20 09:08:50.362431+00:00
2.155,46029762DIGITALSimpleGrants1683763200000,https://ec.europa.eu/info/funding-tenders/opportunities/data/topicDetails/DIGITAL-2023-DEPLOY-BESTUSE-TECH-04-ENERSAVING.json,text/plain,en,,,EU Energy saving reference framework,0.0,EU Energy saving reference framework,False,[],[],EU Energy saving reference framework. Available at: https://ec.europa.eu/info/funding-tenders/opportunities/data/topicDetails/DIGITAL-2023-DEPLOY-BESTUSE-TECH-04-ENERSAVING.json,['DIGITAL-2023-DEPLOY-BESTUSE-TECH-04-ENERSAVING'],['text/plain'],,['2023-05-11T00:00:00.000+0000'],['2023-09-26T17:00:00.000+0000'],,['en'],['EU Energy saving reference framework'],['1'],['https://ec.europa.eu/info/funding-tenders/opportunities/data/topicDetails/DIGITAL-2023-DEPLOY-BESTUSE-TECH-04-ENERSAVING.json'],['https://ec.europa.eu/info/funding-tenders/opportunities/data/topicDetails/DIGITAL-2023-DEPLOY-BESTUSE-TECH-04-ENERSAVING.json'],['46029790'],['SEDIA_PRD_CENTRICITY'],,,['43152860'],['2023-05-11T00:00:00.000+0000'],['single-stage'],['31094502'],['DIGITAL Simple Grants'],2026-09-20 09:08:50.362431+00:00
2.155,46007634LIFEProjectGrants1683763200000,https://ec.europa.eu/info/funding-tenders/opportunities/data/topicDetails/LIFE-2023-CET-PDA.json,text/plain,en,,,Project Development Assistance for sustainable energy investments,0.0,Project Development Assistance for sustainable energy investments,False,[],[],Project Development Assistance for sustainable energy investments. Available at: https://ec.europa.eu/info/funding-tenders/opportunities/data/topicDetails/LIFE-2023-CET-PDA.json,['LIFE-2023-CET-PDA'],['text/plain'],,['2023-05-11T00:00:00.000+0000'],['2023-11-16T17:00:00.000+0000'],,['en'],['Project Development Assistance for sustainable energy investments'],['1'],['https://ec.europa.eu/info/funding-tenders/opportunities/data/topicDetails/LIFE-2023-CET-PDA.json'],['https://ec.europa.eu/info/funding-tenders/opportunities/data/topicDetails/LIFE-2023-CET-PDA.json'],['46007649'],['SEDIA_PRD_CENTRICITY'],,,['43252405'],['2023-05-11T00:00:00.000+0000'],['single-stage'],['31094502'],['LIFE Project Grants'],2026-09-20 09:08:50.362431+00:00
2.155,46007639LIFEProjectGrants1683763200000,https://ec.europa.eu/info/funding-tenders/opportunities/data/topicDetails/LIFE-2023-CET-ENERPOV.json,text/plain,en,,,Alleviating household energy poverty and vulnerability in Europe,0.0,Alleviating household energy poverty and vulnerability in Europe,False,[],[],Alleviating household energy poverty and vulnerability in Europe. Available at: https://ec.europa.eu/info/funding-tenders/opportunities/data/topicDetails/LIFE-2023-CET-ENERPOV.json,['LIFE-2023-CET-ENERPOV'],['text/plain'],,['2023-05-11T00:00:00.000+0000'],['2023-11-16T17:00:00.000+0000'],,['en'],['Alleviating household energy poverty and vulnerability in Europe'],['1'],['https://ec.europa.eu/info/funding-tenders/opportunities/data/topicDetails/LIFE-2023-CET-ENERPOV.json'],['https://ec.europa.eu/info/funding-tenders/opportunities/data/topicDetails/LIFE-2023-CET-ENERPOV.json'],['46007649'],['SEDIA_PRD_CENTRICITY'],,,['43252405'],['2023-05-11T00:00:00.000+0000'],['single-stage'],['31094502'],['LIFE Project Grants'],2026-09-20 09:08:50.362431+00:00
2.155,46007624LIFEProjectGrants1683763200000,https://ec.europa.eu/info/funding-tenders/opportunities/data/topicDetails/LIFE-2023-CET-PRIVAFIN.json,text/plain,en,,,Crowding in private finance,0.0,Crowding in private finance,False,[],[],Crowding in private finance. Available at: https://ec.europa.eu/info/funding-tenders/opportunities/data/topicDetails/LIFE-2023-CET-PRIVAFIN.json,['LIFE-2023-CET-PRIVAFIN'],['text/plain'],,['2023-05-11T00:00:00.000+0000'],['2023-11-16T17:00:00.000+0000'],,['en'],['Crowding in private finance'],['1'],['https://ec.europa.eu/info/funding-tenders/opportunities/data/topicDetails/LIFE-2023-CET-PRIVAFIN.json'],['https://ec.europa.eu/info/funding-tenders/opportunities/data/topicDetails/LIFE-2023-CET-PRIVAFIN.json'],['46007649'],['SEDIA_PRD_CENTRICITY'],,,['43252405'],['2023-05-11T00:00:00.000+0000'],['single-stage'],['31094502'],['LIFE Project Grants'],2026-09-20 09:08:50.362431+00:00
2.155,46007614LIFEProjectGrants1683763200000,https://ec.europa.eu/info/funding-tenders/opportunities/data/topicDetails/LIFE-2023-CET-HEATPUMPS.json,text/plain,en,,,Boosting heat pump deployment through alternative models and skilled installers,0.0,Boosting heat pump deployment through alternative models and skilled installers,False,[],[],Boosting heat pump deployment through alternative models and skilled installers. Available at: https://ec.europa.eu/info/funding-tenders/opportunities/data/topicDetails/LIFE-2023-CET-HEATPUMPS.json,['LIFE-2023-CET-HEATPUMPS'],['text/plain'],,['2023-05-11T00:00:00.000+0000'],['2023-11-16T17:00:00.000+0000'],,['en'],['Boosting heat pump deployment through alternative models and skilled installers'],['1'],['https://ec.europa.eu/info/funding-tenders/opportunities/data/topicDetails/LIFE-2023-CET-HEATPUMPS.json'],['https://ec.europa.eu/info/funding-tenders/opportunities/data/topicDetails/LIFE-2023-CET-HEATPUMPS.json'],['46007649'],['SEDIA_PRD_CENTRICITY'],,,['43252405'],['2023-05-11T00:00:00.000+0000'],['single-stage'],['31094502'],['LIFE Project Grants'],2026-09-20 09:08:50.362431+00:00
2.155,46029849DIGITALSimpleGrants1683763200000,https://ec.europa.eu/info/funding-tenders/opportunities/data/topicDetails/DIGITAL-2023-CLOUD-AI-04-AEROSEC.json,text/plain,en,,,Highly secure collaborative platform for aeronautics and security industry,0.0,Highly secure collaborative platform for aeronautics and security industry,False,[],[],Highly secure collaborative platform for aeronautics and security industry. Available at: https://ec.europa.eu/info/funding-tenders/opportunities/data/topicDetails/DIGITAL-2023-CLOUD-AI-04-AEROSEC.json,['DIGITAL-2023-CLOUD-AI-04-AEROSEC'],['text/plain'],,['2023-05-11T00:00:00.000+0000'],['2023-09-26T17:00:00.000+0000'],,['en'],['Highly secure collaborative platform for aeronautics and security industry'],['1'],['https://ec.europa.eu/info/funding-tenders/opportunities/data/topicDetails/DIGITAL-2023-CLOUD-AI-04-AEROSEC.json'],['https://ec.europa.eu/info/funding-tenders/opportunities/data/topicDetails/DIGITAL-2023-CLOUD-AI-04-AEROSEC.json'],['46030033'],['SEDIA_PRD_CENTRICITY'],,,['43152860'],['2023-05-11T00:00:00.000+0000'],['single-stage'],['31094502'],['DIGITAL Simple Grants'],2026-09-20 09:08:50.362431+00:00
2.155,46007599LIFEProjectGrants1683763200000,https://ec.europa.eu/info/funding-tenders/opportunities/data/topicDetails/LIFE-2023-CET-BETTERRENO.json,text/plain,en,,,"Energy Performance of Buildings - Creating the conditions to make renovation faster, deeper, smarter, service- and data-driven",0.0,"Energy Performance of Buildings - Creating the conditions to make renovation faster, deeper, smarter, service- and data-driven",False,[],[],"Energy Performance of Buildings - Creating the conditions to make renovation faster, deeper, smarter, service- and data-driven. Available at: https://ec.europa.eu/info/funding-tenders/opportunities/data/topicDetails/LIFE-2023-CET-BETTERRENO.json",['LIFE-2023-CET-BETTERRENO'],['text/plain'],,['2023-05-11T00:00:00.000+0000'],['2023-11-16T17:00:00.000+0000'],,['en'],"['Energy Performance of Buildings - Creating the conditions to make renovation faster, deeper, smarter, service- and data-driven']",['1'],['https://ec.europa.eu/info/funding-tenders/opportunities/data/topicDetails/LIFE-2023-CET-BETTERRENO.json'],['https://ec.europa.eu/info/funding-tenders/opportunities/data/topicDetails/LIFE-2023-CET-BETTERRENO.json'],['46007649'],['SEDIA_PRD_CENTRICITY'],,,['43252405'],['2023-05-11T00:00:00.000+0000'],['single-stage'],['31094502'],['LIFE Project Grants'],2026-09-20 09:08:50.362431+00:00
2.155,46007589LIFEProjectGrants1683763200000,https://ec.europa.eu/info/funding-tenders/opportunities/data/topicDetails/LIFE-2023-CET-POLICY.json,text/plain,en,,,Towards an effective implementation of key legislation in the field of sustainable energy,0.0,Towards an effective implementation of key legislation in the field of sustainable energy,False,[],[],Towards an effective implementation of key legislation in the field of sustainable energy. Available at: https://ec.europa.eu/info/funding-tenders/opportunities/data/topicDetails/LIFE-2023-CET-POLICY.json,['LIFE-2023-CET-POLICY'],['text/plain'],,['2023-05-11T00:00:00.000+0000'],['2023-11-16T17:00:00.000+0000'],,['en'],['Towards an effective implementation of key legislation in the field of sustainable energy'],['1'],['https://ec.europa.eu/info/funding-tenders/opportunities/data/topicDetails/LIFE-2023-CET-POLICY.json'],['https://ec.europa.eu/info/funding-tenders/opportunities/data/topicDetails/LIFE-2023-CET-POLICY.json'],['46007649'],['SEDIA_PRD_CENTRICITY'],,,['43252405'],['2023-05-11T00:00:00.000+0000'],['single-stage'],['31094502'],['LIFE Project Grants'],2026-09-20 09:08:50.362431+00:00
2.155,46007594LIFEProjectGrants1683763200000,https://ec.europa.eu/info/funding-tenders/opportunities/data/topicDetails/LIFE-2023-CET-EPREL.json,text/plain,en,,,Maximising use of and valorising EPREL data through innovative applications,0.0,Maximising use of and valorising EPREL data through innovative applications,False,[],[],Maximising use of and valorising EPREL data through innovative applications. Available at: https://ec.europa.eu/info/funding-tenders/opportunities/data/topicDetails/LIFE-2023-CET-EPREL.json,['LIFE-2023-CET-EPREL'],['text/plain'],,['2023-05-11T00:00:00.000+0000'],['2023-11-16T17:00:00.000+0000'],,['en'],['Maximising use of and valorising EPREL data through innovative applications'],['1'],['https://ec.europa.eu/info/funding-tenders/opportunities/data/topicDetails/LIFE-2023-CET-EPREL.json'],['https://ec.europa.eu/info/funding-tenders/opportunities/data/topicDetails/LIFE-2023-CET-EPREL.json'],['46007649'],['SEDIA_PRD_CENTRICITY'],,,['43252405'],['2023-05-11T00:00:00.000+0000'],['single-stage'],['31094502'],['LIFE Project Grants'],2026-09-20 09:08:50.362431+00:00
2.155,46007619LIFEProjectGrants1683763200000,https://ec.europa.eu/info/funding-tenders/opportunities/data/topicDetails/LIFE-2023-CET-DHC.json,text/plain,en,,,District heating and cooling: Enabling modernisation and fuel switch through support for investment plans and skills development,0.0,District heating and cooling: Enabling modernisation and fuel switch through support for investment plans and skills development,False,[],[],District heating and cooling: Enabling modernisation and fuel switch through support for investment plans and skills development. Available at: https://ec.europa.eu/info/funding-tenders/opportunities/data/topicDetails/LIFE-2023-CET-DHC.json,['LIFE-2023-CET-DHC'],['text/plain'],,['2023-05-11T00:00:00.000+0000'],['2023-11-16T17:00:00.000+0000'],,['en'],['District heating and cooling: Enabling modernisation and fuel switch through support for investment plans and skills development'],['1'],['https://ec.europa.eu/info/funding-tenders/opportunities/data/topicDetails/LIFE-2023-CET-DHC.json'],['https://ec.europa.eu/info/funding-tenders/opportunities/data/topicDetails/LIFE-2023-CET-DHC.json'],['46007649'],['SEDIA_PRD_CENTRICITY'],,,['43252405'],['2023-05-11T00:00:00.000+0000'],['single-stage'],['31094502'],['LIFE Project Grants'],2026-09-20 09:08:50.362431+00:00
2.155,46015116HORIZONJUResearchandInnovationActions1683676800000,https://ec.europa.eu/info/funding-tenders/opportunities/data/topicDetails/HORIZON-JU-GH-EDCTP3-2023-01-01.json,text/plain,en,,,Global Health EDCTP3 Training Networks - Clinical Research Fellowships,0.0,Global Health EDCTP3 Training Networks - Clinical Research Fellowships,False,[],[],Global Health EDCTP3 Training Networks - Clinical Research Fellowships. Available at: https://ec.europa.eu/info/funding-tenders/opportunities/data/topicDetails/HORIZON-JU-GH-EDCTP3-2023-01-01.json,['HORIZON-JU-GH-EDCTP3-2023-01-01'],['text/plain'],,['2023-05-10T00:00:00.000+0000'],['2023-06-29T17:00:00.000+0000'],,['en'],['Global Health EDCTP3 Training Networks - Clinical Research Fellowships'],['1'],['https://ec.europa.eu/info/funding-tenders/opportunities/data/topicDetails/HORIZON-JU-GH-EDCTP3-2023-01-01.json'],['https://ec.europa.eu/info/funding-tenders/opportunities/data/topicDetails/HORIZON-JU-GH-EDCTP3-2023-01-01.json'],['46015337'],['SEDIA_PRD_CENTRICITY'],,,['43108390'],['2023-05-10T00:00:00.000+0000'],['single-stage'],['31094502'],['HORIZON JU Research and Innovation Actions'],2026-09-20 09:08:50.362431+00:00
2.155,46015248HORIZONJUResearchandInnovationActions1683676800000,https://ec.europa.eu/info/funding-tenders/opportunities/data/topicDetails/HORIZON-JU-GH-EDCTP3-2023-01-04.json,text/plain,en,,,Research to rapidly evaluate interventions on Ebola outbreaks in sub-Saharan Africa,0.0,Research to rapidly evaluate interventions on Ebola outbreaks in sub-Saharan Africa,False,[],[],Research to rapidly evaluate interventions on Ebola outbreaks in sub-Saharan Africa. Available at: https://ec.europa.eu/info/funding-tenders/opportunities/data/topicDetails/HORIZON-JU-GH-EDCTP3-2023-01-04.json,['HORIZON-JU-GH-EDCTP3-2023-01-04'],['text/plain'],,['2023-05-10T00:00:00.000+0000'],['2023-06-29T17:00:00.000+0000'],,['en'],['Research to rapidly evaluate interventions on Ebola outbreaks in sub-Saharan Africa'],['1'],['https://ec.europa.eu/info/funding-tenders/opportunities/data/topicDetails/HORIZON-JU-GH-EDCTP3-2023-01-04.json'],['https://ec.europa.eu/info/funding-tenders/opportunities/data/topicDetails/HORIZON-JU-GH-EDCTP3-2023-01-04.json'],['46015337'],['SEDIA_PRD_CENTRICITY'],,,['43108390'],['2023-05-10T00:00:00.000+0000'],['single-stage'],['31094502'],['HORIZON JU Research and Innovation Actions'],2026-09-20 09:08:50.362431+00:00
2.155,46015193HORIZONJUResearchandInnovationActions1683676800000,https://ec.europa.eu/info/funding-tenders/opportunities/data/topicDetails/HORIZON-JU-GH-EDCTP3-2023-01-03.json,text/plain,en,,,Implementation research/real life assessment of existing interventions in women and children’s health,0.0,Implementation research/real life assessment of existing interventions in women and children’s health,False,[],[],Implementation research/real life assessment of existing interventions in women and children’s health. Available at: https://ec.europa.eu/info/funding-tenders/opportunities/data/topicDetails/HORIZON-JU-GH-EDCTP3-2023-01-03.json,['HORIZON-JU-GH-EDCTP3-2023-01-03'],['text/plain'],,['2023-05-10T00:00:00.000+0000'],['2023-06-29T17:00:00.000+0000'],,['en'],['Implementation research/real life assessment of existing interventions in women and children’s health'],['1'],['https://ec.europa.eu/info/funding-tenders/opportunities/data/topicDetails/HORIZON-JU-GH-EDCTP3-2023-01-03.json'],['https://ec.europa.eu/info/funding-tenders/opportunities/data/topicDetails/HORIZON-JU-GH-EDCTP3-2023-01-03.json'],['46015337'],['SEDIA_PRD_CENTRICITY'],,,['43108390'],['2023-05-10T00:00:00.000+0000'],['single-stage'],['31094502'],['HORIZON JU Research and Innovation Actions'],2026-09-20 09:08:50.362431+00:00
2.155,46015293HORIZONJUCoordinationandSupportActions1683676800000,https://ec.europa.eu/info/funding-tenders/opportunities/data/topicDetails/HORIZON-JU-GH-EDCTP3-2023-01-05.json,text/plain,en,,,Strengthening ethics and regulatory capacity,0.0,Strengthening ethics and regulatory capacity,False,[],[],Strengthening ethics and regulatory capacity. Available at: https://ec.europa.eu/info/funding-tenders/opportunities/data/topicDetails/HORIZON-JU-GH-EDCTP3-2023-01-05.json,['HORIZON-JU-GH-EDCTP3-2023-01-05'],['text/plain'],,['2023-05-10T00:00:00.000+0000'],['2023-06-29T17:00:00.000+0000'],,['en'],['Strengthening ethics and regulatory capacity'],['1'],['https://ec.europa.eu/info/funding-tenders/opportunities/data/topicDetails/HORIZON-JU-GH-EDCTP3-2023-01-05.json'],['https://ec.europa.eu/info/funding-tenders/opportunities/data/topicDetails/HORIZON-JU-GH-EDCTP3-2023-01-05.json'],['46015337'],['SEDIA_PRD_CENTRICITY'],,,['43108390'],['2023-05-10T00:00:00.000+0000'],['single-stage'],['31094502'],['HORIZON JU Coordination and Support Actions'],2026-09-20 09:08:50.362431+00:00
2.155,46015157HORIZONJUResearchandInnovationActions1683676800000,https://ec.europa.eu/info/funding-tenders/opportunities/data/topicDetails/HORIZON-JU-GH-EDCTP3-2023-01-02.json,text/plain,en,,,Funding to successfully finalise EDCTP2-funded clinical trials that were negatively impacted by the COVID-19 pandemic,0.0,Funding to successfully finalise EDCTP2-funded clinical trials that were negatively impacted by the COVID-19 pandemic,False,[],[],Funding to successfully finalise EDCTP2-funded clinical trials that were negatively impacted by the COVID-19 pandemic. Available at: https://ec.europa.eu/info/funding-tenders/opportunities/data/topicDetails/HORIZON-JU-GH-EDCTP3-2023-01-02.json,['HORIZON-JU-GH-EDCTP3-2023-01-02'],['text/plain'],,['2023-05-10T00:00:00.000+0000'],['2023-06-29T17:00:00.000+0000'],,['en'],['Funding to successfully finalise EDCTP2-funded clinical trials that were negatively impacted by the COVID-19 pandemic'],['1'],['https://ec.europa.eu/info/funding-tenders/opportunities/data/topicDetails/HORIZON-JU-GH-EDCTP3-2023-01-02.json'],['https://ec.europa.eu/info/funding-tenders/opportunities/data/topicDetails/HORIZON-JU-GH-EDCTP3-2023-01-02.json'],['46015337'],['SEDIA_PRD_CENTRICITY'],,,['43108390'],['2023-05-10T00:00:00.000+0000'],['single-stage'],['31094502'],['HORIZON JU Research and Innovation Actions'],2026-09-20 09:08:50.362431+00:00
2.155,45646069HORIZONResearchandInnovationActions1683158400000,https://ec.europa.eu/info/funding-tenders/opportunities/data/topicDetails/HORIZON-CL5-2023-D6-01-10.json,text/plain,en,,,Better infrastructure safety on urban and secondary rural roads throughout a combination of adaptable monitoring and maintenance solutions,0.0,Better infrastructure safety on urban and secondary rural roads throughout a combination of adaptable monitoring and maintenance solutions,False,[],[],Better infrastructure safety on urban and secondary rural roads throughout a combination of adaptable monitoring and maintenance solutions. Available at: https://ec.europa.eu/info/funding-tenders/opportunities/data/topicDetails/HORIZON-CL5-2023-D6-01-10.json,['HORIZON-CL5-2023-D6-01-10'],['text/plain'],,['2023-05-04T00:00:00.000+0000'],['2023-09-05T17:00:00.000+0000'],,['en'],['Better infrastructure safety on urban and secondary rural roads throughout a combination of adaptable monitoring and maintenance solutions'],['1'],['https://ec.europa.eu/info/funding-tenders/opportunities/data/topicDetails/HORIZON-CL5-2023-D6-01-10.json'],['https://ec.europa.eu/info/funding-tenders/opportunities/data/topicDetails/HORIZON-CL5-2023-D6-01-10.json'],['45705887'],['SEDIA_PRD_CENTRICITY'],,,['43108390'],['2023-05-04T00:00:00.000+0000'],['single-stage'],['31094502'],['HORIZON  Research and Innovation Actions'],2026-09-20 09:08:50.362431+00:00
2.155,45648451HORIZONInnovationActions1683158400000,https://ec.europa.eu/info/funding-tenders/opportunities/data/topicDetails/HORIZON-CL5-2023-D3-03-04.json,text/plain,en,,,Digital tools for enhancing the uptake of digital services in the energy market,0.0,Digital tools for enhancing the uptake of digital services in the energy market,False,[],[],Digital tools for enhancing the uptake of digital services in the energy market. Available at: https://ec.europa.eu/info/funding-tenders/opportunities/data/topicDetails/HORIZON-CL5-2023-D3-03-04.json,['HORIZON-CL5-2023-D3-03-04'],['text/plain'],,['2023-05-04T00:00:00.000+0000'],['2023-10-10T17:00:00.000+0000'],,['en'],['Digital tools for enhancing the uptake of digital services in the energy market'],['1'],['https://ec.europa.eu/info/funding-tenders/opportunities/data/topicDetails/HORIZON-CL5-2023-D3-03-04.json'],['https://ec.europa.eu/info/funding-tenders/opportunities/data/topicDetails/HORIZON-CL5-2023-D3-03-04.json'],['45705815'],['SEDIA_PRD_CENTRICITY'],,,['43108390'],['2023-05-04T00:00:00.000+0000'],['single-stage'],['31094502'],['HORIZON Innovation Actions'],2026-09-20 09:08:50.362431+00:00
2.155,45646869HORIZONInnovationActions1683158400000,https://ec.europa.eu/info/funding-tenders/opportunities/data/topicDetails/HORIZON-CL5-2023-D3-03-03.json,text/plain,en,,,System approach for grid planning and upgrade in support of a dominant electric mobility (vehicles and vessels) using AI tools,0.0,System approach for grid planning and upgrade in support of a dominant electric mobility (vehicles and vessels) using AI tools,False,[],[],System approach for grid planning and upgrade in support of a dominant electric mobility (vehicles and vessels) using AI tools. Available at: https://ec.europa.eu/info/funding-tenders/opportunities/data/topicDetails/HORIZON-CL5-2023-D3-03-03.json,['HORIZON-CL5-2023-D3-03-03'],['text/plain'],,['2023-05-04T00:00:00.000+0000'],['2023-10-10T17:00:00.000+0000'],,['en'],['System approach for grid planning and upgrade in support of a dominant electric mobility (vehicles and vessels) using AI tools'],['1'],['https://ec.europa.eu/info/funding-tenders/opportunities/data/topicDetails/HORIZON-CL5-2023-D3-03-03.json'],['https://ec.europa.eu/info/funding-tenders/opportunities/data/topicDetails/HORIZON-CL5-2023-D3-03-03.json'],['45705815'],['SEDIA_PRD_CENTRICITY'],,,['43108390'],['2023-05-04T00:00:00.000+0000'],['single-stage'],['31094502'],['HORIZON Innovation Actions'],2026-09-20 09:08:50.362431+00:00
2.155,45648694HORIZONInnovationActions1683158400000,https://ec.europa.eu/info/funding-tenders/opportunities/data/topicDetails/HORIZON-CL5-2023-D4-02-03.json,text/plain,en,,,"Demonstrate built-environment decarbonisation pathways through bottom-up technological, social and policy innovation for adaptive integrated sustainable renovation solutions (Built4People Partnership)",0.0,"Demonstrate built-environment decarbonisation pathways through bottom-up technological, social and policy innovation for adaptive integrated sustainable renovation solutions (Built4People Partnership)",False,[],[],"Demonstrate built-environment decarbonisation pathways through bottom-up technological, social and policy innovation for adaptive integrated sustainable renovation solutions (Built4People Partnership). Available at: https://ec.europa.eu/info/funding-tenders/opportunities/data/topicDetails/HORIZON-CL5-2023-D4-02-03.json",['HORIZON-CL5-2023-D4-02-03'],['text/plain'],,['2023-05-04T00:00:00.000+0000'],['2023-09-05T17:00:00.000+0000'],,['en'],"['Demonstrate built-environment decarbonisation pathways through bottom-up technological, social and policy innovation for adaptive integrated sustainable renovation solutions (Built4People Partnership)']",['1'],['https://ec.europa.eu/info/funding-tenders/opportunities/data/topicDetails/HORIZON-CL5-2023-D4-02-03.json'],['https://ec.europa.eu/info/funding-tenders/opportunities/data/topicDetails/HORIZON-CL5-2023-D4-02-03.json'],['45705850'],['SEDIA_PRD_CENTRICITY'],,,['43108390'],['2023-05-04T00:00:00.000+0000'],['single-stage'],['31094502'],['HORIZON Innovation Actions'],2026-09-20 09:08:50.362431+00:00
2.155,45646794HORIZONInnovationActions1683158400000,https://ec.europa.eu/info/funding-tenders/opportunities/data/topicDetails/HORIZON-CL5-2023-D3-02-13.json,text/plain,en,,,"Operation, Performance and Maintenance of PV Systems",0.0,"Operation, Performance and Maintenance of PV Systems",False,[],[],"Operation, Performance and Maintenance of PV Systems. Available at: https://ec.europa.eu/info/funding-tenders/opportunities/data/topicDetails/HORIZON-CL5-2023-D3-02-13.json",['HORIZON-CL5-2023-D3-02-13'],['text/plain'],,['2023-05-04T00:00:00.000+0000'],['2023-09-05T17:00:00.000+0000'],,['en'],"['Operation, Performance and Maintenance of PV Systems']",['1'],['https://ec.europa.eu/info/funding-tenders/opportunities/data/topicDetails/HORIZON-CL5-2023-D3-02-13.json'],['https://ec.europa.eu/info/funding-tenders/opportunities/data/topicDetails/HORIZON-CL5-2023-D3-02-13.json'],['45705728'],['SEDIA_PRD_CENTRICITY'],,,['43108390'],['2023-05-04T00:00:00.000+0000'],['single-stage'],['31094502'],['HORIZON Innovation Actions'],2026-09-20 09:08:50.362431+00:00
2.155,45646687HORIZONResearchandInnovationActions1683158400000,https://ec.europa.eu/info/funding-tenders/opportunities/data/topicDetails/HORIZON-CL5-2023-D3-02-05.json,text/plain,en,,,Advanced exploration technologies for geothermal resources in a wide range of geological settings,0.0,Advanced exploration technologies for geothermal resources in a wide range of geological settings,False,[],[],Advanced exploration technologies for geothermal resources in a wide range of geological settings. Available at: https://ec.europa.eu/info/funding-tenders/opportunities/data/topicDetails/HORIZON-CL5-2023-D3-02-05.json,['HORIZON-CL5-2023-D3-02-05'],['text/plain'],,['2023-05-04T00:00:00.000+0000'],['2023-09-05T17:00:00.000+0000'],,['en'],['Advanced exploration technologies for geothermal resources in a wide range of geological settings'],['1'],['https://ec.europa.eu/info/funding-tenders/opportunities/data/topicDetails/HORIZON-CL5-2023-D3-02-05.json'],['https://ec.europa.eu/info/funding-tenders/opportunities/data/topicDetails/HORIZON-CL5-2023-D3-02-05.json'],['45705728'],['SEDIA_PRD_CENTRICITY'],,,['43108390'],['2023-05-04T00:00:00.000+0000'],['single-stage'],['31094502'],['HORIZON  Research and Innovation Actions'],2026-09-20 09:08:50.362431+00:00
2.155,45646721HORIZONResearchandInnovationActions1683158400000,https://ec.europa.eu/info/funding-tenders/opportunities/data/topicDetails/HORIZON-CL5-2023-D3-02-11.json,text/plain,en,,,Advanced concepts for crystalline Silicon technology,0.0,Advanced concepts for crystalline Silicon technology,False,[],[],Advanced concepts for crystalline Silicon technology. Available at: https://ec.europa.eu/info/funding-tenders/opportunities/data/topicDetails/HORIZON-CL5-2023-D3-02-11.json,['HORIZON-CL5-2023-D3-02-11'],['text/plain'],,['2023-05-04T00:00:00.000+0000'],['2023-09-05T17:00:00.000+0000'],,['en'],['Advanced concepts for crystalline Silicon technology'],['1'],['https://ec.europa.eu/info/funding-tenders/opportunities/data/topicDetails/HORIZON-CL5-2023-D3-02-11.json'],['https://ec.europa.eu/info/funding-tenders/opportunities/data/topicDetails/HORIZON-CL5-2023-D3-02-11.json'],['45705728'],['SEDIA_PRD_CENTRICITY'],,,['43108390'],['2023-05-04T00:00:00.000+0000'],['single-stage'],['31094502'],['HORIZON  Research and Innovation Actions'],2026-09-20 09:08:50.362431+00:00
2.155,45644951HORIZONResearchandInnovationActions1683158400000,https://ec.europa.eu/info/funding-tenders/opportunities/data/topicDetails/HORIZON-CL5-2023-D3-03-01.json,text/plain,en,,,Increasing the efficiency of innovative static energy conversion devices for electricity and heat/cold generation,0.0,Increasing the efficiency of innovative static energy conversion devices for electricity and heat/cold generation,False,[],[],Increasing the efficiency of innovative static energy conversion devices for electricity and heat/cold generation. Available at: https://ec.europa.eu/info/funding-tenders/opportunities/data/topicDetails/HORIZON-CL5-2023-D3-03-01.json,['HORIZON-CL5-2023-D3-03-01'],['text/plain'],,['2023-05-04T00:00:00.000+0000'],['2023-10-10T17:00:00.000+0000'],,['en'],['Increasing the efficiency of innovative static energy conversion devices for electricity and heat/cold generation'],['1'],['https://ec.europa.eu/info/funding-tenders/opportunities/data/topicDetails/HORIZON-CL5-2023-D3-03-01.json'],['https://ec.europa.eu/info/funding-tenders/opportunities/data/topicDetails/HORIZON-CL5-2023-D3-03-01.json'],['45705815'],['SEDIA_PRD_CENTRICITY'],,,['43108390'],['2023-05-04T00:00:00.000+0000'],['single-stage'],['31094502'],['HORIZON  Research and Innovation Actions'],2026-09-20 09:08:50.362431+00:00
2.155,45642352HORIZONCoordinationandSupportActions1683158400000,https://ec.europa.eu/info/funding-tenders/opportunities/data/topicDetails/HORIZON-CL5-2023-D6-01-13.json,text/plain,en,,,Support for dissemination events in the field of Transport Research,0.0,Support for dissemination events in the field of Transport Research,False,[],[],Support for dissemination events in the field of Transport Research. Available at: https://ec.europa.eu/info/funding-tenders/opportunities/data/topicDetails/HORIZON-CL5-2023-D6-01-13.json,['HORIZON-CL5-2023-D6-01-13'],['text/plain'],,['2023-05-04T00:00:00.000+0000'],['2023-09-05T17:00:00.000+0000'],,['en'],['Support for dissemination events in the field of Transport Research'],['1'],['https://ec.europa.eu/info/funding-tenders/opportunities/data/topicDetails/HORIZON-CL5-2023-D6-01-13.json'],['https://ec.europa.eu/info/funding-tenders/opportunities/data/topicDetails/HORIZON-CL5-2023-D6-01-13.json'],['45705887'],['SEDIA_PRD_CENTRICITY'],,,['43108390'],['2023-05-04T00:00:00.000+0000'],['single-stage'],['31094502'],['HORIZON Coordination and Support Actions'],2026-09-20 09:08:50.362431+00:00
2.155,45642425HORIZONResearchandInnovationActions1683158400000,https://ec.europa.eu/info/funding-tenders/opportunities/data/topicDetails/HORIZON-CL5-2023-D3-02-01.json,text/plain,en,,,Development of near zero-emission biomass heat and/or CHP including carbon capture,0.0,Development of near zero-emission biomass heat and/or CHP including carbon capture,False,[],[],Development of near zero-emission biomass heat and/or CHP including carbon capture. Available at: https://ec.europa.eu/info/funding-tenders/opportunities/data/topicDetails/HORIZON-CL5-2023-D3-02-01.json,['HORIZON-CL5-2023-D3-02-01'],['text/plain'],,['2023-05-04T00:00:00.000+0000'],['2023-09-05T17:00:00.000+0000'],,['en'],['Development of near zero-emission biomass heat and/or CHP including carbon capture'],['1'],['https://ec.europa.eu/info/funding-tenders/opportunities/data/topicDetails/HORIZON-CL5-2023-D3-02-01.json'],['https://ec.europa.eu/info/funding-tenders/opportunities/data/topicDetails/HORIZON-CL5-2023-D3-02-01.json'],['45705728'],['SEDIA_PRD_CENTRICITY'],,,['43108390'],['2023-05-04T00:00:00.000+0000'],['single-stage'],['31094502'],['HORIZON  Research and Innovation Actions'],2026-09-20 09:08:50.362431+00:00
2.155,45643348HORIZONCoordinationandSupportActions1683158400000,https://ec.europa.eu/info/funding-tenders/opportunities/data/topicDetails/HORIZON-CL5-2023-D4-02-04.json,text/plain,en,,,Fast-tracking and promoting built environment construction and renovation innovation with local value chains (Built4People Partnership),0.0,Fast-tracking and promoting built environment construction and renovation innovation with local value chains (Built4People Partnership),False,[],[],Fast-tracking and promoting built environment construction and renovation innovation with local value chains (Built4People Partnership). Available at: https://ec.europa.eu/info/funding-tenders/opportunities/data/topicDetails/HORIZON-CL5-2023-D4-02-04.json,['HORIZON-CL5-2023-D4-02-04'],['text/plain'],,['2023-05-04T00:00:00.000+0000'],['2023-09-05T17:00:00.000+0000'],,['en'],['Fast-tracking and promoting built environment construction and renovation innovation with local value chains (Built4People Partnership)'],['1'],['https://ec.europa.eu/info/funding-tenders/opportunities/data/topicDetails/HORIZON-CL5-2023-D4-02-04.json'],['https://ec.europa.eu/info/funding-tenders/opportunities/data/topicDetails/HORIZON-CL5-2023-D4-02-04.json'],['45705850'],['SEDIA_PRD_CENTRICITY'],,,['43108390'],['2023-05-04T00:00:00.000+0000'],['single-stage'],['31094502'],['HORIZON Coordination and Support Actions'],2026-09-20 09:08:50.362431+00:00
2.155,45643522HORIZONInnovationActions1683158400000,https://ec.europa.eu/info/funding-tenders/opportunities/data/topicDetails/HORIZON-CL5-2023-D4-02-02.json,text/plain,en,,,"Solutions for the identification of vulnerable buildings and people-centric built environment, and for improving their resilience in disruptive events and altered conditions in a changing climate (Built4People Partnership)",0.0,"Solutions for the identification of vulnerable buildings and people-centric built environment, and for improving their resilience in disruptive events and altered conditions in a changing climate (Built4People Partnership)",False,[],[],"Solutions for the identification of vulnerable buildings and people-centric built environment, and for improving their resilience in disruptive events and altered conditions in a changing climate (Built4People Partnership). Available at: https://ec.europa.eu/info/funding-tenders/opportunities/data/topicDetails/HORIZON-CL5-2023-D4-02-02.json",['HORIZON-CL5-2023-D4-02-02'],['text/plain'],,['2023-05-04T00:00:00.000+0000'],['2023-09-05T17:00:00.000+0000'],,['en'],"['Solutions for the identification of vulnerable buildings and people-centric built environment, and for improving their resilience in disruptive events and altered conditions in a changing climate (Built4People Partnership)']",['1'],['https://ec.europa.eu/info/funding-tenders/opportunities/data/topicDetails/HORIZON-CL5-2023-D4-02-02.json'],['https://ec.europa.eu/info/funding-tenders/opportunities/data/topicDetails/HORIZON-CL5-2023-D4-02-02.json'],['45705850'],['SEDIA_PRD_CENTRICITY'],,,['43108390'],['2023-05-04T00:00:00.000+0000'],['single-stage'],['31094502'],['HORIZON Innovation Actions'],2026-09-20 09:08:50.362431+00:00
2.155,45642215HORIZONResearchandInnovationActions1683158400000,https://ec.europa.eu/info/funding-tenders/opportunities/data/topicDetails/HORIZON-CL5-2023-D3-02-02.json,text/plain,en,,,Novel thermal energy storage for CSP,0.0,Novel thermal energy storage for CSP,False,[],[],Novel thermal energy storage for CSP. Available at: https://ec.europa.eu/info/funding-tenders/opportunities/data/topicDetails/HORIZON-CL5-2023-D3-02-02.json,['HORIZON-CL5-2023-D3-02-02'],['text/plain'],,['2023-05-04T00:00:00.000+0000'],['2023-09-05T17:00:00.000+0000'],,['en'],['Novel thermal energy storage for CSP'],['1'],['https://ec.europa.eu/info/funding-tenders/opportunities/data/topicDetails/HORIZON-CL5-2023-D3-02-02.json'],['https://ec.europa.eu/info/funding-tenders/opportunities/data/topicDetails/HORIZON-CL5-2023-D3-02-02.json'],['45705728'],['SEDIA_PRD_CENTRICITY'],,,['43108390'],['2023-05-04T00:00:00.000+0000'],['single-stage'],['31094502'],['HORIZON  Research and Innovation Actions'],2026-09-20 09:08:50.362431+00:00
2.155,45649015HORIZONInnovationActions1683158400000,https://ec.europa.eu/info/funding-tenders/opportunities/data/topicDetails/HORIZON-CL5-2023-D6-01-03.json,text/plain,en,,,Infrastructure-enabled solutions for improving the continuity or extension of Operational Design Domains (ODDs) (CCAM Partnership),0.0,Infrastructure-enabled solutions for improving the continuity or extension of Operational Design Domains (ODDs) (CCAM Partnership),False,[],[],Infrastructure-enabled solutions for improving the continuity or extension of Operational Design Domains (ODDs) (CCAM Partnership). Available at: https://ec.europa.eu/info/funding-tenders/opportunities/data/topicDetails/HORIZON-CL5-2023-D6-01-03.json,['HORIZON-CL5-2023-D6-01-03'],['text/plain'],,['2023-05-04T00:00:00.000+0000'],['2023-09-05T17:00:00.000+0000'],,['en'],['Infrastructure-enabled solutions for improving the continuity or extension of Operational Design Domains (ODDs) (CCAM Partnership)'],['1'],['https://ec.europa.eu/info/funding-tenders/opportunities/data/topicDetails/HORIZON-CL5-2023-D6-01-03.json'],['https://ec.europa.eu/info/funding-tenders/opportunities/data/topicDetails/HORIZON-CL5-2023-D6-01-03.json'],['45705887'],['SEDIA_PRD_CENTRICITY'],,,['43108390'],['2023-05-04T00:00:00.000+0000'],['single-stage'],['31094502'],['HORIZON Innovation Actions'],2026-09-20 09:08:50.362431+00:00
2.155,45644791HORIZONResearchandInnovationActions1683158400000,https://ec.europa.eu/info/funding-tenders/opportunities/data/topicDetails/HORIZON-CL5-2023-D6-01-02.json,text/plain,en,,,"Generation of scenarios for development, training, virtual testing and validation of CCAM systems (CCAM Partnership)",0.0,"Generation of scenarios for development, training, virtual testing and validation of CCAM systems (CCAM Partnership)",False,[],[],"Generation of scenarios for development, training, virtual testing and validation of CCAM systems (CCAM Partnership). Available at: https://ec.europa.eu/info/funding-tenders/opportunities/data/topicDetails/HORIZON-CL5-2023-D6-01-02.json",['HORIZON-CL5-2023-D6-01-02'],['text/plain'],,['2023-05-04T00:00:00.000+0000'],['2023-09-05T17:00:00.000+0000'],,['en'],"['Generation of scenarios for development, training, virtual testing and validation of CCAM systems (CCAM Partnership)']",['1'],['https://ec.europa.eu/info/funding-tenders/opportunities/data/topicDetails/HORIZON-CL5-2023-D6-01-02.json'],['https://ec.europa.eu/info/funding-tenders/opportunities/data/topicDetails/HORIZON-CL5-2023-D6-01-02.json'],['45705887'],['SEDIA_PRD_CENTRICITY'],,,['43108390'],['2023-05-04T00:00:00.000+0000'],['single-stage'],['31094502'],['HORIZON  Research and Innovation Actions'],2026-09-20 09:08:50.362431+00:00
2.155,45646906HORIZONInnovationActions1683158400000,https://ec.europa.eu/info/funding-tenders/opportunities/data/topicDetails/HORIZON-CL5-2023-D3-03-05.json,text/plain,en,,,Creation of a standardised and open-source peer-to-peer energy sharing platform architecture for the energy sector,0.0,Creation of a standardised and open-source peer-to-peer energy sharing platform architecture for the energy sector,False,[],[],Creation of a standardised and open-source peer-to-peer energy sharing platform architecture for the energy sector. Available at: https://ec.europa.eu/info/funding-tenders/opportunities/data/topicDetails/HORIZON-CL5-2023-D3-03-05.json,['HORIZON-CL5-2023-D3-03-05'],['text/plain'],,['2023-05-04T00:00:00.000+0000'],['2023-10-10T17:00:00.000+0000'],,['en'],['Creation of a standardised and open-source peer-to-peer energy sharing platform architecture for the energy sector'],['1'],['https://ec.europa.eu/info/funding-tenders/opportunities/data/topicDetails/HORIZON-CL5-2023-D3-03-05.json'],['https://ec.europa.eu/info/funding-tenders/opportunities/data/topicDetails/HORIZON-CL5-2023-D3-03-05.json'],['45705815'],['SEDIA_PRD_CENTRICITY'],,,['43108390'],['2023-05-04T00:00:00.000+0000'],['single-stage'],['31094502'],['HORIZON Innovation Actions'],2026-09-20 09:08:50.362431+00:00
2.155,45642325HORIZONResearchandInnovationActions1683158400000,https://ec.europa.eu/info/funding-tenders/opportunities/data/topicDetails/HORIZON-CL5-2023-D6-01-12.json,text/plain,en,,,New ways of reducing serious injuries and the long-term consequences of road crashes,0.0,New ways of reducing serious injuries and the long-term consequences of road crashes,False,[],[],New ways of reducing serious injuries and the long-term consequences of road crashes. Available at: https://ec.europa.eu/info/funding-tenders/opportunities/data/topicDetails/HORIZON-CL5-2023-D6-01-12.json,['HORIZON-CL5-2023-D6-01-12'],['text/plain'],,['2023-05-04T00:00:00.000+0000'],['2023-09-05T17:00:00.000+0000'],,['en'],['New ways of reducing serious injuries and the long-term consequences of road crashes'],['1'],['https://ec.europa.eu/info/funding-tenders/opportunities/data/topicDetails/HORIZON-CL5-2023-D6-01-12.json'],['https://ec.europa.eu/info/funding-tenders/opportunities/data/topicDetails/HORIZON-CL5-2023-D6-01-12.json'],['45705887'],['SEDIA_PRD_CENTRICITY'],,,['43108390'],['2023-05-04T00:00:00.000+0000'],['single-stage'],['31094502'],['HORIZON  Research and Innovation Actions'],2026-09-20 09:08:50.362431+00:00
2.155,45642871HORIZONResearchandInnovationActions1683158400000,https://ec.europa.eu/info/funding-tenders/opportunities/data/topicDetails/HORIZON-CL5-2023-D3-02-07.json,text/plain,en,,,Development of next generation advanced biofuel technologies,0.0,Development of next generation advanced biofuel technologies,False,[],[],Development of next generation advanced biofuel technologies. Available at: https://ec.europa.eu/info/funding-tenders/opportunities/data/topicDetails/HORIZON-CL5-2023-D3-02-07.json,['HORIZON-CL5-2023-D3-02-07'],['text/plain'],,['2023-05-04T00:00:00.000+0000'],['2023-09-05T17:00:00.000+0000'],,['en'],['Development of next generation advanced biofuel technologies'],['1'],['https://ec.europa.eu/info/funding-tenders/opportunities/data/topicDetails/HORIZON-CL5-2023-D3-02-07.json'],['https://ec.europa.eu/info/funding-tenders/opportunities/data/topicDetails/HORIZON-CL5-2023-D3-02-07.json'],['45705728'],['SEDIA_PRD_CENTRICITY'],,,['43108390'],['2023-05-04T00:00:00.000+0000'],['single-stage'],['31094502'],['HORIZON  Research and Innovation Actions'],2026-09-20 09:08:50.362431+00:00
2.155,45647062HORIZONResearchandInnovationActions1683158400000,https://ec.europa.eu/info/funding-tenders/opportunities/data/topicDetails/HORIZON-CL5-2023-D6-01-11.json,text/plain,en,,,Aviation safety - Uncertainty quantification for safety and risk management,0.0,Aviation safety - Uncertainty quantification for safety and risk management,False,[],[],Aviation safety - Uncertainty quantification for safety and risk management. Available at: https://ec.europa.eu/info/funding-tenders/opportunities/data/topicDetails/HORIZON-CL5-2023-D6-01-11.json,['HORIZON-CL5-2023-D6-01-11'],['text/plain'],,['2023-05-04T00:00:00.000+0000'],['2023-09-05T17:00:00.000+0000'],,['en'],['Aviation safety - Uncertainty quantification for safety and risk management'],['1'],['https://ec.europa.eu/info/funding-tenders/opportunities/data/topicDetails/HORIZON-CL5-2023-D6-01-11.json'],['https://ec.europa.eu/info/funding-tenders/opportunities/data/topicDetails/HORIZON-CL5-2023-D6-01-11.json'],['45705887'],['SEDIA_PRD_CENTRICITY'],,,['43108390'],['2023-05-04T00:00:00.000+0000'],['single-stage'],['31094502'],['HORIZON  Research and Innovation Actions'],2026-09-20 09:08:50.362431+00:00
2.155,45646314HORIZONInnovationActions1683158400000,https://ec.europa.eu/info/funding-tenders/opportunities/data/topicDetails/HORIZON-CL5-2023-D2-02-03.json,text/plain,en,,,"Creating a digital passport to track battery materials, optimize battery performance and life, validate recycling, and promote a new business model based on data sharing (Batt4EU Partnership)",0.0,"Creating a digital passport to track battery materials, optimize battery performance and life, validate recycling, and promote a new business model based on data sharing (Batt4EU Partnership)",False,[],[],"Creating a digital passport to track battery materials, optimize battery performance and life, validate recycling, and promote a new business model based on data sharing (Batt4EU Partnership). Available at: https://ec.europa.eu/info/funding-tenders/opportunities/data/topicDetails/HORIZON-CL5-2023-D2-02-03.json",['HORIZON-CL5-2023-D2-02-03'],['text/plain'],,['2023-05-04T00:00:00.000+0000'],['2023-09-05T17:00:00.000+0000'],,['en'],"['Creating a digital passport to track battery materials, optimize battery performance and life, validate recycling, and promote a new business model based on data sharing (Batt4EU Partnership)']",['1'],['https://ec.europa.eu/info/funding-tenders/opportunities/data/topicDetails/HORIZON-CL5-2023-D2-02-03.json'],['https://ec.europa.eu/info/funding-tenders/opportunities/data/topicDetails/HORIZON-CL5-2023-D2-02-03.json'],['45705701'],['SEDIA_PRD_CENTRICITY'],,,['43108390'],['2023-05-04T00:00:00.000+0000'],['single-stage'],['31094502'],['HORIZON Innovation Actions'],2026-09-20 09:08:50.362431+00:00
2.155,45644020HORIZONResearchandInnovationActions1683158400000,https://ec.europa.eu/info/funding-tenders/opportunities/data/topicDetails/HORIZON-CL5-2023-D6-01-01.json,text/plain,en,,,User-centric development of vehicle technologies and solutions to optimise the on-board experience and ensure inclusiveness (CCAM Partnership),0.0,User-centric development of vehicle technologies and solutions to optimise the on-board experience and ensure inclusiveness (CCAM Partnership),False,[],[],User-centric development of vehicle technologies and solutions to optimise the on-board experience and ensure inclusiveness (CCAM Partnership). Available at: https://ec.europa.eu/info/funding-tenders/opportunities/data/topicDetails/HORIZON-CL5-2023-D6-01-01.json,['HORIZON-CL5-2023-D6-01-01'],['text/plain'],,['2023-05-04T00:00:00.000+0000'],['2023-09-05T17:00:00.000+0000'],,['en'],['User-centric development of vehicle technologies and solutions to optimise the on-board experience and ensure inclusiveness (CCAM Partnership)'],['1'],['https://ec.europa.eu/info/funding-tenders/opportunities/data/topicDetails/HORIZON-CL5-2023-D6-01-01.json'],['https://ec.europa.eu/info/funding-tenders/opportunities/data/topicDetails/HORIZON-CL5-2023-D6-01-01.json'],['45705887'],['SEDIA_PRD_CENTRICITY'],,,['43108390'],['2023-05-04T00:00:00.000+0000'],['single-stage'],['31094502'],['HORIZON  Research and Innovation Actions'],2026-09-20 09:08:50.362431+00:00
2.155,45642293HORIZONInnovationActions1683158400000,https://ec.europa.eu/info/funding-tenders/opportunities/data/topicDetails/HORIZON-CL5-2023-D6-01-09.json,text/plain,en,,,Climate resilient and safe maritime ports,0.0,Climate resilient and safe maritime ports,False,[],[],Climate resilient and safe maritime ports. Available at: https://ec.europa.eu/info/funding-tenders/opportunities/data/topicDetails/HORIZON-CL5-2023-D6-01-09.json,['HORIZON-CL5-2023-D6-01-09'],['text/plain'],,['2023-05-04T00:00:00.000+0000'],['2023-09-05T17:00:00.000+0000'],,['en'],['Climate resilient and safe maritime ports'],['1'],['https://ec.europa.eu/info/funding-tenders/opportunities/data/topicDetails/HORIZON-CL5-2023-D6-01-09.json'],['https://ec.europa.eu/info/funding-tenders/opportunities/data/topicDetails/HORIZON-CL5-2023-D6-01-09.json'],['45705887'],['SEDIA_PRD_CENTRICITY'],,,['43108390'],['2023-05-04T00:00:00.000+0000'],['single-stage'],['31094502'],['HORIZON Innovation Actions'],2026-09-20 09:08:50.362431+00:00
2.155,45646238HORIZONInnovationActions1683158400000,https://ec.europa.eu/info/funding-tenders/opportunities/data/topicDetails/HORIZON-CL5-2023-D2-02-01.json,text/plain,en,,,Advanced materials and cells development enabling large-scale production of Gen4 solid-state batteries for mobility applications (Batt4EU Partnership),0.0,Advanced materials and cells development enabling large-scale production of Gen4 solid-state batteries for mobility applications (Batt4EU Partnership),False,[],[],Advanced materials and cells development enabling large-scale production of Gen4 solid-state batteries for mobility applications (Batt4EU Partnership). Available at: https://ec.europa.eu/info/funding-tenders/opportunities/data/topicDetails/HORIZON-CL5-2023-D2-02-01.json,['HORIZON-CL5-2023-D2-02-01'],['text/plain'],,['2023-05-04T00:00:00.000+0000'],['2023-09-05T17:00:00.000+0000'],,['en'],['Advanced materials and cells development enabling large-scale production of Gen4 solid-state batteries for mobility applications (Batt4EU Partnership)'],['1'],['https://ec.europa.eu/info/funding-tenders/opportunities/data/topicDetails/HORIZON-CL5-2023-D2-02-01.json'],['https://ec.europa.eu/info/funding-tenders/opportunities/data/topicDetails/HORIZON-CL5-2023-D2-02-01.json'],['45705701'],['SEDIA_PRD_CENTRICITY'],,,['43108390'],['2023-05-04T00:00:00.000+0000'],['single-stage'],['31094502'],['HORIZON Innovation Actions'],2026-09-20 09:08:50.362431+00:00
2.155,45648736HORIZONInnovationActions1683158400000,https://ec.europa.eu/info/funding-tenders/opportunities/data/topicDetails/HORIZON-CL5-2023-D4-02-05.json,text/plain,en,,,Supporting the creation of an accessible and inclusive built environment (Built4People Partnership),0.0,Supporting the creation of an accessible and inclusive built environment (Built4People Partnership),False,[],[],Supporting the creation of an accessible and inclusive built environment (Built4People Partnership). Available at: https://ec.europa.eu/info/funding-tenders/opportunities/data/topicDetails/HORIZON-CL5-2023-D4-02-05.json,['HORIZON-CL5-2023-D4-02-05'],['text/plain'],,['2023-05-04T00:00:00.000+0000'],['2023-09-05T17:00:00.000+0000'],,['en'],['Supporting the creation of an accessible and inclusive built environment (Built4People Partnership)'],['1'],['https://ec.europa.eu/info/funding-tenders/opportunities/data/topicDetails/HORIZON-CL5-2023-D4-02-05.json'],['https://ec.europa.eu/info/funding-tenders/opportunities/data/topicDetails/HORIZON-CL5-2023-D4-02-05.json'],['45705850'],['SEDIA_PRD_CENTRICITY'],,,['43108390'],['2023-05-04T00:00:00.000+0000'],['single-stage'],['31094502'],['HORIZON Innovation Actions'],2026-09-20 09:08:50.362431+00:00
2.155,45643833HORIZONInnovationActions1683158400000,https://ec.europa.eu/info/funding-tenders/opportunities/data/topicDetails/HORIZON-CL5-2023-D3-02-16.json,text/plain,en,,,Accelerating the green transition and energy access in Africa,0.0,Accelerating the green transition and energy access in Africa,False,[],[],Accelerating the green transition and energy access in Africa. Available at: https://ec.europa.eu/info/funding-tenders/opportunities/data/topicDetails/HORIZON-CL5-2023-D3-02-16.json,['HORIZON-CL5-2023-D3-02-16'],['text/plain'],,['2023-05-04T00:00:00.000+0000'],['2023-09-05T17:00:00.000+0000'],,['en'],['Accelerating the green transition and energy access in Africa'],['1'],['https://ec.europa.eu/info/funding-tenders/opportunities/data/topicDetails/HORIZON-CL5-2023-D3-02-16.json'],['https://ec.europa.eu/info/funding-tenders/opportunities/data/topicDetails/HORIZON-CL5-2023-D3-02-16.json'],['45705728'],['SEDIA_PRD_CENTRICITY'],,,['43108390'],['2023-05-04T00:00:00.000+0000'],['single-stage'],['31094502'],['HORIZON Innovation Actions'],2026-09-20 09:08:50.362431+00:00
2.155,45644103HORIZONInnovationActions1683158400000,https://ec.europa.eu/info/funding-tenders/opportunities/data/topicDetails/HORIZON-CL5-2023-D3-02-06.json,text/plain,en,,,Smart use of geothermal electricity and heating and cooling in the energy system,0.0,Smart use of geothermal electricity and heating and cooling in the energy system,False,[],[],Smart use of geothermal electricity and heating and cooling in the energy system. Available at: https://ec.europa.eu/info/funding-tenders/opportunities/data/topicDetails/HORIZON-CL5-2023-D3-02-06.json,['HORIZON-CL5-2023-D3-02-06'],['text/plain'],,['2023-05-04T00:00:00.000+0000'],['2023-09-05T17:00:00.000+0000'],,['en'],['Smart use of geothermal electricity and heating and cooling in the energy system'],['1'],['https://ec.europa.eu/info/funding-tenders/opportunities/data/topicDetails/HORIZON-CL5-2023-D3-02-06.json'],['https://ec.europa.eu/info/funding-tenders/opportunities/data/topicDetails/HORIZON-CL5-2023-D3-02-06.json'],['45705728'],['SEDIA_PRD_CENTRICITY'],,,['43108390'],['2023-05-04T00:00:00.000+0000'],['single-stage'],['31094502'],['HORIZON Innovation Actions'],2026-09-20 09:08:50.362431+00:00
2.155,45659974JUSTLumpSumGrants1683158400000,https://ec.europa.eu/info/funding-tenders/opportunities/data/topicDetails/JUST-2023-JACC-EJUSTICE.json,text/plain,en,,,"Call for proposals for action grants to support transnational projects in the fields of e-Justice, victims’ rights and procedural rights",0.0,"Call for proposals for action grants to support transnational projects in the fields of e-Justice, victims’ rights and procedural rights",False,[],[],"Call for proposals for action grants to support transnational projects in the fields of e-Justice, victims’ rights and procedural rights. Available at: https://ec.europa.eu/info/funding-tenders/opportunities/data/topicDetails/JUST-2023-JACC-EJUSTICE.json",['JUST-2023-JACC-EJUSTICE'],['text/plain'],,['2023-05-04T00:00:00.000+0000'],['2023-10-04T17:00:00.000+0000'],,['en'],"['Call for proposals for action grants to support transnational projects in the fields of e-Justice, victims’ rights and procedural rights']",['1'],['https://ec.europa.eu/info/funding-tenders/opportunities/data/topicDetails/JUST-2023-JACC-EJUSTICE.json'],['https://ec.europa.eu/info/funding-tenders/opportunities/data/topicDetails/JUST-2023-JACC-EJUSTICE.json'],['45659980'],['SEDIA_PRD_CENTRICITY'],,,['43252386'],['2023-05-04T00:00:00.000+0000'],['single-stage'],['31094502'],['JUST Lump Sum Grants'],2026-09-20 09:08:50.362431+00:00
2.155,45644177HORIZONResearchandInnovationActions1683158400000,https://ec.europa.eu/info/funding-tenders/opportunities/data/topicDetails/HORIZON-CL5-2023-D6-01-07.json,text/plain,en,,,Operational automation to support multimodal freight transport,0.0,Operational automation to support multimodal freight transport,False,[],[],Operational automation to support multimodal freight transport. Available at: https://ec.europa.eu/info/funding-tenders/opportunities/data/topicDetails/HORIZON-CL5-2023-D6-01-07.json,['HORIZON-CL5-2023-D6-01-07'],['text/plain'],,['2023-05-04T00:00:00.000+0000'],['2023-09-05T17:00:00.000+0000'],,['en'],['Operational automation to support multimodal freight transport'],['1'],['https://ec.europa.eu/info/funding-tenders/opportunities/data/topicDetails/HORIZON-CL5-2023-D6-01-07.json'],['https://ec.europa.eu/info/funding-tenders/opportunities/data/topicDetails/HORIZON-CL5-2023-D6-01-07.json'],['45705887'],['SEDIA_PRD_CENTRICITY'],,,['43108390'],['2023-05-04T00:00:00.000+0000'],['single-stage'],['31094502'],['HORIZON  Research and Innovation Actions'],2026-09-20 09:08:50.362431+00:00
2.155,45649089HORIZONResearchandInnovationActions1683158400000,https://ec.europa.eu/info/funding-tenders/opportunities/data/topicDetails/HORIZON-CL5-2023-D6-01-05.json,text/plain,en,,,"CCAM effects on jobs and education, plans for skills that match the CCAM development, and prerequisites for employment growth (CCAM Partnership)",0.0,"CCAM effects on jobs and education, plans for skills that match the CCAM development, and prerequisites for employment growth (CCAM Partnership)",False,[],[],"CCAM effects on jobs and education, plans for skills that match the CCAM development, and prerequisites for employment growth (CCAM Partnership). Available at: https://ec.europa.eu/info/funding-tenders/opportunities/data/topicDetails/HORIZON-CL5-2023-D6-01-05.json",['HORIZON-CL5-2023-D6-01-05'],['text/plain'],,['2023-05-04T00:00:00.000+0000'],['2023-09-05T17:00:00.000+0000'],,['en'],"['CCAM effects on jobs and education, plans for skills that match the CCAM development, and prerequisites for employment growth (CCAM Partnership)']",['1'],['https://ec.europa.eu/info/funding-tenders/opportunities/data/topicDetails/HORIZON-CL5-2023-D6-01-05.json'],['https://ec.europa.eu/info/funding-tenders/opportunities/data/topicDetails/HORIZON-CL5-2023-D6-01-05.json'],['45705887'],['SEDIA_PRD_CENTRICITY'],,,['43108390'],['2023-05-04T00:00:00.000+0000'],['single-stage'],['31094502'],['HORIZON  Research and Innovation Actions'],2026-09-20 09:08:50.362431+00:00
2.155,45643304HORIZONInnovationActions1683158400000,https://ec.europa.eu/info/funding-tenders/opportunities/data/topicDetails/HORIZON-CL5-2023-D4-02-01.json,text/plain,en,,,Innovative uses of lifecycle data for the management of buildings and buildings portfolios (Built4People Partnership),0.0,Innovative uses of lifecycle data for the management of buildings and buildings portfolios (Built4People Partnership),False,[],[],Innovative uses of lifecycle data for the management of buildings and buildings portfolios (Built4People Partnership). Available at: https://ec.europa.eu/info/funding-tenders/opportunities/data/topicDetails/HORIZON-CL5-2023-D4-02-01.json,['HORIZON-CL5-2023-D4-02-01'],['text/plain'],,['2023-05-04T00:00:00.000+0000'],['2023-09-05T17:00:00.000+0000'],,['en'],['Innovative uses of lifecycle data for the management of buildings and buildings portfolios (Built4People Partnership)'],['1'],['https://ec.europa.eu/info/funding-tenders/opportunities/data/topicDetails/HORIZON-CL5-2023-D4-02-01.json'],['https://ec.europa.eu/info/funding-tenders/opportunities/data/topicDetails/HORIZON-CL5-2023-D4-02-01.json'],['45705850'],['SEDIA_PRD_CENTRICITY'],,,['43108390'],['2023-05-04T00:00:00.000+0000'],['single-stage'],['31094502'],['HORIZON Innovation Actions'],2026-09-20 09:08:50.362431+00:00
2.155,45644985HORIZONInnovationActions1683158400000,https://ec.europa.eu/info/funding-tenders/opportunities/data/topicDetails/HORIZON-CL5-2023-D3-03-06.json,text/plain,en,,,Components and interfacing for AC &amp; DC side protection system – AC &amp; DC grid: components and systems for grid optimisation,0.0,Components and interfacing for AC &amp; DC side protection system – AC &amp; DC grid: components and systems for grid optimisation,False,[],[],Components and interfacing for AC & DC side protection system – AC & DC grid: components and systems for grid optimisation. Available at: https://ec.europa.eu/info/funding-tenders/opportunities/data/topicDetails/HORIZON-CL5-2023-D3-03-06.json,['HORIZON-CL5-2023-D3-03-06'],['text/plain'],,['2023-05-04T00:00:00.000+0000'],['2023-10-10T17:00:00.000+0000'],,['en'],['Components and interfacing for AC & DC side protection system – AC & DC grid: components and systems for grid optimisation'],['1'],['https://ec.europa.eu/info/funding-tenders/opportunities/data/topicDetails/HORIZON-CL5-2023-D3-03-06.json'],['https://ec.europa.eu/info/funding-tenders/opportunities/data/topicDetails/HORIZON-CL5-2023-D3-03-06.json'],['45705815'],['SEDIA_PRD_CENTRICITY'],,,['43108390'],['2023-05-04T00:00:00.000+0000'],['single-stage'],['31094502'],['HORIZON Innovation Actions'],2026-09-20 09:08:50.362431+00:00
2.155,45642179HORIZONResearchandInnovationActions1683158400000,https://ec.europa.eu/info/funding-tenders/opportunities/data/topicDetails/HORIZON-CL5-2023-D3-02-08.json,text/plain,en,,,Development of microalgae and/or direct solar fuel production and purification technologies for advanced aviation and /or shipping fuels,0.0,Development of microalgae and/or direct solar fuel production and purification technologies for advanced aviation and /or shipping fuels,False,[],[],Development of microalgae and/or direct solar fuel production and purification technologies for advanced aviation and /or shipping fuels. Available at: https://ec.europa.eu/info/funding-tenders/opportunities/data/topicDetails/HORIZON-CL5-2023-D3-02-08.json,['HORIZON-CL5-2023-D3-02-08'],['text/plain'],,['2023-05-04T00:00:00.000+0000'],['2023-09-05T17:00:00.000+0000'],,['en'],['Development of microalgae and/or direct solar fuel production and purification technologies for advanced aviation and /or shipping fuels'],['1'],['https://ec.europa.eu/info/funding-tenders/opportunities/data/topicDetails/HORIZON-CL5-2023-D3-02-08.json'],['https://ec.europa.eu/info/funding-tenders/opportunities/data/topicDetails/HORIZON-CL5-2023-D3-02-08.json'],['45705728'],['SEDIA_PRD_CENTRICITY'],,,['43108390'],['2023-05-04T00:00:00.000+0000'],['single-stage'],['31094502'],['HORIZON  Research and Innovation Actions'],2026-09-20 09:08:50.362431+00:00
2.155,45646275HORIZONResearchandInnovationActions1683158400000,https://ec.europa.eu/info/funding-tenders/opportunities/data/topicDetails/HORIZON-CL5-2023-D2-02-02.json,text/plain,en,,,New Approaches to Develop Enhanced Safety Materials for Gen 3 Li-Ion Batteries for Mobility Applications (Batt4EU Partnership),0.0,New Approaches to Develop Enhanced Safety Materials for Gen 3 Li-Ion Batteries for Mobility Applications (Batt4EU Partnership),False,[],[],New Approaches to Develop Enhanced Safety Materials for Gen 3 Li-Ion Batteries for Mobility Applications (Batt4EU Partnership). Available at: https://ec.europa.eu/info/funding-tenders/opportunities/data/topicDetails/HORIZON-CL5-2023-D2-02-02.json,['HORIZON-CL5-2023-D2-02-02'],['text/plain'],,['2023-05-04T00:00:00.000+0000'],['2023-09-05T17:00:00.000+0000'],,['en'],['New Approaches to Develop Enhanced Safety Materials for Gen 3 Li-Ion Batteries for Mobility Applications (Batt4EU Partnership)'],['1'],['https://ec.europa.eu/info/funding-tenders/opportunities/data/topicDetails/HORIZON-CL5-2023-D2-02-02.json'],['https://ec.europa.eu/info/funding-tenders/opportunities/data/topicDetails/HORIZON-CL5-2023-D2-02-02.json'],['45705701'],['SEDIA_PRD_CENTRICITY'],,,['43108390'],['2023-05-04T00:00:00.000+0000'],['single-stage'],['31094502'],['HORIZON  Research and Innovation Actions'],2026-09-20 09:08:50.362431+00:00
2.155,45642255HORIZONCoordinationandSupportActions1683158400000,https://ec.europa.eu/info/funding-tenders/opportunities/data/topicDetails/HORIZON-CL5-2023-D6-01-08.json,text/plain,en,,,Future-proof GHG and environmental emissions factors for accounting emissions from transport and logistics operations,0.0,Future-proof GHG and environmental emissions factors for accounting emissions from transport and logistics operations,False,[],[],Future-proof GHG and environmental emissions factors for accounting emissions from transport and logistics operations. Available at: https://ec.europa.eu/info/funding-tenders/opportunities/data/topicDetails/HORIZON-CL5-2023-D6-01-08.json,['HORIZON-CL5-2023-D6-01-08'],['text/plain'],,['2023-05-04T00:00:00.000+0000'],['2023-09-05T17:00:00.000+0000'],,['en'],['Future-proof GHG and environmental emissions factors for accounting emissions from transport and logistics operations'],['1'],['https://ec.europa.eu/info/funding-tenders/opportunities/data/topicDetails/HORIZON-CL5-2023-D6-01-08.json'],['https://ec.europa.eu/info/funding-tenders/opportunities/data/topicDetails/HORIZON-CL5-2023-D6-01-08.json'],['45705887'],['SEDIA_PRD_CENTRICITY'],,,['43108390'],['2023-05-04T00:00:00.000+0000'],['single-stage'],['31094502'],['HORIZON Coordination and Support Actions'],2026-09-20 09:08:50.362431+00:00
2.155,45642461HORIZONInnovationActions1683158400000,https://ec.europa.eu/info/funding-tenders/opportunities/data/topicDetails/HORIZON-CL5-2023-D3-02-03.json,text/plain,en,,,Industrial manufacturing for lower-cost solar thermal components and systems,0.0,Industrial manufacturing for lower-cost solar thermal components and systems,False,[],[],Industrial manufacturing for lower-cost solar thermal components and systems. Available at: https://ec.europa.eu/info/funding-tenders/opportunities/data/topicDetails/HORIZON-CL5-2023-D3-02-03.json,['HORIZON-CL5-2023-D3-02-03'],['text/plain'],,['2023-05-04T00:00:00.000+0000'],['2023-09-05T17:00:00.000+0000'],,['en'],['Industrial manufacturing for lower-cost solar thermal components and systems'],['1'],['https://ec.europa.eu/info/funding-tenders/opportunities/data/topicDetails/HORIZON-CL5-2023-D3-02-03.json'],['https://ec.europa.eu/info/funding-tenders/opportunities/data/topicDetails/HORIZON-CL5-2023-D3-02-03.json'],['45705728'],['SEDIA_PRD_CENTRICITY'],,,['43108390'],['2023-05-04T00:00:00.000+0000'],['single-stage'],['31094502'],['HORIZON Innovation Actions'],2026-09-20 09:08:50.362431+00:00
2.155,45646833HORIZONResearchandInnovationActions1683158400000,https://ec.europa.eu/info/funding-tenders/opportunities/data/topicDetails/HORIZON-CL5-2023-D3-02-14.json,text/plain,en,,,Digital twin for forecasting of power production to wind energy demand,0.0,Digital twin for forecasting of power production to wind energy demand,False,[],[],Digital twin for forecasting of power production to wind energy demand. Available at: https://ec.europa.eu/info/funding-tenders/opportunities/data/topicDetails/HORIZON-CL5-2023-D3-02-14.json,['HORIZON-CL5-2023-D3-02-14'],['text/plain'],,['2023-05-04T00:00:00.000+0000'],['2023-09-05T17:00:00.000+0000'],,['en'],['Digital twin for forecasting of power production to wind energy demand'],['1'],['https://ec.europa.eu/info/funding-tenders/opportunities/data/topicDetails/HORIZON-CL5-2023-D3-02-14.json'],['https://ec.europa.eu/info/funding-tenders/opportunities/data/topicDetails/HORIZON-CL5-2023-D3-02-14.json'],['45705728'],['SEDIA_PRD_CENTRICITY'],,,['43108390'],['2023-05-04T00:00:00.000+0000'],['single-stage'],['31094502'],['HORIZON  Research and Innovation Actions'],2026-09-20 09:08:50.362431+00:00
2.155,45948233HORIZONCoordinationandSupportActions1683158400000,https://ec.europa.eu/info/funding-tenders/opportunities/data/topicDetails/HORIZON-CL5-2023-D3-03-08.json,text/plain,en,,,Support to the SET Plan IWG on hydrogen,0.0,Support to the SET Plan IWG on hydrogen,False,[],[],Support to the SET Plan IWG on hydrogen. Available at: https://ec.europa.eu/info/funding-tenders/opportunities/data/topicDetails/HORIZON-CL5-2023-D3-03-08.json,['HORIZON-CL5-2023-D3-03-08'],['text/plain'],,['2023-05-04T00:00:00.000+0000'],['2023-10-10T17:00:00.000+0000'],,['en'],['Support to the SET Plan IWG on hydrogen'],['1'],['https://ec.europa.eu/info/funding-tenders/opportunities/data/topicDetails/HORIZON-CL5-2023-D3-03-08.json'],['https://ec.europa.eu/info/funding-tenders/opportunities/data/topicDetails/HORIZON-CL5-2023-D3-03-08.json'],['45705815'],['SEDIA_PRD_CENTRICITY'],,,['43108390'],['2023-05-04T00:00:00.000+0000'],['single-stage'],['31094502'],['HORIZON Coordination and Support Actions'],2026-09-20 09:08:50.362431+00:00
2.155,45948243HORIZONResearchandInnovationActions1683158400000,https://ec.europa.eu/info/funding-tenders/opportunities/data/topicDetails/HORIZON-CL5-2023-D3-03-07.json,text/plain,en,,,Digital solutions for defining synergies in international renewable energy value chains,0.0,Digital solutions for defining synergies in international renewable energy value chains,False,[],[],Digital solutions for defining synergies in international renewable energy value chains. Available at: https://ec.europa.eu/info/funding-tenders/opportunities/data/topicDetails/HORIZON-CL5-2023-D3-03-07.json,['HORIZON-CL5-2023-D3-03-07'],['text/plain'],,['2023-05-04T00:00:00.000+0000'],['2023-10-10T17:00:00.000+0000'],,['en'],['Digital solutions for defining synergies in international renewable energy value chains'],['1'],['https://ec.europa.eu/info/funding-tenders/opportunities/data/topicDetails/HORIZON-CL5-2023-D3-03-07.json'],['https://ec.europa.eu/info/funding-tenders/opportunities/data/topicDetails/HORIZON-CL5-2023-D3-03-07.json'],['45705815'],['SEDIA_PRD_CENTRICITY'],,,['43108390'],['2023-05-04T00:00:00.000+0000'],['single-stage'],['31094502'],['HORIZON  Research and Innovation Actions'],2026-09-20 09:08:50.362431+00:00
2.155,45643950HORIZONInnovationActions1683158400000,https://ec.europa.eu/info/funding-tenders/opportunities/data/topicDetails/HORIZON-CL5-2023-D3-02-09.json,text/plain,en,,,Demonstration of sustainable hydropower refurbishment,0.0,Demonstration of sustainable hydropower refurbishment,False,[],[],Demonstration of sustainable hydropower refurbishment. Available at: https://ec.europa.eu/info/funding-tenders/opportunities/data/topicDetails/HORIZON-CL5-2023-D3-02-09.json,['HORIZON-CL5-2023-D3-02-09'],['text/plain'],,['2023-05-04T00:00:00.000+0000'],['2023-09-05T17:00:00.000+0000'],,['en'],['Demonstration of sustainable hydropower refurbishment'],['1'],['https://ec.europa.eu/info/funding-tenders/opportunities/data/topicDetails/HORIZON-CL5-2023-D3-02-09.json'],['https://ec.europa.eu/info/funding-tenders/opportunities/data/topicDetails/HORIZON-CL5-2023-D3-02-09.json'],['45705728'],['SEDIA_PRD_CENTRICITY'],,,['43108390'],['2023-05-04T00:00:00.000+0000'],['single-stage'],['31094502'],['HORIZON Innovation Actions'],2026-09-20 09:08:50.362431+00:00
2.155,45643919HORIZONResearchandInnovationActions1683158400000,https://ec.europa.eu/info/funding-tenders/opportunities/data/topicDetails/HORIZON-CL5-2023-D3-02-04.json,text/plain,en,,,Innovative components and configurations for heat pumps,0.0,Innovative components and configurations for heat pumps,False,[],[],Innovative components and configurations for heat pumps. Available at: https://ec.europa.eu/info/funding-tenders/opportunities/data/topicDetails/HORIZON-CL5-2023-D3-02-04.json,['HORIZON-CL5-2023-D3-02-04'],['text/plain'],,['2023-05-04T00:00:00.000+0000'],['2023-09-05T17:00:00.000+0000'],,['en'],['Innovative components and configurations for heat pumps'],['1'],['https://ec.europa.eu/info/funding-tenders/opportunities/data/topicDetails/HORIZON-CL5-2023-D3-02-04.json'],['https://ec.europa.eu/info/funding-tenders/opportunities/data/topicDetails/HORIZON-CL5-2023-D3-02-04.json'],['45705728'],['SEDIA_PRD_CENTRICITY'],,,['43108390'],['2023-05-04T00:00:00.000+0000'],['single-stage'],['31094502'],['HORIZON  Research and Innovation Actions'],2026-09-20 09:08:50.362431+00:00
2.155,45645997HORIZONResearchandInnovationActions1683158400000,https://ec.europa.eu/info/funding-tenders/opportunities/data/topicDetails/HORIZON-CL5-2023-D6-01-06.json,text/plain,en,,,"Zero-emission e-commerce and freight delivery and return choices by retailers, consumers and local authorities",0.0,"Zero-emission e-commerce and freight delivery and return choices by retailers, consumers and local authorities",False,[],[],"Zero-emission e-commerce and freight delivery and return choices by retailers, consumers and local authorities. Available at: https://ec.europa.eu/info/funding-tenders/opportunities/data/topicDetails/HORIZON-CL5-2023-D6-01-06.json",['HORIZON-CL5-2023-D6-01-06'],['text/plain'],,['2023-05-04T00:00:00.000+0000'],['2023-09-05T17:00:00.000+0000'],,['en'],"['Zero-emission e-commerce and freight delivery and return choices by retailers, consumers and local authorities']",['1'],['https://ec.europa.eu/info/funding-tenders/opportunities/data/topicDetails/HORIZON-CL5-2023-D6-01-06.json'],['https://ec.europa.eu/info/funding-tenders/opportunities/data/topicDetails/HORIZON-CL5-2023-D6-01-06.json'],['45705887'],['SEDIA_PRD_CENTRICITY'],,,['43108390'],['2023-05-04T00:00:00.000+0000'],['single-stage'],['31094502'],['HORIZON  Research and Innovation Actions'],2026-09-20 09:08:50.362431+00:00
2.155,45646034HORIZONInnovationActions1683158400000,https://ec.europa.eu/info/funding-tenders/opportunities/data/topicDetails/HORIZON-CL5-2023-D3-03-02.json,text/plain,en,,,"Integration of renewable gases, other than hydrogen or methane, and which have not access to gas grids and interfacing with electricity and heat sectors",0.0,"Integration of renewable gases, other than hydrogen or methane, and which have not access to gas grids and interfacing with electricity and heat sectors",False,[],[],"Integration of renewable gases, other than hydrogen or methane, and which have not access to gas grids and interfacing with electricity and heat sectors. Available at: https://ec.europa.eu/info/funding-tenders/opportunities/data/topicDetails/HORIZON-CL5-2023-D3-03-02.json",['HORIZON-CL5-2023-D3-03-02'],['text/plain'],,['2023-05-04T00:00:00.000+0000'],['2023-10-10T17:00:00.000+0000'],,['en'],"['Integration of renewable gases, other than hydrogen or methane, and which have not access to gas grids and interfacing with electricity and heat sectors']",['1'],['https://ec.europa.eu/info/funding-tenders/opportunities/data/topicDetails/HORIZON-CL5-2023-D3-03-02.json'],['https://ec.europa.eu/info/funding-tenders/opportunities/data/topicDetails/HORIZON-CL5-2023-D3-03-02.json'],['45705815'],['SEDIA_PRD_CENTRICITY'],,,['43108390'],['2023-05-04T00:00:00.000+0000'],['single-stage'],['31094502'],['HORIZON Innovation Actions'],2026-09-20 09:08:50.362431+00:00
2.155,45644142HORIZONResearchandInnovationActions1683158400000,https://ec.europa.eu/info/funding-tenders/opportunities/data/topicDetails/HORIZON-CL5-2023-D3-02-15.json,text/plain,en,,,"Critical technologies to improve the lifetime, efficient decommissioning and increase the circularity of offshore and onshore wind energy systems",0.0,"Critical technologies to improve the lifetime, efficient decommissioning and increase the circularity of offshore and onshore wind energy systems",False,[],[],"Critical technologies to improve the lifetime, efficient decommissioning and increase the circularity of offshore and onshore wind energy systems. Available at: https://ec.europa.eu/info/funding-tenders/opportunities/data/topicDetails/HORIZON-CL5-2023-D3-02-15.json",['HORIZON-CL5-2023-D3-02-15'],['text/plain'],,['2023-05-04T00:00:00.000+0000'],['2023-09-05T17:00:00.000+0000'],,['en'],"['Critical technologies to improve the lifetime, efficient decommissioning and increase the circularity of offshore and onshore wind energy systems']",['1'],['https://ec.europa.eu/info/funding-tenders/opportunities/data/topicDetails/HORIZON-CL5-2023-D3-02-15.json'],['https://ec.europa.eu/info/funding-tenders/opportunities/data/topicDetails/HORIZON-CL5-2023-D3-02-15.json'],['45705728'],['SEDIA_PRD_CENTRICITY'],,,['43108390'],['2023-05-04T00:00:00.000+0000'],['single-stage'],['31094502'],['HORIZON  Research and Innovation Actions'],2026-09-20 09:08:50.362431+00:00
2.155,45643985HORIZONResearchandInnovationActions1683158400000,https://ec.europa.eu/info/funding-tenders/opportunities/data/topicDetails/HORIZON-CL5-2023-D3-02-10.json,text/plain,en,,,Development of innovative power take-off and control systems for wave energy devices,0.0,Development of innovative power take-off and control systems for wave energy devices,False,[],[],Development of innovative power take-off and control systems for wave energy devices. Available at: https://ec.europa.eu/info/funding-tenders/opportunities/data/topicDetails/HORIZON-CL5-2023-D3-02-10.json,['HORIZON-CL5-2023-D3-02-10'],['text/plain'],,['2023-05-04T00:00:00.000+0000'],['2023-09-05T17:00:00.000+0000'],,['en'],['Development of innovative power take-off and control systems for wave energy devices'],['1'],['https://ec.europa.eu/info/funding-tenders/opportunities/data/topicDetails/HORIZON-CL5-2023-D3-02-10.json'],['https://ec.europa.eu/info/funding-tenders/opportunities/data/topicDetails/HORIZON-CL5-2023-D3-02-10.json'],['45705728'],['SEDIA_PRD_CENTRICITY'],,,['43108390'],['2023-05-04T00:00:00.000+0000'],['single-stage'],['31094502'],['HORIZON  Research and Innovation Actions'],2026-09-20 09:08:50.362431+00:00
2.155,45646756HORIZONInnovationActions1683158400000,https://ec.europa.eu/info/funding-tenders/opportunities/data/topicDetails/HORIZON-CL5-2023-D3-02-12.json,text/plain,en,,,Large Area Perovskite solar cells and modules,0.0,Large Area Perovskite solar cells and modules,False,[],[],Large Area Perovskite solar cells and modules. Available at: https://ec.europa.eu/info/funding-tenders/opportunities/data/topicDetails/HORIZON-CL5-2023-D3-02-12.json,['HORIZON-CL5-2023-D3-02-12'],['text/plain'],,['2023-05-04T00:00:00.000+0000'],['2023-09-05T17:00:00.000+0000'],,['en'],['Large Area Perovskite solar cells and modules'],['1'],['https://ec.europa.eu/info/funding-tenders/opportunities/data/topicDetails/HORIZON-CL5-2023-D3-02-12.json'],['https://ec.europa.eu/info/funding-tenders/opportunities/data/topicDetails/HORIZON-CL5-2023-D3-02-12.json'],['45705728'],['SEDIA_PRD_CENTRICITY'],,,['43108390'],['2023-05-04T00:00:00.000+0000'],['single-stage'],['31094502'],['HORIZON Innovation Actions'],2026-09-20 09:08:50.362431+00:00
2.155,45649053HORIZONResearchandInnovationActions1683158400000,https://ec.europa.eu/info/funding-tenders/opportunities/data/topicDetails/HORIZON-CL5-2023-D6-01-04.json,text/plain,en,,,"Integrating European diversity in the design, development and implementation of CCAM solutions to support mobility equity (CCAM Partnership)",0.0,"Integrating European diversity in the design, development and implementation of CCAM solutions to support mobility equity (CCAM Partnership)",False,[],[],"Integrating European diversity in the design, development and implementation of CCAM solutions to support mobility equity (CCAM Partnership). Available at: https://ec.europa.eu/info/funding-tenders/opportunities/data/topicDetails/HORIZON-CL5-2023-D6-01-04.json",['HORIZON-CL5-2023-D6-01-04'],['text/plain'],,['2023-05-04T00:00:00.000+0000'],['2023-09-05T17:00:00.000+0000'],,['en'],"['Integrating European diversity in the design, development and implementation of CCAM solutions to support mobility equity (CCAM Partnership)']",['1'],['https://ec.europa.eu/info/funding-tenders/opportunities/data/topicDetails/HORIZON-CL5-2023-D6-01-04.json'],['https://ec.europa.eu/info/funding-tenders/opportunities/data/topicDetails/HORIZON-CL5-2023-D6-01-04.json'],['45705887'],['SEDIA_PRD_CENTRICITY'],,,['43108390'],['2023-05-04T00:00:00.000+0000'],['single-stage'],['31094502'],['HORIZON  Research and Innovation Actions'],2026-09-20 09:08:50.362431+00:00
2.155,45528617CREAProjectGrants1683072000000,https://ec.europa.eu/info/funding-tenders/opportunities/data/topicDetails/CREA-MEDIA-2023-FILMSALES.json,text/plain,en,,,European Film sales agent,0.0,European Film sales agent,False,[],[],European Film sales agent. Available at: https://ec.europa.eu/info/funding-tenders/opportunities/data/topicDetails/CREA-MEDIA-2023-FILMSALES.json,['CREA-MEDIA-2023-FILMSALES'],['text/plain'],,['2023-05-03T00:00:00.000+0000'],['2023-06-20T17:00:00.000+0000'],,['en'],['European Film sales agent'],['1'],['https://ec.europa.eu/info/funding-tenders/opportunities/data/topicDetails/CREA-MEDIA-2023-FILMSALES.json'],['https://ec.europa.eu/info/funding-tenders/opportunities/data/topicDetails/CREA-MEDIA-2023-FILMSALES.json'],['45528629'],['SEDIA_PRD_CENTRICITY'],,,['43251814'],['2023-05-03T00:00:00.000+0000'],['single-stage'],['31094502'],['CREA Project Grants'],2026-09-20 09:08:50.362431+00:00
2.155,45983688CEFInfrastructureProjects1683072000000,https://ec.europa.eu/info/funding-tenders/opportunities/data/topicDetails/CEF-T-2023-MILMOB-WORKS.json,text/plain,en,,,"Adaptation of the TEN-T to civilian-defence dual use - studies, works or mixed",0.0,"Adaptation of the TEN-T to civilian-defence dual use - studies, works or mixed",False,[],[],"Adaptation of the TEN-T to civilian-defence dual use - studies, works or mixed. Available at: https://ec.europa.eu/info/funding-tenders/opportunities/data/topicDetails/CEF-T-2023-MILMOB-WORKS.json",['CEF-T-2023-MILMOB-WORKS'],['text/plain'],,['2023-05-03T00:00:00.000+0000'],['2023-09-21T17:00:00.000+0000'],,['en'],"['Adaptation of the TEN-T to civilian-defence dual use - studies, works or mixed']",['1'],['https://ec.europa.eu/info/funding-tenders/opportunities/data/topicDetails/CEF-T-2023-MILMOB-WORKS.json'],['https://ec.europa.eu/info/funding-tenders/opportunities/data/topicDetails/CEF-T-2023-MILMOB-WORKS.json'],['45983694'],['SEDIA_PRD_CENTRICITY'],,,['43251567'],['2023-05-03T00:00:00.000+0000'],['single-stage'],['31094502'],['CEF Infrastructure Projects'],2026-09-20 09:08:50.362431+00:00
2.155,45986172LIFEProjectGrants1682985600000,https://ec.europa.eu/info/funding-tenders/opportunities/data/topicDetails/LIFE-2023-TA-PP-CLIMA-SIP.json,text/plain,en,,,Technical Assistance preparation of CLIMA SIPs,0.0,Technical Assistance preparation of CLIMA SIPs,False,[],[],Technical Assistance preparation of CLIMA SIPs. Available at: https://ec.europa.eu/info/funding-tenders/opportunities/data/topicDetails/LIFE-2023-TA-PP-CLIMA-SIP.json,['LIFE-2023-TA-PP-CLIMA-SIP'],['text/plain'],,['2023-05-02T00:00:00.000+0000'],['2023-09-07T17:00:00.000+0000'],,['en'],['Technical Assistance preparation of CLIMA SIPs'],['1'],['https://ec.europa.eu/info/funding-tenders/opportunities/data/topicDetails/LIFE-2023-TA-PP-CLIMA-SIP.json'],['https://ec.europa.eu/info/funding-tenders/opportunities/data/topicDetails/LIFE-2023-TA-PP-CLIMA-SIP.json'],['45986190'],['SEDIA_PRD_CENTRICITY'],,,['43252405'],['2023-05-02T00:00:00.000+0000'],['single-stage'],['31094502'],['LIFE Project Grants'],2026-09-20 09:08:50.362431+00:00
2.155,45986184LIFEProjectGrants1682985600000,https://ec.europa.eu/info/funding-tenders/opportunities/data/topicDetails/LIFE-2023-TA-PP-ENV-SIP.json,text/plain,en,,,Technical Assistance preparation of ENV SIPs,0.0,Technical Assistance preparation of ENV SIPs,False,[],[],Technical Assistance preparation of ENV SIPs. Available at: https://ec.europa.eu/info/funding-tenders/opportunities/data/topicDetails/LIFE-2023-TA-PP-ENV-SIP.json,['LIFE-2023-TA-PP-ENV-SIP'],['text/plain'],,['2023-05-02T00:00:00.000+0000'],['2023-09-07T17:00:00.000+0000'],,['en'],['Technical Assistance preparation of ENV SIPs'],['1'],['https://ec.europa.eu/info/funding-tenders/opportunities/data/topicDetails/LIFE-2023-TA-PP-ENV-SIP.json'],['https://ec.europa.eu/info/funding-tenders/opportunities/data/topicDetails/LIFE-2023-TA-PP-ENV-SIP.json'],['45986190'],['SEDIA_PRD_CENTRICITY'],,,['43252405'],['2023-05-02T00:00:00.000+0000'],['single-stage'],['31094502'],['LIFE Project Grants'],2026-09-20 09:08:50.362431+00:00
2.155,45986178LIFEProjectGrants1682985600000,https://ec.europa.eu/info/funding-tenders/opportunities/data/topicDetails/LIFE-2023-TA-PP-NAT-SNAP.json,text/plain,en,,,Technical Assistance preparation of SNAPs,0.0,Technical Assistance preparation of SNAPs,False,[],[],Technical Assistance preparation of SNAPs. Available at: https://ec.europa.eu/info/funding-tenders/opportunities/data/topicDetails/LIFE-2023-TA-PP-NAT-SNAP.json,['LIFE-2023-TA-PP-NAT-SNAP'],['text/plain'],,['2023-05-02T00:00:00.000+0000'],['2023-09-07T17:00:00.000+0000'],,['en'],['Technical Assistance preparation of SNAPs'],['1'],['https://ec.europa.eu/info/funding-tenders/opportunities/data/topicDetails/LIFE-2023-TA-PP-NAT-SNAP.json'],['https://ec.europa.eu/info/funding-tenders/opportunities/data/topicDetails/LIFE-2023-TA-PP-NAT-SNAP.json'],['45986190'],['SEDIA_PRD_CENTRICITY'],,,['43252405'],['2023-05-02T00:00:00.000+0000'],['single-stage'],['31094502'],['LIFE Project Grants'],2026-09-20 09:08:50.362431+00:00
2.155,45971395EPProjectGrants1682553600000,https://ec.europa.eu/info/funding-tenders/opportunities/data/topicDetails/EP-COMM-SUBV-NAT-E-2023-CHANGE-MAKERS.json,text/plain,en,,,ENGAGEMENT ACTIONS BY CHANGE-MAKERS,0.0,ENGAGEMENT ACTIONS BY CHANGE-MAKERS,False,[],[],ENGAGEMENT ACTIONS BY CHANGE-MAKERS. Available at: https://ec.europa.eu/info/funding-tenders/opportunities/data/topicDetails/EP-COMM-SUBV-NAT-E-2023-CHANGE-MAKERS.json,['EP-COMM-SUBV-NAT-E-2023-CHANGE-MAKERS'],['text/plain'],,['2023-04-27T00:00:00.000+0000'],"['2023-05-25T17:00:00.000+0000', '2023-09-28T17:00:00.000+0000']",,['en'],['ENGAGEMENT ACTIONS BY CHANGE-MAKERS'],['1'],['https://ec.europa.eu/info/funding-tenders/opportunities/data/topicDetails/EP-COMM-SUBV-NAT-E-2023-CHANGE-MAKERS.json'],['https://ec.europa.eu/info/funding-tenders/opportunities/data/topicDetails/EP-COMM-SUBV-NAT-E-2023-CHANGE-MAKERS.json'],['45971411'],['SEDIA_PRD_CENTRICITY'],,,['43697167'],['2023-04-27T00:00:00.000+0000'],['multiple cut-off'],['31094502'],['EP Project Grants'],2026-09-20 09:08:50.362431+00:00
2.155,45971403EPProjectGrants1682553600000,https://ec.europa.eu/info/funding-tenders/opportunities/data/topicDetails/EP-COMM-SUBV-NAT-E-2023-CIVIL-SOCIETY.json,text/plain,en,,,CIVIL SOCIETY ENGAGEMENT ACTIONS,0.0,CIVIL SOCIETY ENGAGEMENT ACTIONS,False,[],[],CIVIL SOCIETY ENGAGEMENT ACTIONS. Available at: https://ec.europa.eu/info/funding-tenders/opportunities/data/topicDetails/EP-COMM-SUBV-NAT-E-2023-CIVIL-SOCIETY.json,['EP-COMM-SUBV-NAT-E-2023-CIVIL-SOCIETY'],['text/plain'],,['2023-04-27T00:00:00.000+0000'],"['2023-05-25T17:00:00.000+0000', '2023-09-28T17:00:00.000+0000']",,['en'],['CIVIL SOCIETY ENGAGEMENT ACTIONS'],['1'],['https://ec.europa.eu/info/funding-tenders/opportunities/data/topicDetails/EP-COMM-SUBV-NAT-E-2023-CIVIL-SOCIETY.json'],['https://ec.europa.eu/info/funding-tenders/opportunities/data/topicDetails/EP-COMM-SUBV-NAT-E-2023-CIVIL-SOCIETY.json'],['45971411'],['SEDIA_PRD_CENTRICITY'],,,['43697167'],['2023-04-27T00:00:00.000+0000'],['multiple cut-off'],['31094502'],['EP Project Grants'],2026-09-20 09:08:50.362431+00:00
2.155,45961755HORIZONJUInnovationActions1682467200000,https://ec.europa.eu/info/funding-tenders/opportunities/data/topicDetails/HORIZON-JU-CBE-2023-IA-02.json,text/plain,en,,,"Production of safe, sustainable, and efficient bio-based fertilisers to improve soil health and quality",0.0,"Production of safe, sustainable, and efficient bio-based fertilisers to improve soil health and quality",False,[],[],"Production of safe, sustainable, and efficient bio-based fertilisers to improve soil health and quality. Available at: https://ec.europa.eu/info/funding-tenders/opportunities/data/topicDetails/HORIZON-JU-CBE-2023-IA-02.json",['HORIZON-JU-CBE-2023-IA-02'],['text/plain'],,['2023-04-26T00:00:00.000+0000'],['2023-09-20T17:00:00.000+0000'],,['en'],"['Production of safe, sustainable, and efficient bio-based fertilisers to improve soil health and quality']",['1'],['https://ec.europa.eu/info/funding-tenders/opportunities/data/topicDetails/HORIZON-JU-CBE-2023-IA-02.json'],['https://ec.europa.eu/info/funding-tenders/opportunities/data/topicDetails/HORIZON-JU-CBE-2023-IA-02.json'],['45962466'],['SEDIA_PRD_CENTRICITY'],,,['43108390'],['2023-04-26T00:00:00.000+0000'],['single-stage'],['31094502'],['HORIZON JU Innovation Actions'],2026-09-20 09:08:50.362431+00:00
2.155,45962151HORIZONJUResearchandInnovationActions1682467200000,https://ec.europa.eu/info/funding-tenders/opportunities/data/topicDetails/HORIZON-JU-CBE-2023-R-01.json,text/plain,en,,,"Phyto-management; curing soil with industrial crops, utilising contaminated and saline land for industrial crop production",0.0,"Phyto-management; curing soil with industrial crops, utilising contaminated and saline land for industrial crop production",False,[],[],"Phyto-management; curing soil with industrial crops, utilising contaminated and saline land for industrial crop production. Available at: https://ec.europa.eu/info/funding-tenders/opportunities/data/topicDetails/HORIZON-JU-CBE-2023-R-01.json",['HORIZON-JU-CBE-2023-R-01'],['text/plain'],,['2023-04-26T00:00:00.000+0000'],['2023-09-20T17:00:00.000+0000'],,['en'],"['Phyto-management; curing soil with industrial crops, utilising contaminated and saline land for industrial crop production']",['1'],['https://ec.europa.eu/info/funding-tenders/opportunities/data/topicDetails/HORIZON-JU-CBE-2023-R-01.json'],['https://ec.europa.eu/info/funding-tenders/opportunities/data/topicDetails/HORIZON-JU-CBE-2023-R-01.json'],['45962466'],['SEDIA_PRD_CENTRICITY'],,,['43108390'],['2023-04-26T00:00:00.000+0000'],['single-stage'],['31094502'],['HORIZON JU Research and Innovation Actions'],2026-09-20 09:08:50.362431+00:00
2.155,45961877HORIZONJUInnovationActions1682467200000,https://ec.europa.eu/info/funding-tenders/opportunities/data/topicDetails/HORIZON-JU-CBE-2023-IAFlag-01.json,text/plain,en,,,Optimised and integrated wood-based value chains,0.0,Optimised and integrated wood-based value chains,False,[],[],Optimised and integrated wood-based value chains. Available at: https://ec.europa.eu/info/funding-tenders/opportunities/data/topicDetails/HORIZON-JU-CBE-2023-IAFlag-01.json,['HORIZON-JU-CBE-2023-IAFlag-01'],['text/plain'],,['2023-04-26T00:00:00.000+0000'],['2023-09-20T17:00:00.000+0000'],,['en'],['Optimised and integrated wood-based value chains'],['1'],['https://ec.europa.eu/info/funding-tenders/opportunities/data/topicDetails/HORIZON-JU-CBE-2023-IAFlag-01.json'],['https://ec.europa.eu/info/funding-tenders/opportunities/data/topicDetails/HORIZON-JU-CBE-2023-IAFlag-01.json'],['45962466'],['SEDIA_PRD_CENTRICITY'],,,['43108390'],['2023-04-26T00:00:00.000+0000'],['single-stage'],['31094502'],['HORIZON JU Innovation Actions'],2026-09-20 09:08:50.362431+00:00
2.155,45962425HORIZONJUInnovationActions1682467200000,https://ec.europa.eu/info/funding-tenders/opportunities/data/topicDetails/HORIZON-JU-CBE-2023-IA-01.json,text/plain,en,,,Small scale biorefining in rural areas,0.0,Small scale biorefining in rural areas,False,[],[],Small scale biorefining in rural areas. Available at: https://ec.europa.eu/info/funding-tenders/opportunities/data/topicDetails/HORIZON-JU-CBE-2023-IA-01.json,['HORIZON-JU-CBE-2023-IA-01'],['text/plain'],,['2023-04-26T00:00:00.000+0000'],['2023-09-20T17:00:00.000+0000'],,['en'],['Small scale biorefining in rural areas'],['1'],['https://ec.europa.eu/info/funding-tenders/opportunities/data/topicDetails/HORIZON-JU-CBE-2023-IA-01.json'],['https://ec.europa.eu/info/funding-tenders/opportunities/data/topicDetails/HORIZON-JU-CBE-2023-IA-01.json'],['45962466'],['SEDIA_PRD_CENTRICITY'],,,['43108390'],['2023-04-26T00:00:00.000+0000'],['single-stage'],['31094502'],['HORIZON JU Innovation Actions'],2026-09-20 09:08:50.362431+00:00
2.155,45962266HORIZONJUResearchandInnovationActions1682467200000,https://ec.europa.eu/info/funding-tenders/opportunities/data/topicDetails/HORIZON-JU-CBE-2023-R-04.json,text/plain,en,,,"Development of novel, high-performance bio-based polymers and co-polymers",0.0,"Development of novel, high-performance bio-based polymers and co-polymers",False,[],[],"Development of novel, high-performance bio-based polymers and co-polymers. Available at: https://ec.europa.eu/info/funding-tenders/opportunities/data/topicDetails/HORIZON-JU-CBE-2023-R-04.json",['HORIZON-JU-CBE-2023-R-04'],['text/plain'],,['2023-04-26T00:00:00.000+0000'],['2023-09-20T17:00:00.000+0000'],,['en'],"['Development of novel, high-performance bio-based polymers and co-polymers']",['1'],['https://ec.europa.eu/info/funding-tenders/opportunities/data/topicDetails/HORIZON-JU-CBE-2023-R-04.json'],['https://ec.europa.eu/info/funding-tenders/opportunities/data/topicDetails/HORIZON-JU-CBE-2023-R-04.json'],['45962466'],['SEDIA_PRD_CENTRICITY'],,,['43108390'],['2023-04-26T00:00:00.000+0000'],['single-stage'],['31094502'],['HORIZON JU Research and Innovation Actions'],2026-09-20 09:08:50.362431+00:00
2.155,45961837HORIZONJUInnovationActions1682467200000,https://ec.europa.eu/info/funding-tenders/opportunities/data/topicDetails/HORIZON-JU-CBE-2023-IA-04.json,text/plain,en,,,Recycling bio-based plastics increasing sorting and recycled content (upcycling).,0.0,Recycling bio-based plastics increasing sorting and recycled content (upcycling).,False,[],[],Recycling bio-based plastics increasing sorting and recycled content (upcycling).. Available at: https://ec.europa.eu/info/funding-tenders/opportunities/data/topicDetails/HORIZON-JU-CBE-2023-IA-04.json,['HORIZON-JU-CBE-2023-IA-04'],['text/plain'],,['2023-04-26T00:00:00.000+0000'],['2023-09-20T17:00:00.000+0000'],,['en'],['Recycling bio-based plastics increasing sorting and recycled content (upcycling).'],['1'],['https://ec.europa.eu/info/funding-tenders/opportunities/data/topicDetails/HORIZON-JU-CBE-2023-IA-04.json'],['https://ec.europa.eu/info/funding-tenders/opportunities/data/topicDetails/HORIZON-JU-CBE-2023-IA-04.json'],['45962466'],['SEDIA_PRD_CENTRICITY'],,,['43108390'],['2023-04-26T00:00:00.000+0000'],['single-stage'],['31094502'],['HORIZON JU Innovation Actions'],2026-09-20 09:08:50.362431+00:00
2.155,45961916HORIZONJUInnovationActions1682467200000,https://ec.europa.eu/info/funding-tenders/opportunities/data/topicDetails/HORIZON-JU-CBE-2023-IAFlag-02.json,text/plain,en,,,Expansion and/or retro-fitting of biorefineries towards higher-value bio-based chemicals and intermediates,0.0,Expansion and/or retro-fitting of biorefineries towards higher-value bio-based chemicals and intermediates,False,[],[],Expansion and/or retro-fitting of biorefineries towards higher-value bio-based chemicals and intermediates. Available at: https://ec.europa.eu/info/funding-tenders/opportunities/data/topicDetails/HORIZON-JU-CBE-2023-IAFlag-02.json,['HORIZON-JU-CBE-2023-IAFlag-02'],['text/plain'],,['2023-04-26T00:00:00.000+0000'],['2023-09-20T17:00:00.000+0000'],,['en'],['Expansion and/or retro-fitting of biorefineries towards higher-value bio-based chemicals and intermediates'],['1'],['https://ec.europa.eu/info/funding-tenders/opportunities/data/topicDetails/HORIZON-JU-CBE-2023-IAFlag-02.json'],['https://ec.europa.eu/info/funding-tenders/opportunities/data/topicDetails/HORIZON-JU-CBE-2023-IAFlag-02.json'],['45962466'],['SEDIA_PRD_CENTRICITY'],,,['43108390'],['2023-04-26T00:00:00.000+0000'],['single-stage'],['31094502'],['HORIZON JU Innovation Actions'],2026-09-20 09:08:50.362431+00:00
2.155,45700238HORIZONResearchandInnovationActions1682467200000,https://ec.europa.eu/info/funding-tenders/opportunities/data/topicDetails/HORIZON-HLTH-2024-DISEASE-03-11-two-stage.json,text/plain,en,,,Pandemic preparedness and response: Adaptive platform trials for pandemic preparedness,0.0,Pandemic preparedness and response: Adaptive platform trials for pandemic preparedness,False,[],[],Pandemic preparedness and response: Adaptive platform trials for pandemic preparedness. Available at: https://ec.europa.eu/info/funding-tenders/opportunities/data/topicDetails/HORIZON-HLTH-2024-DISEASE-03-11-two-stage.json,['HORIZON-HLTH-2024-DISEASE-03-11-two-stage'],['text/plain'],,['2023-04-26T00:00:00.000+0000'],"['2023-09-19T17:00:00.000+0000', '2024-04-11T17:00:00.000+0000']",,['en'],['Pandemic preparedness and response: Adaptive platform trials for pandemic preparedness'],['1'],['https://ec.europa.eu/info/funding-tenders/opportunities/data/topicDetails/HORIZON-HLTH-2024-DISEASE-03-11-two-stage.json'],['https://ec.europa.eu/info/funding-tenders/opportunities/data/topicDetails/HORIZON-HLTH-2024-DISEASE-03-11-two-stage.json'],['45702316'],['SEDIA_PRD_CENTRICITY'],,,['43108390'],['2023-04-26T00:00:00.000+0000'],['two-stage'],['31094502'],['HORIZON  Research and Innovation Actions'],2026-09-20 09:08:50.362431+00:00
2.155,45700426HORIZONResearchandInnovationActions1682467200000,https://ec.europa.eu/info/funding-tenders/opportunities/data/topicDetails/HORIZON-HLTH-2024-DISEASE-03-08-two-stage.json,text/plain,en,,,Comparative effectiveness research for healthcare interventions in areas of high public health need,0.0,Comparative effectiveness research for healthcare interventions in areas of high public health need,False,[],[],Comparative effectiveness research for healthcare interventions in areas of high public health need. Available at: https://ec.europa.eu/info/funding-tenders/opportunities/data/topicDetails/HORIZON-HLTH-2024-DISEASE-03-08-two-stage.json,['HORIZON-HLTH-2024-DISEASE-03-08-two-stage'],['text/plain'],,['2023-04-26T00:00:00.000+0000'],"['2023-09-19T17:00:00.000+0000', '2024-04-11T17:00:00.000+0000']",,['en'],['Comparative effectiveness research for healthcare interventions in areas of high public health need'],['1'],['https://ec.europa.eu/info/funding-tenders/opportunities/data/topicDetails/HORIZON-HLTH-2024-DISEASE-03-08-two-stage.json'],['https://ec.europa.eu/info/funding-tenders/opportunities/data/topicDetails/HORIZON-HLTH-2024-DISEASE-03-08-two-stage.json'],['45702316'],['SEDIA_PRD_CENTRICITY'],,,['43108390'],['2023-04-26T00:00:00.000+0000'],['two-stage'],['31094502'],['HORIZON  Research and Innovation Actions'],2026-09-20 09:08:50.362431+00:00
2.155,45701683HORIZONResearchandInnovationActions1682467200000,https://ec.europa.eu/info/funding-tenders/opportunities/data/topicDetails/HORIZON-HLTH-2024-DISEASE-03-14-two-stage.json,text/plain,en,,,"Tackling high-burden for patients, under-researched medical conditions",0.0,"Tackling high-burden for patients, under-researched medical conditions",False,[],[],"Tackling high-burden for patients, under-researched medical conditions. Available at: https://ec.europa.eu/info/funding-tenders/opportunities/data/topicDetails/HORIZON-HLTH-2024-DISEASE-03-14-two-stage.json",['HORIZON-HLTH-2024-DISEASE-03-14-two-stage'],['text/plain'],,['2023-04-26T00:00:00.000+0000'],"['2023-09-19T17:00:00.000+0000', '2024-04-11T17:00:00.000+0000']",,['en'],"['Tackling high-burden for patients, under-researched medical conditions']",['1'],['https://ec.europa.eu/info/funding-tenders/opportunities/data/topicDetails/HORIZON-HLTH-2024-DISEASE-03-14-two-stage.json'],['https://ec.europa.eu/info/funding-tenders/opportunities/data/topicDetails/HORIZON-HLTH-2024-DISEASE-03-14-two-stage.json'],['45702316'],['SEDIA_PRD_CENTRICITY'],,,['43108390'],['2023-04-26T00:00:00.000+0000'],['two-stage'],['31094502'],['HORIZON  Research and Innovation Actions'],2026-09-20 09:08:50.362431+00:00
2.155,45701654HORIZONResearchandInnovationActions1682467200000,https://ec.europa.eu/info/funding-tenders/opportunities/data/topicDetails/HORIZON-HLTH-2024-DISEASE-03-13-two-stage.json,text/plain,en,,,Validation of fluid-derived biomarkers for the prediction and prevention of brain disorders,0.0,Validation of fluid-derived biomarkers for the prediction and prevention of brain disorders,False,[],[],Validation of fluid-derived biomarkers for the prediction and prevention of brain disorders. Available at: https://ec.europa.eu/info/funding-tenders/opportunities/data/topicDetails/HORIZON-HLTH-2024-DISEASE-03-13-two-stage.json,['HORIZON-HLTH-2024-DISEASE-03-13-two-stage'],['text/plain'],,['2023-04-26T00:00:00.000+0000'],"['2023-09-19T17:00:00.000+0000', '2024-04-11T17:00:00.000+0000']",,['en'],['Validation of fluid-derived biomarkers for the prediction and prevention of brain disorders'],['1'],['https://ec.europa.eu/info/funding-tenders/opportunities/data/topicDetails/HORIZON-HLTH-2024-DISEASE-03-13-two-stage.json'],['https://ec.europa.eu/info/funding-tenders/opportunities/data/topicDetails/HORIZON-HLTH-2024-DISEASE-03-13-two-stage.json'],['45702316'],['SEDIA_PRD_CENTRICITY'],,,['43108390'],['2023-04-26T00:00:00.000+0000'],['two-stage'],['31094502'],['HORIZON  Research and Innovation Actions'],2026-09-20 09:08:50.362431+00:00
2.155,45961992HORIZONJUInnovationActions1682467200000,https://ec.europa.eu/info/funding-tenders/opportunities/data/topicDetails/HORIZON-JU-CBE-2023-IAFlag-04.json,text/plain,en,,,Valorisation of aquatic biomass waste and residues,0.0,Valorisation of aquatic biomass waste and residues,False,[],[],Valorisation of aquatic biomass waste and residues. Available at: https://ec.europa.eu/info/funding-tenders/opportunities/data/topicDetails/HORIZON-JU-CBE-2023-IAFlag-04.json,['HORIZON-JU-CBE-2023-IAFlag-04'],['text/plain'],,['2023-04-26T00:00:00.000+0000'],['2023-09-20T17:00:00.000+0000'],,['en'],['Valorisation of aquatic biomass waste and residues'],['1'],['https://ec.europa.eu/info/funding-tenders/opportunities/data/topicDetails/HORIZON-JU-CBE-2023-IAFlag-04.json'],['https://ec.europa.eu/info/funding-tenders/opportunities/data/topicDetails/HORIZON-JU-CBE-2023-IAFlag-04.json'],['45962466'],['SEDIA_PRD_CENTRICITY'],,,['43108390'],['2023-04-26T00:00:00.000+0000'],['single-stage'],['31094502'],['HORIZON JU Innovation Actions'],2026-09-20 09:08:50.362431+00:00
2.155,45961952HORIZONJUInnovationActions1682467200000,https://ec.europa.eu/info/funding-tenders/opportunities/data/topicDetails/HORIZON-JU-CBE-2023-IAFlag-03.json,text/plain,en,,,"Bio-based packaging materials with improved properties: barrier, food contact, forming, printability, safety, recyclability /circularity-by-design",0.0,"Bio-based packaging materials with improved properties: barrier, food contact, forming, printability, safety, recyclability /circularity-by-design",False,[],[],"Bio-based packaging materials with improved properties: barrier, food contact, forming, printability, safety, recyclability /circularity-by-design. Available at: https://ec.europa.eu/info/funding-tenders/opportunities/data/topicDetails/HORIZON-JU-CBE-2023-IAFlag-03.json",['HORIZON-JU-CBE-2023-IAFlag-03'],['text/plain'],,['2023-04-26T00:00:00.000+0000'],['2023-09-20T17:00:00.000+0000'],,['en'],"['Bio-based packaging materials with improved properties: barrier, food contact, forming, printability, safety, recyclability /circularity-by-design']",['1'],['https://ec.europa.eu/info/funding-tenders/opportunities/data/topicDetails/HORIZON-JU-CBE-2023-IAFlag-03.json'],['https://ec.europa.eu/info/funding-tenders/opportunities/data/topicDetails/HORIZON-JU-CBE-2023-IAFlag-03.json'],['45962466'],['SEDIA_PRD_CENTRICITY'],,,['43108390'],['2023-04-26T00:00:00.000+0000'],['single-stage'],['31094502'],['HORIZON JU Innovation Actions'],2026-09-20 09:08:50.362431+00:00
2.155,45962226HORIZONJUResearchandInnovationActions1682467200000,https://ec.europa.eu/info/funding-tenders/opportunities/data/topicDetails/HORIZON-JU-CBE-2023-R-03.json,text/plain,en,,,Robust and optimised industrial biotech and chemical/industrial biotech processes,0.0,Robust and optimised industrial biotech and chemical/industrial biotech processes,False,[],[],Robust and optimised industrial biotech and chemical/industrial biotech processes. Available at: https://ec.europa.eu/info/funding-tenders/opportunities/data/topicDetails/HORIZON-JU-CBE-2023-R-03.json,['HORIZON-JU-CBE-2023-R-03'],['text/plain'],,['2023-04-26T00:00:00.000+0000'],['2023-09-20T17:00:00.000+0000'],,['en'],['Robust and optimised industrial biotech and chemical/industrial biotech processes'],['1'],['https://ec.europa.eu/info/funding-tenders/opportunities/data/topicDetails/HORIZON-JU-CBE-2023-R-03.json'],['https://ec.europa.eu/info/funding-tenders/opportunities/data/topicDetails/HORIZON-JU-CBE-2023-R-03.json'],['45962466'],['SEDIA_PRD_CENTRICITY'],,,['43108390'],['2023-04-26T00:00:00.000+0000'],['single-stage'],['31094502'],['HORIZON JU Research and Innovation Actions'],2026-09-20 09:08:50.362431+00:00
2.155,45962109HORIZONJUInnovationActions1682467200000,https://ec.europa.eu/info/funding-tenders/opportunities/data/topicDetails/HORIZON-JU-CBE-2023-IA-07.json,text/plain,en,,,"High performance, circular-by design, biobased composites",0.0,"High performance, circular-by design, biobased composites",False,[],[],"High performance, circular-by design, biobased composites. Available at: https://ec.europa.eu/info/funding-tenders/opportunities/data/topicDetails/HORIZON-JU-CBE-2023-IA-07.json",['HORIZON-JU-CBE-2023-IA-07'],['text/plain'],,['2023-04-26T00:00:00.000+0000'],['2023-09-20T17:00:00.000+0000'],,['en'],"['High performance, circular-by design, biobased composites']",['1'],['https://ec.europa.eu/info/funding-tenders/opportunities/data/topicDetails/HORIZON-JU-CBE-2023-IA-07.json'],['https://ec.europa.eu/info/funding-tenders/opportunities/data/topicDetails/HORIZON-JU-CBE-2023-IA-07.json'],['45962466'],['SEDIA_PRD_CENTRICITY'],,,['43108390'],['2023-04-26T00:00:00.000+0000'],['single-stage'],['31094502'],['HORIZON JU Innovation Actions'],2026-09-20 09:08:50.362431+00:00
2.155,45962304HORIZONJUResearchandInnovationActions1682467200000,https://ec.europa.eu/info/funding-tenders/opportunities/data/topicDetails/HORIZON-JU-CBE-2023-R-05.json,text/plain,en,,,Pre-normative research to develop standards for biodegradability of bio-based products in controlled and in open environments,0.0,Pre-normative research to develop standards for biodegradability of bio-based products in controlled and in open environments,False,[],[],Pre-normative research to develop standards for biodegradability of bio-based products in controlled and in open environments. Available at: https://ec.europa.eu/info/funding-tenders/opportunities/data/topicDetails/HORIZON-JU-CBE-2023-R-05.json,['HORIZON-JU-CBE-2023-R-05'],['text/plain'],,['2023-04-26T00:00:00.000+0000'],['2023-09-20T17:00:00.000+0000'],,['en'],['Pre-normative research to develop standards for biodegradability of bio-based products in controlled and in open environments'],['1'],['https://ec.europa.eu/info/funding-tenders/opportunities/data/topicDetails/HORIZON-JU-CBE-2023-R-05.json'],['https://ec.europa.eu/info/funding-tenders/opportunities/data/topicDetails/HORIZON-JU-CBE-2023-R-05.json'],['45962466'],['SEDIA_PRD_CENTRICITY'],,,['43108390'],['2023-04-26T00:00:00.000+0000'],['single-stage'],['31094502'],['HORIZON JU Research and Innovation Actions'],2026-09-20 09:08:50.362431+00:00
2.155,45961795HORIZONJUInnovationActions1682467200000,https://ec.europa.eu/info/funding-tenders/opportunities/data/topicDetails/HORIZON-JU-CBE-2023-IA-03.json,text/plain,en,,,Improve fermentation processes (including downstream purification) to final bio-based products,0.0,Improve fermentation processes (including downstream purification) to final bio-based products,False,[],[],Improve fermentation processes (including downstream purification) to final bio-based products. Available at: https://ec.europa.eu/info/funding-tenders/opportunities/data/topicDetails/HORIZON-JU-CBE-2023-IA-03.json,['HORIZON-JU-CBE-2023-IA-03'],['text/plain'],,['2023-04-26T00:00:00.000+0000'],['2023-09-20T17:00:00.000+0000'],,['en'],['Improve fermentation processes (including downstream purification) to final bio-based products'],['1'],['https://ec.europa.eu/info/funding-tenders/opportunities/data/topicDetails/HORIZON-JU-CBE-2023-IA-03.json'],['https://ec.europa.eu/info/funding-tenders/opportunities/data/topicDetails/HORIZON-JU-CBE-2023-IA-03.json'],['45962466'],['SEDIA_PRD_CENTRICITY'],,,['43108390'],['2023-04-26T00:00:00.000+0000'],['single-stage'],['31094502'],['HORIZON JU Innovation Actions'],2026-09-20 09:08:50.362431+00:00
2.155,45962036HORIZONJUInnovationActions1682467200000,https://ec.europa.eu/info/funding-tenders/opportunities/data/topicDetails/HORIZON-JU-CBE-2023-IA-05.json,text/plain,en,,,"Development of scalable, safe bio-based surfactants, with an improved sustainability profile",0.0,"Development of scalable, safe bio-based surfactants, with an improved sustainability profile",False,[],[],"Development of scalable, safe bio-based surfactants, with an improved sustainability profile. Available at: https://ec.europa.eu/info/funding-tenders/opportunities/data/topicDetails/HORIZON-JU-CBE-2023-IA-05.json",['HORIZON-JU-CBE-2023-IA-05'],['text/plain'],,['2023-04-26T00:00:00.000+0000'],['2023-09-20T17:00:00.000+0000'],,['en'],"['Development of scalable, safe bio-based surfactants, with an improved sustainability profile']",['1'],['https://ec.europa.eu/info/funding-tenders/opportunities/data/topicDetails/HORIZON-JU-CBE-2023-IA-05.json'],['https://ec.europa.eu/info/funding-tenders/opportunities/data/topicDetails/HORIZON-JU-CBE-2023-IA-05.json'],['45962466'],['SEDIA_PRD_CENTRICITY'],,,['43108390'],['2023-04-26T00:00:00.000+0000'],['single-stage'],['31094502'],['HORIZON JU Innovation Actions'],2026-09-20 09:08:50.362431+00:00
2.155,45962384HORIZONJUCoordinationandSupportActions1682467200000,https://ec.europa.eu/info/funding-tenders/opportunities/data/topicDetails/HORIZON-JU-CBE-2023-S-02.json,text/plain,en,,,Supporting the capacity of regions in environmental sustainability assessment for the bio-based sectors,0.0,Supporting the capacity of regions in environmental sustainability assessment for the bio-based sectors,False,[],[],Supporting the capacity of regions in environmental sustainability assessment for the bio-based sectors. Available at: https://ec.europa.eu/info/funding-tenders/opportunities/data/topicDetails/HORIZON-JU-CBE-2023-S-02.json,['HORIZON-JU-CBE-2023-S-02'],['text/plain'],,['2023-04-26T00:00:00.000+0000'],['2023-09-20T17:00:00.000+0000'],,['en'],['Supporting the capacity of regions in environmental sustainability assessment for the bio-based sectors'],['1'],['https://ec.europa.eu/info/funding-tenders/opportunities/data/topicDetails/HORIZON-JU-CBE-2023-S-02.json'],['https://ec.europa.eu/info/funding-tenders/opportunities/data/topicDetails/HORIZON-JU-CBE-2023-S-02.json'],['45962466'],['SEDIA_PRD_CENTRICITY'],,,['43108390'],['2023-04-26T00:00:00.000+0000'],['single-stage'],['31094502'],['HORIZON JU Coordination and Support Actions'],2026-09-20 09:08:50.362431+00:00
2.155,45962069HORIZONJUInnovationActions1682467200000,https://ec.europa.eu/info/funding-tenders/opportunities/data/topicDetails/HORIZON-JU-CBE-2023-IA-06.json,text/plain,en,,,"Selective, sustainable production routes towards bio-based alternatives to fossil-based chemical building blocks",0.0,"Selective, sustainable production routes towards bio-based alternatives to fossil-based chemical building blocks",False,[],[],"Selective, sustainable production routes towards bio-based alternatives to fossil-based chemical building blocks. Available at: https://ec.europa.eu/info/funding-tenders/opportunities/data/topicDetails/HORIZON-JU-CBE-2023-IA-06.json",['HORIZON-JU-CBE-2023-IA-06'],['text/plain'],,['2023-04-26T00:00:00.000+0000'],['2023-09-20T17:00:00.000+0000'],,['en'],"['Selective, sustainable production routes towards bio-based alternatives to fossil-based chemical building blocks']",['1'],['https://ec.europa.eu/info/funding-tenders/opportunities/data/topicDetails/HORIZON-JU-CBE-2023-IA-06.json'],['https://ec.europa.eu/info/funding-tenders/opportunities/data/topicDetails/HORIZON-JU-CBE-2023-IA-06.json'],['45962466'],['SEDIA_PRD_CENTRICITY'],,,['43108390'],['2023-04-26T00:00:00.000+0000'],['single-stage'],['31094502'],['HORIZON JU Innovation Actions'],2026-09-20 09:08:50.362431+00:00
2.155,45962345HORIZONJUCoordinationandSupportActions1682467200000,https://ec.europa.eu/info/funding-tenders/opportunities/data/topicDetails/HORIZON-JU-CBE-2023-S-01.json,text/plain,en,,,"EU-wide network of pilot plants and testing facilities, improving SMEs and start-ups' access to scale-up",0.0,"EU-wide network of pilot plants and testing facilities, improving SMEs and start-ups' access to scale-up",False,[],[],"EU-wide network of pilot plants and testing facilities, improving SMEs and start-ups' access to scale-up. Available at: https://ec.europa.eu/info/funding-tenders/opportunities/data/topicDetails/HORIZON-JU-CBE-2023-S-01.json",['HORIZON-JU-CBE-2023-S-01'],['text/plain'],,['2023-04-26T00:00:00.000+0000'],['2023-09-20T17:00:00.000+0000'],,['en'],"[""EU-wide network of pilot plants and testing facilities, improving SMEs and start-ups' access to scale-up""]",['1'],['https://ec.europa.eu/info/funding-tenders/opportunities/data/topicDetails/HORIZON-JU-CBE-2023-S-01.json'],['https://ec.europa.eu/info/funding-tenders/opportunities/data/topicDetails/HORIZON-JU-CBE-2023-S-01.json'],['45962466'],['SEDIA_PRD_CENTRICITY'],,,['43108390'],['2023-04-26T00:00:00.000+0000'],['single-stage'],['31094502'],['HORIZON JU Coordination and Support Actions'],2026-09-20 09:08:50.362431+00:00
2.155,45962189HORIZONJUResearchandInnovationActions1682467200000,https://ec.europa.eu/info/funding-tenders/opportunities/data/topicDetails/HORIZON-JU-CBE-2023-R-02.json,text/plain,en,,,Optimised forest-based value chains for high value applications and improved forest management,0.0,Optimised forest-based value chains for high value applications and improved forest management,False,[],[],Optimised forest-based value chains for high value applications and improved forest management. Available at: https://ec.europa.eu/info/funding-tenders/opportunities/data/topicDetails/HORIZON-JU-CBE-2023-R-02.json,['HORIZON-JU-CBE-2023-R-02'],['text/plain'],,['2023-04-26T00:00:00.000+0000'],['2023-09-20T17:00:00.000+0000'],,['en'],['Optimised forest-based value chains for high value applications and improved forest management'],['1'],['https://ec.europa.eu/info/funding-tenders/opportunities/data/topicDetails/HORIZON-JU-CBE-2023-R-02.json'],['https://ec.europa.eu/info/funding-tenders/opportunities/data/topicDetails/HORIZON-JU-CBE-2023-R-02.json'],['45962466'],['SEDIA_PRD_CENTRICITY'],,,['43108390'],['2023-04-26T00:00:00.000+0000'],['single-stage'],['31094502'],['HORIZON JU Research and Innovation Actions'],2026-09-20 09:08:50.362431+00:00
2.155,45640315HORIZONCoordinationandSupportActions1682467200000,https://ec.europa.eu/info/funding-tenders/opportunities/data/topicDetails/HORIZON-WIDERA-2023-ACCESS-05-01.json,text/plain,en,,,Dissemination and Exploitation Support Facility,0.0,Dissemination and Exploitation Support Facility,False,[],[],Dissemination and Exploitation Support Facility. Available at: https://ec.europa.eu/info/funding-tenders/opportunities/data/topicDetails/HORIZON-WIDERA-2023-ACCESS-05-01.json,['HORIZON-WIDERA-2023-ACCESS-05-01'],['text/plain'],,['2023-04-26T00:00:00.000+0000'],['2023-09-28T17:00:00.000+0000'],,['en'],['Dissemination and Exploitation Support Facility'],['1'],['https://ec.europa.eu/info/funding-tenders/opportunities/data/topicDetails/HORIZON-WIDERA-2023-ACCESS-05-01.json'],['https://ec.europa.eu/info/funding-tenders/opportunities/data/topicDetails/HORIZON-WIDERA-2023-ACCESS-05-01.json'],['45746589'],['SEDIA_PRD_CENTRICITY'],,,['43108390'],['2023-04-26T00:00:00.000+0000'],['single-stage'],['31094502'],['HORIZON Coordination and Support Actions'],2026-09-20 09:08:50.362431+00:00
2.155,45640393HORIZONCoordinationandSupportActions1682380800000,https://ec.europa.eu/info/funding-tenders/opportunities/data/topicDetails/HORIZON-WIDERA-2023-ACCESS-02-02.json,text/plain,en,,,Twinning Green Deal,0.0,Twinning Green Deal,False,[],[],Twinning Green Deal. Available at: https://ec.europa.eu/info/funding-tenders/opportunities/data/topicDetails/HORIZON-WIDERA-2023-ACCESS-02-02.json,['HORIZON-WIDERA-2023-ACCESS-02-02'],['text/plain'],,['2023-04-25T00:00:00.000+0000'],['2023-09-28T17:00:00.000+0000'],,['en'],['Twinning Green Deal'],['1'],['https://ec.europa.eu/info/funding-tenders/opportunities/data/topicDetails/HORIZON-WIDERA-2023-ACCESS-02-02.json'],['https://ec.europa.eu/info/funding-tenders/opportunities/data/topicDetails/HORIZON-WIDERA-2023-ACCESS-02-02.json'],['45746556'],['SEDIA_PRD_CENTRICITY'],,,['43108390'],['2023-04-25T00:00:00.000+0000'],['single-stage'],['31094502'],['HORIZON Coordination and Support Actions'],2026-09-20 09:08:50.362431+00:00
2.155,45640386HORIZONCoordinationandSupportActions1682380800000,https://ec.europa.eu/info/funding-tenders/opportunities/data/topicDetails/HORIZON-WIDERA-2023-ACCESS-02-01.json,text/plain,en,,,Twinning Bottom-Up,0.0,Twinning Bottom-Up,False,[],[],Twinning Bottom-Up. Available at: https://ec.europa.eu/info/funding-tenders/opportunities/data/topicDetails/HORIZON-WIDERA-2023-ACCESS-02-01.json,['HORIZON-WIDERA-2023-ACCESS-02-01'],['text/plain'],,['2023-04-25T00:00:00.000+0000'],['2023-09-28T17:00:00.000+0000'],,['en'],['Twinning Bottom-Up'],['1'],['https://ec.europa.eu/info/funding-tenders/opportunities/data/topicDetails/HORIZON-WIDERA-2023-ACCESS-02-01.json'],['https://ec.europa.eu/info/funding-tenders/opportunities/data/topicDetails/HORIZON-WIDERA-2023-ACCESS-02-01.json'],['45746556'],['SEDIA_PRD_CENTRICITY'],,,['43108390'],['2023-04-25T00:00:00.000+0000'],['single-stage'],['31094502'],['HORIZON Coordination and Support Actions'],2026-09-20 09:08:50.362431+00:00
2.155,45875393HORIZONRecognitionPrize1681948800000,https://ec.europa.eu/info/funding-tenders/opportunities/data/topicDetails/HORIZON-EIC-2023-EUIPA-PRIZES-03-01.json,text/plain,en,,,EUIPA cat 1,0.0,EUIPA cat 1,False,[],[],EUIPA cat 1. Available at: https://ec.europa.eu/info/funding-tenders/opportunities/data/topicDetails/HORIZON-EIC-2023-EUIPA-PRIZES-03-01.json,['HORIZON-EIC-2023-EUIPA-PRIZES-03-01'],['text/plain'],,['2023-04-20T00:00:00.000+0000'],['2023-08-17T17:00:00.000+0000'],,['en'],['EUIPA cat 1'],['1'],['https://ec.europa.eu/info/funding-tenders/opportunities/data/topicDetails/HORIZON-EIC-2023-EUIPA-PRIZES-03-01.json'],['https://ec.europa.eu/info/funding-tenders/opportunities/data/topicDetails/HORIZON-EIC-2023-EUIPA-PRIZES-03-01.json'],['45875407'],['SEDIA_PRD_CENTRICITY'],,,['43108390'],['2023-04-20T00:00:00.000+0000'],['single-stage'],['31094502'],['HORIZON Recognition Prize'],2026-09-20 09:08:50.362431+00:00
2.155,45875400HORIZONRecognitionPrize1681948800000,https://ec.europa.eu/info/funding-tenders/opportunities/data/topicDetails/HORIZON-EIC-2023-EUIPA-PRIZES-03-02.json,text/plain,en,,,EUIPA cat 2,0.0,EUIPA cat 2,False,[],[],EUIPA cat 2. Available at: https://ec.europa.eu/info/funding-tenders/opportunities/data/topicDetails/HORIZON-EIC-2023-EUIPA-PRIZES-03-02.json,['HORIZON-EIC-2023-EUIPA-PRIZES-03-02'],['text/plain'],,['2023-04-20T00:00:00.000+0000'],['2023-08-17T17:00:00.000+0000'],,['en'],['EUIPA cat 2'],['1'],['https://ec.europa.eu/info/funding-tenders/opportunities/data/topicDetails/HORIZON-EIC-2023-EUIPA-PRIZES-03-02.json'],['https://ec.europa.eu/info/funding-tenders/opportunities/data/topicDetails/HORIZON-EIC-2023-EUIPA-PRIZES-03-02.json'],['45875407'],['SEDIA_PRD_CENTRICITY'],,,['43108390'],['2023-04-20T00:00:00.000+0000'],['single-stage'],['31094502'],['HORIZON Recognition Prize'],2026-09-20 09:08:50.362431+00:00
2.155,45964503LIFEProjectGrants1681776000000,https://ec.europa.eu/info/funding-tenders/opportunities/data/topicDetails/LIFE-2023-STRAT-ENV-SIP-two-stage.json,text/plain,en,,,Strategic Integrated Projects - Environment,0.0,Strategic Integrated Projects - Environment,False,[],[],Strategic Integrated Projects - Environment. Available at: https://ec.europa.eu/info/funding-tenders/opportunities/data/topicDetails/LIFE-2023-STRAT-ENV-SIP-two-stage.json,['LIFE-2023-STRAT-ENV-SIP-two-stage'],['text/plain'],,['2023-04-18T00:00:00.000+0000'],"['2023-09-05T17:00:00.000+0000', '2024-03-05T17:00:00.000+0000']",,['en'],['Strategic Integrated Projects - Environment'],['1'],['https://ec.europa.eu/info/funding-tenders/opportunities/data/topicDetails/LIFE-2023-STRAT-ENV-SIP-two-stage.json'],['https://ec.europa.eu/info/funding-tenders/opportunities/data/topicDetails/LIFE-2023-STRAT-ENV-SIP-two-stage.json'],['45964531'],['SEDIA_PRD_CENTRICITY'],,,['43252405'],['2023-04-18T00:00:00.000+0000'],['two-stage'],['31094502'],['LIFE Project Grants'],2026-09-20 09:08:50.362431+00:00
2.155,45660392RENEWFMLumpSumGrants1681776000000,https://ec.europa.eu/info/funding-tenders/opportunities/data/topicDetails/RENEWFM-2022-TECH-SPEC.json,text/plain,en,,,Renewable Energy Financing Mechanism Technology specific - Solar PV,0.0,Renewable Energy Financing Mechanism Technology specific - Solar PV,False,[],[],Renewable Energy Financing Mechanism Technology specific - Solar PV. Available at: https://ec.europa.eu/info/funding-tenders/opportunities/data/topicDetails/RENEWFM-2022-TECH-SPEC.json,['RENEWFM-2022-TECH-SPEC'],['text/plain'],,['2023-04-18T00:00:00.000+0000'],['2023-09-27T17:00:00.000+0000'],,['en'],['Renewable Energy Financing Mechanism Technology specific - Solar PV'],['1'],['https://ec.europa.eu/info/funding-tenders/opportunities/data/topicDetails/RENEWFM-2022-TECH-SPEC.json'],['https://ec.europa.eu/info/funding-tenders/opportunities/data/topicDetails/RENEWFM-2022-TECH-SPEC.json'],['45663128'],['SEDIA_PRD_CENTRICITY'],,,['43253967'],['2023-04-18T00:00:00.000+0000'],['single-stage'],['31094502'],['RENEWFM Lump Sum Grants'],2026-09-20 09:08:50.362431+00:00
2.155,45914386LIFEProjectGrants1681776000000,https://ec.europa.eu/info/funding-tenders/opportunities/data/topicDetails/LIFE-2023-TA-R-NAT-ENV.json,text/plain,en,,,Technical Assistance - Replication - Nature &amp; Biodiversity and Circular Economy &amp; Quality of Life,0.0,Technical Assistance - Replication - Nature &amp; Biodiversity and Circular Economy &amp; Quality of Life,False,[],[],Technical Assistance - Replication - Nature & Biodiversity and Circular Economy & Quality of Life. Available at: https://ec.europa.eu/info/funding-tenders/opportunities/data/topicDetails/LIFE-2023-TA-R-NAT-ENV.json,['LIFE-2023-TA-R-NAT-ENV'],['text/plain'],,['2023-04-18T00:00:00.000+0000'],['2023-07-27T17:00:00.000+0000'],,['en'],['Technical Assistance - Replication - Nature & Biodiversity and Circular Economy & Quality of Life'],['1'],['https://ec.europa.eu/info/funding-tenders/opportunities/data/topicDetails/LIFE-2023-TA-R-NAT-ENV.json'],['https://ec.europa.eu/info/funding-tenders/opportunities/data/topicDetails/LIFE-2023-TA-R-NAT-ENV.json'],['45914395'],['SEDIA_PRD_CENTRICITY'],,,['43252405'],['2023-04-18T00:00:00.000+0000'],['single-stage'],['31094502'],['LIFE Project Grants'],2026-09-20 09:08:50.362431+00:00
2.155,45970225CEFProjectGrants1681776000000,https://ec.europa.eu/info/funding-tenders/opportunities/data/topicDetails/CEF-E-2023-PCI-STUDIES.json,text/plain,en,,,"Electricity, Gas, Smart Grids and CO₂ networks - Studies",0.0,"Electricity, Gas, Smart Grids and CO₂ networks - Studies",False,[],[],"Electricity, Gas, Smart Grids and CO₂ networks - Studies. Available at: https://ec.europa.eu/info/funding-tenders/opportunities/data/topicDetails/CEF-E-2023-PCI-STUDIES.json",['CEF-E-2023-PCI-STUDIES'],['text/plain'],,['2023-04-18T00:00:00.000+0000'],['2023-09-05T17:00:00.000+0000'],,['en'],"['Electricity, Gas, Smart Grids and CO₂ networks - Studies']",['1'],['https://ec.europa.eu/info/funding-tenders/opportunities/data/topicDetails/CEF-E-2023-PCI-STUDIES.json'],['https://ec.europa.eu/info/funding-tenders/opportunities/data/topicDetails/CEF-E-2023-PCI-STUDIES.json'],['45970243'],['SEDIA_PRD_CENTRICITY'],,,['43251567'],['2023-04-18T00:00:00.000+0000'],['single-stage'],['31094502'],['CEF Project Grants'],2026-09-20 09:08:50.362431+00:00
2.155,45940170LIFEProjectGrants1681776000000,https://ec.europa.eu/info/funding-tenders/opportunities/data/topicDetails/LIFE-2023-SAP-ENV-GOV.json,text/plain,en,,,Environment governance,0.0,Environment governance,False,[],[],Environment governance. Available at: https://ec.europa.eu/info/funding-tenders/opportunities/data/topicDetails/LIFE-2023-SAP-ENV-GOV.json,['LIFE-2023-SAP-ENV-GOV'],['text/plain'],,['2023-04-18T00:00:00.000+0000'],['2023-09-06T17:00:00.000+0000'],,['en'],['Environment governance'],['1'],['https://ec.europa.eu/info/funding-tenders/opportunities/data/topicDetails/LIFE-2023-SAP-ENV-GOV.json'],['https://ec.europa.eu/info/funding-tenders/opportunities/data/topicDetails/LIFE-2023-SAP-ENV-GOV.json'],['45940178'],['SEDIA_PRD_CENTRICITY'],,,['43252405'],['2023-04-18T00:00:00.000+0000'],['single-stage'],['31094502'],['LIFE Project Grants'],2026-09-20 09:08:50.362431+00:00
2.155,45970234CEFInfrastructureProjects1681776000000,https://ec.europa.eu/info/funding-tenders/opportunities/data/topicDetails/CEF-E-2023-PCI-WORKS.json,text/plain,en,,,"Electricity, Gas, Smart Grids and CO₂ networks - Works",0.0,"Electricity, Gas, Smart Grids and CO₂ networks - Works",False,[],[],"Electricity, Gas, Smart Grids and CO₂ networks - Works. Available at: https://ec.europa.eu/info/funding-tenders/opportunities/data/topicDetails/CEF-E-2023-PCI-WORKS.json",['CEF-E-2023-PCI-WORKS'],['text/plain'],,['2023-04-18T00:00:00.000+0000'],['2023-09-05T17:00:00.000+0000'],,['en'],"['Electricity, Gas, Smart Grids and CO₂ networks - Works']",['1'],['https://ec.europa.eu/info/funding-tenders/opportunities/data/topicDetails/CEF-E-2023-PCI-WORKS.json'],['https://ec.europa.eu/info/funding-tenders/opportunities/data/topicDetails/CEF-E-2023-PCI-WORKS.json'],['45970243'],['SEDIA_PRD_CENTRICITY'],,,['43251567'],['2023-04-18T00:00:00.000+0000'],['single-stage'],['31094502'],['CEF Infrastructure Projects'],2026-09-20 09:08:50.362431+00:00
2.155,45940162LIFEProjectGrants1681776000000,https://ec.europa.eu/info/funding-tenders/opportunities/data/topicDetails/LIFE-2023-SAP-ENV-ENVIRONMENT.json,text/plain,en,,,"Circular Economy, resources from Waste, Air, Water, Soil, Noise, Chemicals, Bauhaus",0.0,"Circular Economy, resources from Waste, Air, Water, Soil, Noise, Chemicals, Bauhaus",False,[],[],"Circular Economy, resources from Waste, Air, Water, Soil, Noise, Chemicals, Bauhaus. Available at: https://ec.europa.eu/info/funding-tenders/opportunities/data/topicDetails/LIFE-2023-SAP-ENV-ENVIRONMENT.json",['LIFE-2023-SAP-ENV-ENVIRONMENT'],['text/plain'],,['2023-04-18T00:00:00.000+0000'],['2023-09-06T17:00:00.000+0000'],,['en'],"['Circular Economy, resources from Waste, Air, Water, Soil, Noise, Chemicals, Bauhaus']",['1'],['https://ec.europa.eu/info/funding-tenders/opportunities/data/topicDetails/LIFE-2023-SAP-ENV-ENVIRONMENT.json'],['https://ec.europa.eu/info/funding-tenders/opportunities/data/topicDetails/LIFE-2023-SAP-ENV-ENVIRONMENT.json'],['45940178'],['SEDIA_PRD_CENTRICITY'],,,['43252405'],['2023-04-18T00:00:00.000+0000'],['single-stage'],['31094502'],['LIFE Project Grants'],2026-09-20 09:08:50.362431+00:00
2.155,45952019LIFEProjectGrants1681776000000,https://ec.europa.eu/info/funding-tenders/opportunities/data/topicDetails/LIFE-2023-PLP-CLIMA.json,text/plain,en,,,"Vehicle-to-grid (V2G) integration – Development of national incentivising framework for the integration of Electric Vehicles as home / building energy storage, in energy communities and in national grids",0.0,"Vehicle-to-grid (V2G) integration – Development of national incentivising framework for the integration of Electric Vehicles as home / building energy storage, in energy communities and in national grids",False,[],[],"Vehicle-to-grid (V2G) integration – Development of national incentivising framework for the integration of Electric Vehicles as home / building energy storage, in energy communities and in national grids. Available at: https://ec.europa.eu/info/funding-tenders/opportunities/data/topicDetails/LIFE-2023-PLP-CLIMA.json",['LIFE-2023-PLP-CLIMA'],['text/plain'],,['2023-04-18T00:00:00.000+0000'],['2023-09-07T17:00:00.000+0000'],,['en'],"['Vehicle-to-grid (V2G) integration – Development of national incentivising framework for the integration of Electric Vehicles as home / building energy storage, in energy communities and in national grids']",['1'],['https://ec.europa.eu/info/funding-tenders/opportunities/data/topicDetails/LIFE-2023-PLP-CLIMA.json'],['https://ec.europa.eu/info/funding-tenders/opportunities/data/topicDetails/LIFE-2023-PLP-CLIMA.json'],['45952036'],['SEDIA_PRD_CENTRICITY'],,,['43252405'],['2023-04-18T00:00:00.000+0000'],['single-stage'],['31094502'],['LIFE Project Grants'],2026-09-20 09:08:50.362431+00:00
2.155,45964515LIFEProjectGrants1681776000000,https://ec.europa.eu/info/funding-tenders/opportunities/data/topicDetails/LIFE-2023-STRAT-CLIMA-SIP-two-stage.json,text/plain,en,,,Strategic Integrated Projects - Climate Action,0.0,Strategic Integrated Projects - Climate Action,False,[],[],Strategic Integrated Projects - Climate Action. Available at: https://ec.europa.eu/info/funding-tenders/opportunities/data/topicDetails/LIFE-2023-STRAT-CLIMA-SIP-two-stage.json,['LIFE-2023-STRAT-CLIMA-SIP-two-stage'],['text/plain'],,['2023-04-18T00:00:00.000+0000'],"['2023-09-05T17:00:00.000+0000', '2024-03-05T17:00:00.000+0000']",,['en'],['Strategic Integrated Projects - Climate Action'],['1'],['https://ec.europa.eu/info/funding-tenders/opportunities/data/topicDetails/LIFE-2023-STRAT-CLIMA-SIP-two-stage.json'],['https://ec.europa.eu/info/funding-tenders/opportunities/data/topicDetails/LIFE-2023-STRAT-CLIMA-SIP-two-stage.json'],['45964531'],['SEDIA_PRD_CENTRICITY'],,,['43252405'],['2023-04-18T00:00:00.000+0000'],['two-stage'],['31094502'],['LIFE Project Grants'],2026-09-20 09:08:50.362431+00:00
2.155,45951183LIFEProjectGrants1681776000000,https://ec.europa.eu/info/funding-tenders/opportunities/data/topicDetails/LIFE-2023-SAP-NAT-GOV.json,text/plain,en,,,Nature Governance,0.0,Nature Governance,False,[],[],Nature Governance. Available at: https://ec.europa.eu/info/funding-tenders/opportunities/data/topicDetails/LIFE-2023-SAP-NAT-GOV.json,['LIFE-2023-SAP-NAT-GOV'],['text/plain'],,['2023-04-18T00:00:00.000+0000'],['2023-09-06T17:00:00.000+0000'],,['en'],['Nature Governance'],['1'],['https://ec.europa.eu/info/funding-tenders/opportunities/data/topicDetails/LIFE-2023-SAP-NAT-GOV.json'],['https://ec.europa.eu/info/funding-tenders/opportunities/data/topicDetails/LIFE-2023-SAP-NAT-GOV.json'],['45951191'],['SEDIA_PRD_CENTRICITY'],,,['43252405'],['2023-04-18T00:00:00.000+0000'],['single-stage'],['31094502'],['LIFE Project Grants'],2026-09-20 09:08:50.362431+00:00
2.155,45951175LIFEProjectGrants1681776000000,https://ec.europa.eu/info/funding-tenders/opportunities/data/topicDetails/LIFE-2023-SAP-NAT-NATURE.json,text/plain,en,,,Nature and Biodiversity,0.0,Nature and Biodiversity,False,[],[],Nature and Biodiversity. Available at: https://ec.europa.eu/info/funding-tenders/opportunities/data/topicDetails/LIFE-2023-SAP-NAT-NATURE.json,['LIFE-2023-SAP-NAT-NATURE'],['text/plain'],,['2023-04-18T00:00:00.000+0000'],['2023-09-06T17:00:00.000+0000'],,['en'],['Nature and Biodiversity'],['1'],['https://ec.europa.eu/info/funding-tenders/opportunities/data/topicDetails/LIFE-2023-SAP-NAT-NATURE.json'],['https://ec.europa.eu/info/funding-tenders/opportunities/data/topicDetails/LIFE-2023-SAP-NAT-NATURE.json'],['45951191'],['SEDIA_PRD_CENTRICITY'],,,['43252405'],['2023-04-18T00:00:00.000+0000'],['single-stage'],['31094502'],['LIFE Project Grants'],2026-09-20 09:08:50.362431+00:00
2.155,45952027LIFEProjectGrants1681776000000,https://ec.europa.eu/info/funding-tenders/opportunities/data/topicDetails/LIFE-2023-PLP-NAT-ENV.json,text/plain,en,,,Nature &amp; Biodiversity and Circular Economy &amp; Quality of Life,0.0,Nature &amp; Biodiversity and Circular Economy &amp; Quality of Life,False,[],[],Nature & Biodiversity and Circular Economy & Quality of Life. Available at: https://ec.europa.eu/info/funding-tenders/opportunities/data/topicDetails/LIFE-2023-PLP-NAT-ENV.json,['LIFE-2023-PLP-NAT-ENV'],['text/plain'],,['2023-04-18T00:00:00.000+0000'],['2023-09-07T17:00:00.000+0000'],,['en'],['Nature & Biodiversity and Circular Economy & Quality of Life'],['1'],['https://ec.europa.eu/info/funding-tenders/opportunities/data/topicDetails/LIFE-2023-PLP-NAT-ENV.json'],['https://ec.europa.eu/info/funding-tenders/opportunities/data/topicDetails/LIFE-2023-PLP-NAT-ENV.json'],['45952036'],['SEDIA_PRD_CENTRICITY'],,,['43252405'],['2023-04-18T00:00:00.000+0000'],['single-stage'],['31094502'],['LIFE Project Grants'],2026-09-20 09:08:50.362431+00:00
2.155,45952011LIFEProjectGrants1681776000000,https://ec.europa.eu/info/funding-tenders/opportunities/data/topicDetails/LIFE-2023-PLP-ENER.json,text/plain,en,,,"Implementation of the Ecodesign, Energy labelling and Tyre labelling policy",0.0,"Implementation of the Ecodesign, Energy labelling and Tyre labelling policy",False,[],[],"Implementation of the Ecodesign, Energy labelling and Tyre labelling policy. Available at: https://ec.europa.eu/info/funding-tenders/opportunities/data/topicDetails/LIFE-2023-PLP-ENER.json",['LIFE-2023-PLP-ENER'],['text/plain'],,['2023-04-18T00:00:00.000+0000'],['2023-09-07T17:00:00.000+0000'],,['en'],"['Implementation of the Ecodesign, Energy labelling and Tyre labelling policy']",['1'],['https://ec.europa.eu/info/funding-tenders/opportunities/data/topicDetails/LIFE-2023-PLP-ENER.json'],['https://ec.europa.eu/info/funding-tenders/opportunities/data/topicDetails/LIFE-2023-PLP-ENER.json'],['45952036'],['SEDIA_PRD_CENTRICITY'],,,['43252405'],['2023-04-18T00:00:00.000+0000'],['single-stage'],['31094502'],['LIFE Project Grants'],2026-09-20 09:08:50.362431+00:00
2.155,45940439LIFEProjectGrants1681776000000,https://ec.europa.eu/info/funding-tenders/opportunities/data/topicDetails/LIFE-2023-SAP-CLIMA-CCA.json,text/plain,en,,,Climate Change Adaptation,0.0,Climate Change Adaptation,False,[],[],Climate Change Adaptation. Available at: https://ec.europa.eu/info/funding-tenders/opportunities/data/topicDetails/LIFE-2023-SAP-CLIMA-CCA.json,['LIFE-2023-SAP-CLIMA-CCA'],['text/plain'],,['2023-04-18T00:00:00.000+0000'],['2023-09-21T17:00:00.000+0000'],,['en'],['Climate Change Adaptation'],['1'],['https://ec.europa.eu/info/funding-tenders/opportunities/data/topicDetails/LIFE-2023-SAP-CLIMA-CCA.json'],['https://ec.europa.eu/info/funding-tenders/opportunities/data/topicDetails/LIFE-2023-SAP-CLIMA-CCA.json'],['45940463'],['SEDIA_PRD_CENTRICITY'],,,['43252405'],['2023-04-18T00:00:00.000+0000'],['single-stage'],['31094502'],['LIFE Project Grants'],2026-09-20 09:08:50.362431+00:00
2.155,45940455LIFEProjectGrants1681776000000,https://ec.europa.eu/info/funding-tenders/opportunities/data/topicDetails/LIFE-2023-SAP-CLIMA-GOV.json,text/plain,en,,,Climate Governance and Information,0.0,Climate Governance and Information,False,[],[],Climate Governance and Information. Available at: https://ec.europa.eu/info/funding-tenders/opportunities/data/topicDetails/LIFE-2023-SAP-CLIMA-GOV.json,['LIFE-2023-SAP-CLIMA-GOV'],['text/plain'],,['2023-04-18T00:00:00.000+0000'],['2023-09-21T17:00:00.000+0000'],,['en'],['Climate Governance and Information'],['1'],['https://ec.europa.eu/info/funding-tenders/opportunities/data/topicDetails/LIFE-2023-SAP-CLIMA-GOV.json'],['https://ec.europa.eu/info/funding-tenders/opportunities/data/topicDetails/LIFE-2023-SAP-CLIMA-GOV.json'],['45940463'],['SEDIA_PRD_CENTRICITY'],,,['43252405'],['2023-04-18T00:00:00.000+0000'],['single-stage'],['31094502'],['LIFE Project Grants'],2026-09-20 09:08:50.362431+00:00
2.155,45952002LIFEProjectGrants1681776000000,https://ec.europa.eu/info/funding-tenders/opportunities/data/topicDetails/LIFE-2023-PLP-Bauhaus-Phoenix-Emerald.json,text/plain,en,,,"Projects to support Bauhaus, the Phoenix initiative and the Emerald Network",0.0,"Projects to support Bauhaus, the Phoenix initiative and the Emerald Network",False,[],[],"Projects to support Bauhaus, the Phoenix initiative and the Emerald Network. Available at: https://ec.europa.eu/info/funding-tenders/opportunities/data/topicDetails/LIFE-2023-PLP-Bauhaus-Phoenix-Emerald.json",['LIFE-2023-PLP-Bauhaus-Phoenix-Emerald'],['text/plain'],,['2023-04-18T00:00:00.000+0000'],['2023-09-07T17:00:00.000+0000'],,['en'],"['Projects to support Bauhaus, the Phoenix initiative and the Emerald Network']",['1'],['https://ec.europa.eu/info/funding-tenders/opportunities/data/topicDetails/LIFE-2023-PLP-Bauhaus-Phoenix-Emerald.json'],['https://ec.europa.eu/info/funding-tenders/opportunities/data/topicDetails/LIFE-2023-PLP-Bauhaus-Phoenix-Emerald.json'],['45952036'],['SEDIA_PRD_CENTRICITY'],,,['43252405'],['2023-04-18T00:00:00.000+0000'],['single-stage'],['31094502'],['LIFE Project Grants'],2026-09-20 09:08:50.362431+00:00
2.155,45940447LIFEProjectGrants1681776000000,https://ec.europa.eu/info/funding-tenders/opportunities/data/topicDetails/LIFE-2023-SAP-CLIMA-CCM.json,text/plain,en,,,Climate Change Mitigation,0.0,Climate Change Mitigation,False,[],[],Climate Change Mitigation. Available at: https://ec.europa.eu/info/funding-tenders/opportunities/data/topicDetails/LIFE-2023-SAP-CLIMA-CCM.json,['LIFE-2023-SAP-CLIMA-CCM'],['text/plain'],,['2023-04-18T00:00:00.000+0000'],['2023-09-21T17:00:00.000+0000'],,['en'],['Climate Change Mitigation'],['1'],['https://ec.europa.eu/info/funding-tenders/opportunities/data/topicDetails/LIFE-2023-SAP-CLIMA-CCM.json'],['https://ec.europa.eu/info/funding-tenders/opportunities/data/topicDetails/LIFE-2023-SAP-CLIMA-CCM.json'],['45940463'],['SEDIA_PRD_CENTRICITY'],,,['43252405'],['2023-04-18T00:00:00.000+0000'],['single-stage'],['31094502'],['LIFE Project Grants'],2026-09-20 09:08:50.362431+00:00
2.155,45746507HORIZONTMAMSCAPostdoctoralFellowships-EuropeanFellowships1681257600000,https://ec.europa.eu/info/funding-tenders/opportunities/data/topicDetails/HORIZON-MSCA-2023-PF-01-01.json,text/plain,en,,,MSCA Postdoctoral Fellowships 2023,0.0,MSCA Postdoctoral Fellowships 2023,False,[],[],MSCA Postdoctoral Fellowships 2023. Available at: https://ec.europa.eu/info/funding-tenders/opportunities/data/topicDetails/HORIZON-MSCA-2023-PF-01-01.json,['HORIZON-MSCA-2023-PF-01-01'],['text/plain'],,['2023-04-12T00:00:00.000+0000'],['2023-09-13T17:00:00.000+0000'],,['en'],['MSCA Postdoctoral Fellowships 2023'],['1'],['https://ec.europa.eu/info/funding-tenders/opportunities/data/topicDetails/HORIZON-MSCA-2023-PF-01-01.json'],['https://ec.europa.eu/info/funding-tenders/opportunities/data/topicDetails/HORIZON-MSCA-2023-PF-01-01.json'],['45746514'],['SEDIA_PRD_CENTRICITY'],,,['43108390'],['2023-04-12T00:00:00.000+0000'],['single-stage'],['31094502'],"['HORIZON TMA MSCA Postdoctoral Fellowships - European Fellowships', 'HORIZON TMA MSCA Postdoctoral Fellowships - Global Fellowships']",2026-09-20 09:08:50.362431+00:00
2.155,45640367HORIZONTMAMSCAPostdoctoralFellowships-EuropeanFellowships1681257600000,https://ec.europa.eu/info/funding-tenders/opportunities/data/topicDetails/HORIZON-WIDERA-2023-TALENTS-02-01.json,text/plain,en,,,ERA Fellowships,0.0,ERA Fellowships,False,[],[],ERA Fellowships. Available at: https://ec.europa.eu/info/funding-tenders/opportunities/data/topicDetails/HORIZON-WIDERA-2023-TALENTS-02-01.json,['HORIZON-WIDERA-2023-TALENTS-02-01'],['text/plain'],,['2023-04-12T00:00:00.000+0000'],['2023-09-13T17:00:00.000+0000'],,['en'],['ERA Fellowships'],['1'],['https://ec.europa.eu/info/funding-tenders/opportunities/data/topicDetails/HORIZON-WIDERA-2023-TALENTS-02-01.json'],['https://ec.europa.eu/info/funding-tenders/opportunities/data/topicDetails/HORIZON-WIDERA-2023-TALENTS-02-01.json'],['45746540'],['SEDIA_PRD_CENTRICITY'],,,['43108390'],['2023-04-12T00:00:00.000+0000'],['single-stage'],['31094502'],['HORIZON TMA MSCA Postdoctoral Fellowships - European Fellowships'],2026-09-20 09:08:50.362431+00:00
2.155,45877948CERVLumpSumGrants1680566400000,https://ec.europa.eu/info/funding-tenders/opportunities/data/topicDetails/CERV-2023-CITIZENS-CIV.json,text/plain,en,,,Citizens’ engagement and participation,0.0,Citizens’ engagement and participation,False,[],[],Citizens’ engagement and participation. Available at: https://ec.europa.eu/info/funding-tenders/opportunities/data/topicDetails/CERV-2023-CITIZENS-CIV.json,['CERV-2023-CITIZENS-CIV'],['text/plain'],,['2023-04-04T00:00:00.000+0000'],['2023-09-05T17:00:00.000+0000'],,['en'],['Citizens’ engagement and participation'],['1'],['https://ec.europa.eu/info/funding-tenders/opportunities/data/topicDetails/CERV-2023-CITIZENS-CIV.json'],['https://ec.europa.eu/info/funding-tenders/opportunities/data/topicDetails/CERV-2023-CITIZENS-CIV.json'],['45878244'],['SEDIA_PRD_CENTRICITY'],,,['43251589'],['2023-04-04T00:00:00.000+0000'],['single-stage'],['31094502'],['CERV Lump Sum Grants'],2026-09-20 09:08:50.362431+00:00
2.155,45942029EURATOMInnovationActions1680566400000,https://ec.europa.eu/info/funding-tenders/opportunities/data/topicDetails/HORIZON-EURATOM-2023-NRT-01-10.json,text/plain,en,,,"Harnessing innovation in nuclear science, technology and radiation protection",0.0,"Harnessing innovation in nuclear science, technology and radiation protection",False,[],[],"Harnessing innovation in nuclear science, technology and radiation protection. Available at: https://ec.europa.eu/info/funding-tenders/opportunities/data/topicDetails/HORIZON-EURATOM-2023-NRT-01-10.json",['HORIZON-EURATOM-2023-NRT-01-10'],['text/plain'],,['2023-04-04T00:00:00.000+0000'],['2023-11-08T17:00:00.000+0000'],,['en'],"['Harnessing innovation in nuclear science, technology and radiation protection']",['1'],['https://ec.europa.eu/info/funding-tenders/opportunities/data/topicDetails/HORIZON-EURATOM-2023-NRT-01-10.json'],['https://ec.europa.eu/info/funding-tenders/opportunities/data/topicDetails/HORIZON-EURATOM-2023-NRT-01-10.json'],['45942109'],['SEDIA_PRD_CENTRICITY'],,,['43298916'],['2023-04-04T00:00:00.000+0000'],['single-stage'],['31094502'],['EURATOM Innovation Actions'],2026-09-20 09:08:50.362431+00:00
2.155,45743489HORIZONCoordinationandSupportActions1680566400000,https://ec.europa.eu/info/funding-tenders/opportunities/data/topicDetails/HORIZON-MISS-2023-CIT-02-01.json,text/plain,en,,,Associating Ukrainian cities to the Climate-neutral and smart cities Mission,0.0,Associating Ukrainian cities to the Climate-neutral and smart cities Mission,False,[],[],Associating Ukrainian cities to the Climate-neutral and smart cities Mission. Available at: https://ec.europa.eu/info/funding-tenders/opportunities/data/topicDetails/HORIZON-MISS-2023-CIT-02-01.json,['HORIZON-MISS-2023-CIT-02-01'],['text/plain'],,['2023-04-04T00:00:00.000+0000'],['2023-09-06T17:00:00.000+0000'],,['en'],['Associating Ukrainian cities to the Climate-neutral and smart cities Mission'],['1'],['https://ec.europa.eu/info/funding-tenders/opportunities/data/topicDetails/HORIZON-MISS-2023-CIT-02-01.json'],['https://ec.europa.eu/info/funding-tenders/opportunities/data/topicDetails/HORIZON-MISS-2023-CIT-02-01.json'],['45743519'],['SEDIA_PRD_CENTRICITY'],,,['43108390'],['2023-04-04T00:00:00.000+0000'],['single-stage'],['31094502'],['HORIZON Coordination and Support Actions'],2026-09-20 09:08:50.362431+00:00
2.155,45886647NDICIMOBAFUnitGrants1680566400000,https://ec.europa.eu/info/funding-tenders/opportunities/data/topicDetails/NDICI-2023-MOBAF.json,text/plain,en,,,Intra-Africa Academic Mobility Scheme,0.0,Intra-Africa Academic Mobility Scheme,False,[],[],Intra-Africa Academic Mobility Scheme. Available at: https://ec.europa.eu/info/funding-tenders/opportunities/data/topicDetails/NDICI-2023-MOBAF.json,['NDICI-2023-MOBAF'],['text/plain'],,['2023-04-04T00:00:00.000+0000'],['2023-06-15T17:00:00.000+0000'],,['en'],['Intra-Africa Academic Mobility Scheme'],['1'],['https://ec.europa.eu/info/funding-tenders/opportunities/data/topicDetails/NDICI-2023-MOBAF.json'],['https://ec.europa.eu/info/funding-tenders/opportunities/data/topicDetails/NDICI-2023-MOBAF.json'],['45923791'],['SEDIA_PRD_CENTRICITY'],,,['45876777'],['2023-04-04T00:00:00.000+0000'],['single-stage'],['31094502'],['NDICI MOBAF Unit Grants'],2026-09-20 09:08:50.362431+00:00
2.155,45942056EURATOMInnovationActions1680566400000,https://ec.europa.eu/info/funding-tenders/opportunities/data/topicDetails/HORIZON-EURATOM-2023-NRT-01-02.json,text/plain,en,,,Safety of light water small modular reactors (LW-SMRs),0.0,Safety of light water small modular reactors (LW-SMRs),False,[],[],Safety of light water small modular reactors (LW-SMRs). Available at: https://ec.europa.eu/info/funding-tenders/opportunities/data/topicDetails/HORIZON-EURATOM-2023-NRT-01-02.json,['HORIZON-EURATOM-2023-NRT-01-02'],['text/plain'],,['2023-04-04T00:00:00.000+0000'],['2023-11-08T17:00:00.000+0000'],,['en'],['Safety of light water small modular reactors (LW-SMRs)'],['1'],['https://ec.europa.eu/info/funding-tenders/opportunities/data/topicDetails/HORIZON-EURATOM-2023-NRT-01-02.json'],['https://ec.europa.eu/info/funding-tenders/opportunities/data/topicDetails/HORIZON-EURATOM-2023-NRT-01-02.json'],['45942109'],['SEDIA_PRD_CENTRICITY'],,,['43298916'],['2023-04-04T00:00:00.000+0000'],['single-stage'],['31094502'],['EURATOM Innovation Actions'],2026-09-20 09:08:50.362431+00:00
2.155,45942087EURATOMResearchandInnovationActions1680566400000,https://ec.europa.eu/info/funding-tenders/opportunities/data/topicDetails/HORIZON-EURATOM-2023-NRT-01-06.json,text/plain,en,,,Improved nuclear data for the safety of energy and non-energy applications of ionising radiation,0.0,Improved nuclear data for the safety of energy and non-energy applications of ionising radiation,False,[],[],Improved nuclear data for the safety of energy and non-energy applications of ionising radiation. Available at: https://ec.europa.eu/info/funding-tenders/opportunities/data/topicDetails/HORIZON-EURATOM-2023-NRT-01-06.json,['HORIZON-EURATOM-2023-NRT-01-06'],['text/plain'],,['2023-04-04T00:00:00.000+0000'],['2023-11-08T17:00:00.000+0000'],,['en'],['Improved nuclear data for the safety of energy and non-energy applications of ionising radiation'],['1'],['https://ec.europa.eu/info/funding-tenders/opportunities/data/topicDetails/HORIZON-EURATOM-2023-NRT-01-06.json'],['https://ec.europa.eu/info/funding-tenders/opportunities/data/topicDetails/HORIZON-EURATOM-2023-NRT-01-06.json'],['45942109'],['SEDIA_PRD_CENTRICITY'],,,['43298916'],['2023-04-04T00:00:00.000+0000'],['single-stage'],['31094502'],['EURATOM Research and Innovation Actions'],2026-09-20 09:08:50.362431+00:00
2.155,45942022EURATOMResearchandInnovationActions1680566400000,https://ec.europa.eu/info/funding-tenders/opportunities/data/topicDetails/HORIZON-EURATOM-2023-NRT-01-09.json,text/plain,en,,,"Nuclear and radiation techniques for EU strategic autonomy, circular economy and climate change policies",0.0,"Nuclear and radiation techniques for EU strategic autonomy, circular economy and climate change policies",False,[],[],"Nuclear and radiation techniques for EU strategic autonomy, circular economy and climate change policies. Available at: https://ec.europa.eu/info/funding-tenders/opportunities/data/topicDetails/HORIZON-EURATOM-2023-NRT-01-09.json",['HORIZON-EURATOM-2023-NRT-01-09'],['text/plain'],,['2023-04-04T00:00:00.000+0000'],['2023-11-08T17:00:00.000+0000'],,['en'],"['Nuclear and radiation techniques for EU strategic autonomy, circular economy and climate change policies']",['1'],['https://ec.europa.eu/info/funding-tenders/opportunities/data/topicDetails/HORIZON-EURATOM-2023-NRT-01-09.json'],['https://ec.europa.eu/info/funding-tenders/opportunities/data/topicDetails/HORIZON-EURATOM-2023-NRT-01-09.json'],['45942109'],['SEDIA_PRD_CENTRICITY'],,,['43298916'],['2023-04-04T00:00:00.000+0000'],['single-stage'],['31094502'],['EURATOM Research and Innovation Actions'],2026-09-20 09:08:50.362431+00:00
2.155,45942070EURATOMCofundActions1680566400000,https://ec.europa.eu/info/funding-tenders/opportunities/data/topicDetails/HORIZON-EURATOM-2023-NRT-01-04.json,text/plain,en,,,Co-funded European partnership for research in nuclear materials,0.0,Co-funded European partnership for research in nuclear materials,False,[],[],Co-funded European partnership for research in nuclear materials. Available at: https://ec.europa.eu/info/funding-tenders/opportunities/data/topicDetails/HORIZON-EURATOM-2023-NRT-01-04.json,['HORIZON-EURATOM-2023-NRT-01-04'],['text/plain'],,['2023-04-04T00:00:00.000+0000'],['2023-11-08T17:00:00.000+0000'],,['en'],['Co-funded European partnership for research in nuclear materials'],['1'],['https://ec.europa.eu/info/funding-tenders/opportunities/data/topicDetails/HORIZON-EURATOM-2023-NRT-01-04.json'],['https://ec.europa.eu/info/funding-tenders/opportunities/data/topicDetails/HORIZON-EURATOM-2023-NRT-01-04.json'],['45942109'],['SEDIA_PRD_CENTRICITY'],,,['43298916'],['2023-04-04T00:00:00.000+0000'],['single-stage'],['31094502'],['EURATOM Cofund Actions'],2026-09-20 09:08:50.362431+00:00
2.155,45942036EURATOMCoordinationandSupportActions1680566400000,https://ec.europa.eu/info/funding-tenders/opportunities/data/topicDetails/HORIZON-EURATOM-2023-NRT-01-11.json,text/plain,en,,,Preparatory phase for a European production capability to secure a supply of high-assay low-enriched uranium (HALEU) fuel,0.0,Preparatory phase for a European production capability to secure a supply of high-assay low-enriched uranium (HALEU) fuel,False,[],[],Preparatory phase for a European production capability to secure a supply of high-assay low-enriched uranium (HALEU) fuel. Available at: https://ec.europa.eu/info/funding-tenders/opportunities/data/topicDetails/HORIZON-EURATOM-2023-NRT-01-11.json,['HORIZON-EURATOM-2023-NRT-01-11'],['text/plain'],,['2023-04-04T00:00:00.000+0000'],['2023-11-08T17:00:00.000+0000'],,['en'],['Preparatory phase for a European production capability to secure a supply of high-assay low-enriched uranium (HALEU) fuel'],['1'],['https://ec.europa.eu/info/funding-tenders/opportunities/data/topicDetails/HORIZON-EURATOM-2023-NRT-01-11.json'],['https://ec.europa.eu/info/funding-tenders/opportunities/data/topicDetails/HORIZON-EURATOM-2023-NRT-01-11.json'],['45942109'],['SEDIA_PRD_CENTRICITY'],,,['43298916'],['2023-04-04T00:00:00.000+0000'],['single-stage'],['31094502'],['EURATOM Coordination and Support Actions'],2026-09-20 09:08:50.362431+00:00
2.155,45942077EURATOMResearchandInnovationActions1680566400000,https://ec.europa.eu/info/funding-tenders/opportunities/data/topicDetails/HORIZON-EURATOM-2023-NRT-01-05.json,text/plain,en,,,Partitioning and transmutation of minor actinides towards industrial applications,0.0,Partitioning and transmutation of minor actinides towards industrial applications,False,[],[],Partitioning and transmutation of minor actinides towards industrial applications. Available at: https://ec.europa.eu/info/funding-tenders/opportunities/data/topicDetails/HORIZON-EURATOM-2023-NRT-01-05.json,['HORIZON-EURATOM-2023-NRT-01-05'],['text/plain'],,['2023-04-04T00:00:00.000+0000'],['2023-11-08T17:00:00.000+0000'],,['en'],['Partitioning and transmutation of minor actinides towards industrial applications'],['1'],['https://ec.europa.eu/info/funding-tenders/opportunities/data/topicDetails/HORIZON-EURATOM-2023-NRT-01-05.json'],['https://ec.europa.eu/info/funding-tenders/opportunities/data/topicDetails/HORIZON-EURATOM-2023-NRT-01-05.json'],['45942109'],['SEDIA_PRD_CENTRICITY'],,,['43298916'],['2023-04-04T00:00:00.000+0000'],['single-stage'],['31094502'],['EURATOM Research and Innovation Actions'],2026-09-20 09:08:50.362431+00:00
2.155,45942102EURATOMInnovationActions1680566400000,https://ec.europa.eu/info/funding-tenders/opportunities/data/topicDetails/HORIZON-EURATOM-2023-NRT-01-08.json,text/plain,en,,,Safety of low enriched fuel for research reactors - securing the supply of medical radioisotopes,0.0,Safety of low enriched fuel for research reactors - securing the supply of medical radioisotopes,False,[],[],Safety of low enriched fuel for research reactors - securing the supply of medical radioisotopes. Available at: https://ec.europa.eu/info/funding-tenders/opportunities/data/topicDetails/HORIZON-EURATOM-2023-NRT-01-08.json,['HORIZON-EURATOM-2023-NRT-01-08'],['text/plain'],,['2023-04-04T00:00:00.000+0000'],['2023-11-08T17:00:00.000+0000'],,['en'],['Safety of low enriched fuel for research reactors - securing the supply of medical radioisotopes'],['1'],['https://ec.europa.eu/info/funding-tenders/opportunities/data/topicDetails/HORIZON-EURATOM-2023-NRT-01-08.json'],['https://ec.europa.eu/info/funding-tenders/opportunities/data/topicDetails/HORIZON-EURATOM-2023-NRT-01-08.json'],['45942109'],['SEDIA_PRD_CENTRICITY'],,,['43298916'],['2023-04-04T00:00:00.000+0000'],['single-stage'],['31094502'],['EURATOM Innovation Actions'],2026-09-20 09:08:50.362431+00:00
2.155,45942095EURATOMInnovationActions1680566400000,https://ec.europa.eu/info/funding-tenders/opportunities/data/topicDetails/HORIZON-EURATOM-2023-NRT-01-07.json,text/plain,en,,,"Innovative technologies for safety and excellence in decommissioning, including robotics and artificial intelligence",0.0,"Innovative technologies for safety and excellence in decommissioning, including robotics and artificial intelligence",False,[],[],"Innovative technologies for safety and excellence in decommissioning, including robotics and artificial intelligence. Available at: https://ec.europa.eu/info/funding-tenders/opportunities/data/topicDetails/HORIZON-EURATOM-2023-NRT-01-07.json",['HORIZON-EURATOM-2023-NRT-01-07'],['text/plain'],,['2023-04-04T00:00:00.000+0000'],['2023-11-08T17:00:00.000+0000'],,['en'],"['Innovative technologies for safety and excellence in decommissioning, including robotics and artificial intelligence']",['1'],['https://ec.europa.eu/info/funding-tenders/opportunities/data/topicDetails/HORIZON-EURATOM-2023-NRT-01-07.json'],['https://ec.europa.eu/info/funding-tenders/opportunities/data/topicDetails/HORIZON-EURATOM-2023-NRT-01-07.json'],['45942109'],['SEDIA_PRD_CENTRICITY'],,,['43298916'],['2023-04-04T00:00:00.000+0000'],['single-stage'],['31094502'],['EURATOM Innovation Actions'],2026-09-20 09:08:50.362431+00:00
2.155,45942049EURATOMResearchandInnovationActions1680566400000,https://ec.europa.eu/info/funding-tenders/opportunities/data/topicDetails/HORIZON-EURATOM-2023-NRT-01-01.json,text/plain,en,,,Safety of operating nuclear power plants and research reactors,0.0,Safety of operating nuclear power plants and research reactors,False,[],[],Safety of operating nuclear power plants and research reactors. Available at: https://ec.europa.eu/info/funding-tenders/opportunities/data/topicDetails/HORIZON-EURATOM-2023-NRT-01-01.json,['HORIZON-EURATOM-2023-NRT-01-01'],['text/plain'],,['2023-04-04T00:00:00.000+0000'],['2023-11-08T17:00:00.000+0000'],,['en'],['Safety of operating nuclear power plants and research reactors'],['1'],['https://ec.europa.eu/info/funding-tenders/opportunities/data/topicDetails/HORIZON-EURATOM-2023-NRT-01-01.json'],['https://ec.europa.eu/info/funding-tenders/opportunities/data/topicDetails/HORIZON-EURATOM-2023-NRT-01-01.json'],['45942109'],['SEDIA_PRD_CENTRICITY'],,,['43298916'],['2023-04-04T00:00:00.000+0000'],['single-stage'],['31094502'],['EURATOM Research and Innovation Actions'],2026-09-20 09:08:50.362431+00:00
2.155,45942063EURATOMResearchandInnovationActions1680566400000,https://ec.europa.eu/info/funding-tenders/opportunities/data/topicDetails/HORIZON-EURATOM-2023-NRT-01-03.json,text/plain,en,,,Safety of advanced and innovative nuclear designs,0.0,Safety of advanced and innovative nuclear designs,False,[],[],Safety of advanced and innovative nuclear designs. Available at: https://ec.europa.eu/info/funding-tenders/opportunities/data/topicDetails/HORIZON-EURATOM-2023-NRT-01-03.json,['HORIZON-EURATOM-2023-NRT-01-03'],['text/plain'],,['2023-04-04T00:00:00.000+0000'],['2023-11-08T17:00:00.000+0000'],,['en'],['Safety of advanced and innovative nuclear designs'],['1'],['https://ec.europa.eu/info/funding-tenders/opportunities/data/topicDetails/HORIZON-EURATOM-2023-NRT-01-03.json'],['https://ec.europa.eu/info/funding-tenders/opportunities/data/topicDetails/HORIZON-EURATOM-2023-NRT-01-03.json'],['45942109'],['SEDIA_PRD_CENTRICITY'],,,['43298916'],['2023-04-04T00:00:00.000+0000'],['single-stage'],['31094502'],['EURATOM Research and Innovation Actions'],2026-09-20 09:08:50.362431+00:00
2.155,45902622INNOVFUNDLumpSumGrants1680134400000,https://ec.europa.eu/info/funding-tenders/opportunities/data/topicDetails/InnovFund-2022-SSC.json,text/plain,en,,,Innovation Fund Small Scale Projects,0.0,Innovation Fund Small Scale Projects,False,[],[],Innovation Fund Small Scale Projects. Available at: https://ec.europa.eu/info/funding-tenders/opportunities/data/topicDetails/InnovFund-2022-SSC.json,['InnovFund-2022-SSC'],['text/plain'],,['2023-03-30T00:00:00.000+0000'],['2023-09-19T17:00:00.000+0000'],,['en'],['Innovation Fund Small Scale Projects'],['1'],['https://ec.europa.eu/info/funding-tenders/opportunities/data/topicDetails/InnovFund-2022-SSC.json'],['https://ec.europa.eu/info/funding-tenders/opportunities/data/topicDetails/InnovFund-2022-SSC.json'],['45902644'],['SEDIA_PRD_CENTRICITY'],,,['43089234'],['2023-03-30T00:00:00.000+0000'],['single-stage'],['31094502'],['INNOVFUND Lump Sum Grants'],2026-09-20 09:08:50.362431+00:00
2.155,45627622ISFProjectGrants1680134400000,https://ec.europa.eu/info/funding-tenders/opportunities/data/topicDetails/ISF-2022-TF1-AG-DATA.json,text/plain,en,,,DATA,0.0,DATA,False,[],[],DATA. Available at: https://ec.europa.eu/info/funding-tenders/opportunities/data/topicDetails/ISF-2022-TF1-AG-DATA.json,['ISF-2022-TF1-AG-DATA'],['text/plain'],,['2023-03-30T00:00:00.000+0000'],['2023-07-04T17:00:00.000+0000'],,['en'],['DATA'],['1'],['https://ec.europa.eu/info/funding-tenders/opportunities/data/topicDetails/ISF-2022-TF1-AG-DATA.json'],['https://ec.europa.eu/info/funding-tenders/opportunities/data/topicDetails/ISF-2022-TF1-AG-DATA.json'],['45627633'],['SEDIA_PRD_CENTRICITY'],,,['43252368'],['2023-03-30T00:00:00.000+0000'],['single-stage'],['31094502'],['ISF Project Grants'],2026-09-20 09:08:50.362431+00:00
2.155,45700776HORIZONResearchandInnovationActions1680134400000,https://ec.europa.eu/info/funding-tenders/opportunities/data/topicDetails/HORIZON-HLTH-2024-STAYHLTH-01-02-two-stage.json,text/plain,en,,,Towards a holistic support to children and adolescents’ health and care provisions in an increasingly digital society,0.0,Towards a holistic support to children and adolescents’ health and care provisions in an increasingly digital society,False,[],[],Towards a holistic support to children and adolescents’ health and care provisions in an increasingly digital society. Available at: https://ec.europa.eu/info/funding-tenders/opportunities/data/topicDetails/HORIZON-HLTH-2024-STAYHLTH-01-02-two-stage.json,['HORIZON-HLTH-2024-STAYHLTH-01-02-two-stage'],['text/plain'],,['2023-03-30T00:00:00.000+0000'],"['2023-09-19T17:00:00.000+0000', '2024-04-11T17:00:00.000+0000']",,['en'],['Towards a holistic support to children and adolescents’ health and care provisions in an increasingly digital society'],['1'],['https://ec.europa.eu/info/funding-tenders/opportunities/data/topicDetails/HORIZON-HLTH-2024-STAYHLTH-01-02-two-stage.json'],['https://ec.europa.eu/info/funding-tenders/opportunities/data/topicDetails/HORIZON-HLTH-2024-STAYHLTH-01-02-two-stage.json'],['45702260'],['SEDIA_PRD_CENTRICITY'],,,['43108390'],['2023-03-30T00:00:00.000+0000'],['two-stage'],['31094502'],['HORIZON  Research and Innovation Actions'],2026-09-20 09:08:50.362431+00:00
2.155,45700847HORIZONResearchandInnovationActions1680134400000,https://ec.europa.eu/info/funding-tenders/opportunities/data/topicDetails/HORIZON-HLTH-2024-STAYHLTH-01-05-two-stage.json,text/plain,en,,,Personalised prevention of non-communicable diseases - addressing areas of unmet needs using multiple data sources,0.0,Personalised prevention of non-communicable diseases - addressing areas of unmet needs using multiple data sources,False,[],[],Personalised prevention of non-communicable diseases - addressing areas of unmet needs using multiple data sources. Available at: https://ec.europa.eu/info/funding-tenders/opportunities/data/topicDetails/HORIZON-HLTH-2024-STAYHLTH-01-05-two-stage.json,['HORIZON-HLTH-2024-STAYHLTH-01-05-two-stage'],['text/plain'],,['2023-03-30T00:00:00.000+0000'],"['2023-09-19T17:00:00.000+0000', '2024-04-11T17:00:00.000+0000']",,['en'],['Personalised prevention of non-communicable diseases - addressing areas of unmet needs using multiple data sources'],['1'],['https://ec.europa.eu/info/funding-tenders/opportunities/data/topicDetails/HORIZON-HLTH-2024-STAYHLTH-01-05-two-stage.json'],['https://ec.europa.eu/info/funding-tenders/opportunities/data/topicDetails/HORIZON-HLTH-2024-STAYHLTH-01-05-two-stage.json'],['45702260'],['SEDIA_PRD_CENTRICITY'],,,['43108390'],['2023-03-30T00:00:00.000+0000'],['two-stage'],['31094502'],['HORIZON  Research and Innovation Actions'],2026-09-20 09:08:50.362431+00:00
2.155,45701475HORIZONResearchandInnovationActions1680134400000,https://ec.europa.eu/info/funding-tenders/opportunities/data/topicDetails/HORIZON-HLTH-2024-CARE-04-04-two-stage.json,text/plain,en,,,Access to health and care services for people in vulnerable situations,0.0,Access to health and care services for people in vulnerable situations,False,[],[],Access to health and care services for people in vulnerable situations. Available at: https://ec.europa.eu/info/funding-tenders/opportunities/data/topicDetails/HORIZON-HLTH-2024-CARE-04-04-two-stage.json,['HORIZON-HLTH-2024-CARE-04-04-two-stage'],['text/plain'],,['2023-03-30T00:00:00.000+0000'],"['2023-09-19T17:00:00.000+0000', '2024-04-11T17:00:00.000+0000']",,['en'],['Access to health and care services for people in vulnerable situations'],['1'],['https://ec.europa.eu/info/funding-tenders/opportunities/data/topicDetails/HORIZON-HLTH-2024-CARE-04-04-two-stage.json'],['https://ec.europa.eu/info/funding-tenders/opportunities/data/topicDetails/HORIZON-HLTH-2024-CARE-04-04-two-stage.json'],['45702384'],['SEDIA_PRD_CENTRICITY'],,,['43108390'],['2023-03-30T00:00:00.000+0000'],['two-stage'],['31094502'],['HORIZON  Research and Innovation Actions'],2026-09-20 09:08:50.362431+00:00
2.155,45701157HORIZONResearchandInnovationActions1680134400000,https://ec.europa.eu/info/funding-tenders/opportunities/data/topicDetails/HORIZON-HLTH-2024-ENVHLTH-02-06-two-stage.json,text/plain,en,,,"The role of environmental pollution in non-communicable diseases: air, noise and light and hazardous waste pollution",0.0,"The role of environmental pollution in non-communicable diseases: air, noise and light and hazardous waste pollution",False,[],[],"The role of environmental pollution in non-communicable diseases: air, noise and light and hazardous waste pollution. Available at: https://ec.europa.eu/info/funding-tenders/opportunities/data/topicDetails/HORIZON-HLTH-2024-ENVHLTH-02-06-two-stage.json",['HORIZON-HLTH-2024-ENVHLTH-02-06-two-stage'],['text/plain'],,['2023-03-30T00:00:00.000+0000'],"['2023-09-19T17:00:00.000+0000', '2024-04-11T17:00:00.000+0000']",,['en'],"['The role of environmental pollution in non-communicable diseases: air, noise and light and hazardous waste pollution']",['1'],['https://ec.europa.eu/info/funding-tenders/opportunities/data/topicDetails/HORIZON-HLTH-2024-ENVHLTH-02-06-two-stage.json'],['https://ec.europa.eu/info/funding-tenders/opportunities/data/topicDetails/HORIZON-HLTH-2024-ENVHLTH-02-06-two-stage.json'],['45702290'],['SEDIA_PRD_CENTRICITY'],,,['43108390'],['2023-03-30T00:00:00.000+0000'],['two-stage'],['31094502'],['HORIZON  Research and Innovation Actions'],2026-09-20 09:08:50.362431+00:00
2.155,45701927HORIZONResearchandInnovationActions1680134400000,https://ec.europa.eu/info/funding-tenders/opportunities/data/topicDetails/HORIZON-HLTH-2024-TOOL-05-06-two-stage.json,text/plain,en,,,Innovative non-animal human-based tools and strategies for biomedical research,0.0,Innovative non-animal human-based tools and strategies for biomedical research,False,[],[],Innovative non-animal human-based tools and strategies for biomedical research. Available at: https://ec.europa.eu/info/funding-tenders/opportunities/data/topicDetails/HORIZON-HLTH-2024-TOOL-05-06-two-stage.json,['HORIZON-HLTH-2024-TOOL-05-06-two-stage'],['text/plain'],,['2023-03-30T00:00:00.000+0000'],"['2023-09-19T17:00:00.000+0000', '2024-04-11T17:00:00.000+0000']",,['en'],['Innovative non-animal human-based tools and strategies for biomedical research'],['1'],['https://ec.europa.eu/info/funding-tenders/opportunities/data/topicDetails/HORIZON-HLTH-2024-TOOL-05-06-two-stage.json'],['https://ec.europa.eu/info/funding-tenders/opportunities/data/topicDetails/HORIZON-HLTH-2024-TOOL-05-06-two-stage.json'],['45702361'],['SEDIA_PRD_CENTRICITY'],,,['43108390'],['2023-03-30T00:00:00.000+0000'],['two-stage'],['31094502'],['HORIZON  Research and Innovation Actions'],2026-09-20 09:08:50.362431+00:00
2.155,45875424HORIZONRecognitionPrize1680134400000,https://ec.europa.eu/info/funding-tenders/opportunities/data/topicDetails/HORIZON-EIC-2023-EUSIC-PRIZES-04.json,text/plain,en,,,The European Social Innovation Competition 2023,0.0,The European Social Innovation Competition 2023,False,[],[],The European Social Innovation Competition 2023. Available at: https://ec.europa.eu/info/funding-tenders/opportunities/data/topicDetails/HORIZON-EIC-2023-EUSIC-PRIZES-04.json,['HORIZON-EIC-2023-EUSIC-PRIZES-04'],['text/plain'],,['2023-03-30T00:00:00.000+0000'],['2023-05-30T17:00:00.000+0000'],,['en'],['The European Social Innovation Competition 2023'],['1'],['https://ec.europa.eu/info/funding-tenders/opportunities/data/topicDetails/HORIZON-EIC-2023-EUSIC-PRIZES-04.json'],['https://ec.europa.eu/info/funding-tenders/opportunities/data/topicDetails/HORIZON-EIC-2023-EUSIC-PRIZES-04.json'],['45875431'],['SEDIA_PRD_CENTRICITY'],,,['43108390'],['2023-03-30T00:00:00.000+0000'],['single-stage'],['31094502'],['HORIZON Recognition Prize'],2026-09-20 09:08:50.362431+00:00
2.155,45892160SMPProjectGrants1680048000000,https://ec.europa.eu/info/funding-tenders/opportunities/data/topicDetails/SMP-CONS-2023-ADR.json,text/plain,en,,,SMP-CONS-2023-ADR,0.0,SMP-CONS-2023-ADR,False,[],[],SMP-CONS-2023-ADR. Available at: https://ec.europa.eu/info/funding-tenders/opportunities/data/topicDetails/SMP-CONS-2023-ADR.json,['SMP-CONS-2023-ADR'],['text/plain'],,['2023-03-29T00:00:00.000+0000'],['2023-07-18T17:00:00.000+0000'],,['en'],['SMP-CONS-2023-ADR'],['1'],['https://ec.europa.eu/info/funding-tenders/opportunities/data/topicDetails/SMP-CONS-2023-ADR.json'],['https://ec.europa.eu/info/funding-tenders/opportunities/data/topicDetails/SMP-CONS-2023-ADR.json'],['45892165'],['SEDIA_PRD_CENTRICITY'],,,['43252476'],['2023-03-29T00:00:00.000+0000'],['single-stage'],['31094502'],['SMP Project Grants'],2026-09-20 09:08:50.362431+00:00
2.155,45898158SMPGrantsforFinancialSupport1680048000000,https://ec.europa.eu/info/funding-tenders/opportunities/data/topicDetails/SMP-COSME-2023-EENEE-01.json,text/plain,en,,,Enterprise Europe Network Energy Efficiency Action,0.0,Enterprise Europe Network Energy Efficiency Action,False,[],[],Enterprise Europe Network Energy Efficiency Action. Available at: https://ec.europa.eu/info/funding-tenders/opportunities/data/topicDetails/SMP-COSME-2023-EENEE-01.json,['SMP-COSME-2023-EENEE-01'],['text/plain'],,['2023-03-29T00:00:00.000+0000'],['2023-05-31T17:00:00.000+0000'],,['en'],['Enterprise Europe Network Energy Efficiency Action'],['1'],['https://ec.europa.eu/info/funding-tenders/opportunities/data/topicDetails/SMP-COSME-2023-EENEE-01.json'],['https://ec.europa.eu/info/funding-tenders/opportunities/data/topicDetails/SMP-COSME-2023-EENEE-01.json'],['45898182'],['SEDIA_PRD_CENTRICITY'],,,['43252476'],['2023-03-29T00:00:00.000+0000'],['single-stage'],['31094502'],['SMP Grants for Financial Support'],2026-09-20 09:08:50.362431+00:00
2.155,45886553SOCPLProjectGrants1680048000000,https://ec.europa.eu/info/funding-tenders/opportunities/data/topicDetails/SOCPL-2023-SOC-DIALOG.json,text/plain,en,,,Support for social dialogue,0.0,Support for social dialogue,False,[],[],Support for social dialogue. Available at: https://ec.europa.eu/info/funding-tenders/opportunities/data/topicDetails/SOCPL-2023-SOC-DIALOG.json,['SOCPL-2023-SOC-DIALOG'],['text/plain'],,['2023-03-29T00:00:00.000+0000'],['2023-06-28T17:00:00.000+0000'],,['en'],['Support for social dialogue'],['1'],['https://ec.europa.eu/info/funding-tenders/opportunities/data/topicDetails/SOCPL-2023-SOC-DIALOG.json'],['https://ec.europa.eu/info/funding-tenders/opportunities/data/topicDetails/SOCPL-2023-SOC-DIALOG.json'],['45886560'],['SEDIA_PRD_CENTRICITY'],,,['43252517'],['2023-03-29T00:00:00.000+0000'],['single-stage'],['31094502'],['SOCPL Project Grants'],2026-09-20 09:08:50.362431+00:00
2.155,45914880EMFAFProjectGrants1679961600000,https://ec.europa.eu/info/funding-tenders/opportunities/data/topicDetails/EMFAF-2023-PIA-FisheriesScientificAdvice.json,text/plain,en,,,Improving scientific knowledge to strengthen the science-basis of management decisions under the Common Fisheries Policy,0.0,Improving scientific knowledge to strengthen the science-basis of management decisions under the Common Fisheries Policy,False,[],[],Improving scientific knowledge to strengthen the science-basis of management decisions under the Common Fisheries Policy. Available at: https://ec.europa.eu/info/funding-tenders/opportunities/data/topicDetails/EMFAF-2023-PIA-FisheriesScientificAdvice.json,['EMFAF-2023-PIA-FisheriesScientificAdvice'],['text/plain'],,['2023-03-28T00:00:00.000+0000'],['2023-09-19T17:00:00.000+0000'],,['en'],['Improving scientific knowledge to strengthen the science-basis of management decisions under the Common Fisheries Policy'],['1'],['https://ec.europa.eu/info/funding-tenders/opportunities/data/topicDetails/EMFAF-2023-PIA-FisheriesScientificAdvice.json'],['https://ec.europa.eu/info/funding-tenders/opportunities/data/topicDetails/EMFAF-2023-PIA-FisheriesScientificAdvice.json'],['45917851'],['SEDIA_PRD_CENTRICITY'],,,['43392145'],['2023-03-28T00:00:00.000+0000'],['single-stage'],['31094502'],['EMFAF Project Grants'],2026-09-20 09:08:50.362431+00:00
2.155,45640465HORIZONCoordinationandSupportActions1679961600000,https://ec.europa.eu/info/funding-tenders/opportunities/data/topicDetails/HORIZON-WIDERA-2023-ACCESS-04-01.json,text/plain,en,,,Pathways to Synergies,0.0,Pathways to Synergies,False,[],[],Pathways to Synergies. Available at: https://ec.europa.eu/info/funding-tenders/opportunities/data/topicDetails/HORIZON-WIDERA-2023-ACCESS-04-01.json,['HORIZON-WIDERA-2023-ACCESS-04-01'],['text/plain'],,['2023-03-28T00:00:00.000+0000'],['2023-09-28T17:00:00.000+0000'],,['en'],['Pathways to Synergies'],['1'],['https://ec.europa.eu/info/funding-tenders/opportunities/data/topicDetails/HORIZON-WIDERA-2023-ACCESS-04-01.json'],['https://ec.europa.eu/info/funding-tenders/opportunities/data/topicDetails/HORIZON-WIDERA-2023-ACCESS-04-01.json'],['45746491'],['SEDIA_PRD_CENTRICITY'],,,['43108390'],['2023-03-28T00:00:00.000+0000'],['single-stage'],['31094502'],['HORIZON Coordination and Support Actions'],2026-09-20 09:08:50.362431+00:00
2.155,177107PROSPECTSEN,https://webgate.ec.europa.eu/prospect/external/publishedcalls.htm?callId=177107,text/plain,en,,,EU programme in support of Primary Health Care in Lebanon,0.0,EU programme in support of Primary Health Care in Lebanon,False,[],[],EU programme in support of Primary Health Care in Lebanon. Available at: https://webgate.ec.europa.eu/prospect/external/publishedcalls.htm?callId=177107,['EuropeAid/177107/DD/ACT/LB'],['text/plain'],,['2023-03-21T11:00:39.000+0000'],['2023-06-23T10:00:58.000+0000'],,['en'],['EU programme in support of Primary Health Care in Lebanon'],['2'],['https://webgate.ec.europa.eu/prospect/external/publishedcalls.htm?callId=177107'],['https://webgate.ec.europa.eu/prospect/external/publishedcalls.htm?callId=177107'],,['SEDIA_PRD_CENTRICITY'],,,['111111'],['2023-03-21T11:00:39.000+0000'],,['31094502'],,2026-09-20 09:08:50.362431+00:00
2.155,45866219HORIZONRecognitionPrize1679356800000,https://ec.europa.eu/info/funding-tenders/opportunities/data/topicDetails/HORIZON-EIC-2023-HUMANITARIAN-PRIZES-05.json,text/plain,en,,,The EU Prize for Humanitarian Innovation,0.0,The EU Prize for Humanitarian Innovation,False,[],[],The EU Prize for Humanitarian Innovation. Available at: https://ec.europa.eu/info/funding-tenders/opportunities/data/topicDetails/HORIZON-EIC-2023-HUMANITARIAN-PRIZES-05.json,['HORIZON-EIC-2023-HUMANITARIAN-PRIZES-05'],['text/plain'],,['2023-03-21T00:00:00.000+0000'],['2023-10-03T17:00:00.000+0000'],,['en'],['The EU Prize for Humanitarian Innovation'],['1'],['https://ec.europa.eu/info/funding-tenders/opportunities/data/topicDetails/HORIZON-EIC-2023-HUMANITARIAN-PRIZES-05.json'],['https://ec.europa.eu/info/funding-tenders/opportunities/data/topicDetails/HORIZON-EIC-2023-HUMANITARIAN-PRIZES-05.json'],['45866264'],['SEDIA_PRD_CENTRICITY'],,,['43108390'],['2023-03-21T00:00:00.000+0000'],['single-stage'],['31094502'],['HORIZON Recognition Prize'],2026-09-20 09:08:50.362431+00:00
2.155,45878608ESFProjectGrants1678924800000,https://ec.europa.eu/info/funding-tenders/opportunities/data/topicDetails/ESF-2023-EPOCH.json,text/plain,en,,,Support to the European Platform on Combatting Homelessness,0.0,Support to the European Platform on Combatting Homelessness,False,[],[],Support to the European Platform on Combatting Homelessness. Available at: https://ec.europa.eu/info/funding-tenders/opportunities/data/topicDetails/ESF-2023-EPOCH.json,['ESF-2023-EPOCH'],['text/plain'],,['2023-03-16T00:00:00.000+0000'],['2023-06-06T17:00:00.000+0000'],,['en'],['Support to the European Platform on Combatting Homelessness'],['1'],['https://ec.europa.eu/info/funding-tenders/opportunities/data/topicDetails/ESF-2023-EPOCH.json'],['https://ec.europa.eu/info/funding-tenders/opportunities/data/topicDetails/ESF-2023-EPOCH.json'],['45878615'],['SEDIA_PRD_CENTRICITY'],,,['43254019'],['2023-03-16T00:00:00.000+0000'],['single-stage'],['31094502'],['ESF Project Grants'],2026-09-20 09:08:50.362431+00:00
2.155,45792903CERVLumpSumGrants1678838400000,https://ec.europa.eu/info/funding-tenders/opportunities/data/topicDetails/CERV-2023-CITIZENS-TOWN-TT.json,text/plain,en,,,Town-Twinning,0.0,Town-Twinning,False,[],[],Town-Twinning. Available at: https://ec.europa.eu/info/funding-tenders/opportunities/data/topicDetails/CERV-2023-CITIZENS-TOWN-TT.json,['CERV-2023-CITIZENS-TOWN-TT'],['text/plain'],,['2023-03-15T00:00:00.000+0000'],['2023-09-20T17:00:00.000+0000'],,['en'],['Town-Twinning'],['1'],['https://ec.europa.eu/info/funding-tenders/opportunities/data/topicDetails/CERV-2023-CITIZENS-TOWN-TT.json'],['https://ec.europa.eu/info/funding-tenders/opportunities/data/topicDetails/CERV-2023-CITIZENS-TOWN-TT.json'],['45792926'],['SEDIA_PRD_CENTRICITY'],,,['43251589'],['2023-03-15T00:00:00.000+0000'],['single-stage'],['31094502'],['CERV Lump Sum Grants'],2026-09-20 09:08:50.362431+00:00
2.155,45878867ESFProjectGrants1678752000000,https://ec.europa.eu/info/funding-tenders/opportunities/data/topicDetails/ESF-2023-ETS.json,text/plain,en,,,Implementation of a European Tracking Service for pensions,0.0,Implementation of a European Tracking Service for pensions,False,[],[],Implementation of a European Tracking Service for pensions. Available at: https://ec.europa.eu/info/funding-tenders/opportunities/data/topicDetails/ESF-2023-ETS.json,['ESF-2023-ETS'],['text/plain'],,['2023-03-14T00:00:00.000+0000'],['2023-06-15T17:00:00.000+0000'],,['en'],['Implementation of a European Tracking Service for pensions'],['1'],['https://ec.europa.eu/info/funding-tenders/opportunities/data/topicDetails/ESF-2023-ETS.json'],['https://ec.europa.eu/info/funding-tenders/opportunities/data/topicDetails/ESF-2023-ETS.json'],['45878874'],['SEDIA_PRD_CENTRICITY'],,,['43254019'],['2023-03-14T00:00:00.000+0000'],['single-stage'],['31094502'],['ESF Project Grants'],2026-09-20 09:08:50.362431+00:00
2.155,45875337SOCPLProjectGrants1678233600000,https://ec.europa.eu/info/funding-tenders/opportunities/data/topicDetails/SOCPL-2023-INFO-WK.json,text/plain,en,,,Information and training measures for workers' organisations,0.0,Information and training measures for workers' organisations,False,[],[],Information and training measures for workers' organisations. Available at: https://ec.europa.eu/info/funding-tenders/opportunities/data/topicDetails/SOCPL-2023-INFO-WK.json,['SOCPL-2023-INFO-WK'],['text/plain'],,['2023-03-08T00:00:00.000+0000'],['2023-05-31T17:00:00.000+0000'],,['en'],"[""Information and training measures for workers' organisations""]",['1'],['https://ec.europa.eu/info/funding-tenders/opportunities/data/topicDetails/SOCPL-2023-INFO-WK.json'],['https://ec.europa.eu/info/funding-tenders/opportunities/data/topicDetails/SOCPL-2023-INFO-WK.json'],['45875345'],['SEDIA_PRD_CENTRICITY'],,,['43252517'],['2023-03-08T00:00:00.000+0000'],['single-stage'],['31094502'],['SOCPL Project Grants'],2026-09-20 09:08:50.362431+00:00
2.155,45908141HORIZONJUResearchandInnovationActions1678233600000,https://ec.europa.eu/info/funding-tenders/opportunities/data/topicDetails/HORIZON-EUROHPC-JU-2023-COE-01-01.json,text/plain,en,,,Call on Centres Of Excellence For Exascale HPC Applications,0.0,Call on Centres Of Excellence For Exascale HPC Applications,False,[],[],Call on Centres Of Excellence For Exascale HPC Applications. Available at: https://ec.europa.eu/info/funding-tenders/opportunities/data/topicDetails/HORIZON-EUROHPC-JU-2023-COE-01-01.json,['HORIZON-EUROHPC-JU-2023-COE-01-01'],['text/plain'],,['2023-03-08T00:00:00.000+0000'],['2023-06-08T17:00:00.000+0000'],,['en'],['Call on Centres Of Excellence For Exascale HPC Applications'],['1'],['https://ec.europa.eu/info/funding-tenders/opportunities/data/topicDetails/HORIZON-EUROHPC-JU-2023-COE-01-01.json'],['https://ec.europa.eu/info/funding-tenders/opportunities/data/topicDetails/HORIZON-EUROHPC-JU-2023-COE-01-01.json'],['45908155'],['SEDIA_PRD_CENTRICITY'],,,['43108390'],['2023-03-08T00:00:00.000+0000'],['single-stage'],['31094502'],['HORIZON JU Research and Innovation Actions'],2026-09-20 09:08:50.362431+00:00
2.155,45846344HORIZONRecognitionPrize1678233600000,https://ec.europa.eu/info/funding-tenders/opportunities/data/topicDetails/HORIZON-EIC-2023-ICAPITAL-PRIZE-02-1.json,text/plain,en,,,The European Capital of Innovation Awards iCapital 2023,0.0,The European Capital of Innovation Awards iCapital 2023,False,[],[],The European Capital of Innovation Awards iCapital 2023. Available at: https://ec.europa.eu/info/funding-tenders/opportunities/data/topicDetails/HORIZON-EIC-2023-ICAPITAL-PRIZE-02-1.json,['HORIZON-EIC-2023-ICAPITAL-PRIZE-02-1'],['text/plain'],,['2023-03-08T00:00:00.000+0000'],['2023-06-29T17:00:00.000+0000'],,['en'],['The European Capital of Innovation Awards iCapital 2023'],['1'],['https://ec.europa.eu/info/funding-tenders/opportunities/data/topicDetails/HORIZON-EIC-2023-ICAPITAL-PRIZE-02-1.json'],['https://ec.europa.eu/info/funding-tenders/opportunities/data/topicDetails/HORIZON-EIC-2023-ICAPITAL-PRIZE-02-1.json'],['45846358'],['SEDIA_PRD_CENTRICITY'],,,['43108390'],['2023-03-08T00:00:00.000+0000'],['single-stage'],['31094502'],['HORIZON Recognition Prize'],2026-09-20 09:08:50.362431+00:00
2.155,45846351HORIZONRecognitionPrize1678233600000,https://ec.europa.eu/info/funding-tenders/opportunities/data/topicDetails/HORIZON-EIC-2023-ICAPITAL-PRIZE-02-2.json,text/plain,en,,,The European Capital of Innovation Awards Rising 2023,0.0,The European Capital of Innovation Awards Rising 2023,False,[],[],The European Capital of Innovation Awards Rising 2023. Available at: https://ec.europa.eu/info/funding-tenders/opportunities/data/topicDetails/HORIZON-EIC-2023-ICAPITAL-PRIZE-02-2.json,['HORIZON-EIC-2023-ICAPITAL-PRIZE-02-2'],['text/plain'],,['2023-03-08T00:00:00.000+0000'],['2023-06-29T17:00:00.000+0000'],,['en'],['The European Capital of Innovation Awards Rising 2023'],['1'],['https://ec.europa.eu/info/funding-tenders/opportunities/data/topicDetails/HORIZON-EIC-2023-ICAPITAL-PRIZE-02-2.json'],['https://ec.europa.eu/info/funding-tenders/opportunities/data/topicDetails/HORIZON-EIC-2023-ICAPITAL-PRIZE-02-2.json'],['45846358'],['SEDIA_PRD_CENTRICITY'],,,['43108390'],['2023-03-08T00:00:00.000+0000'],['single-stage'],['31094502'],['HORIZON Recognition Prize'],2026-09-20 09:08:50.362431+00:00
2.155,45746468HORIZONCoordinationandSupportActions1678147200000,https://ec.europa.eu/info/funding-tenders/opportunities/data/topicDetails/HORIZON-MSCA-2023-FTP-01-01.json,text/plain,en,,,MSCA Feedback To Policy 2023,0.0,MSCA Feedback To Policy 2023,False,[],[],MSCA Feedback To Policy 2023. Available at: https://ec.europa.eu/info/funding-tenders/opportunities/data/topicDetails/HORIZON-MSCA-2023-FTP-01-01.json,['HORIZON-MSCA-2023-FTP-01-01'],['text/plain'],,['2023-03-07T00:00:00.000+0000'],['2023-06-06T17:00:00.000+0000'],,['en'],['MSCA Feedback To Policy 2023'],['1'],['https://ec.europa.eu/info/funding-tenders/opportunities/data/topicDetails/HORIZON-MSCA-2023-FTP-01-01.json'],['https://ec.europa.eu/info/funding-tenders/opportunities/data/topicDetails/HORIZON-MSCA-2023-FTP-01-01.json'],['45746475'],['SEDIA_PRD_CENTRICITY'],,,['43108390'],['2023-03-07T00:00:00.000+0000'],['single-stage'],['31094502'],['HORIZON Coordination and Support Actions'],2026-09-20 09:08:50.362431+00:00
2.155,45801948CERVLumpSumGrants1676505600000,https://ec.europa.eu/info/funding-tenders/opportunities/data/topicDetails/CERV-2023-CITIZENS-REM.json,text/plain,en,,,European Remembrance - 2023,0.0,European Remembrance - 2023,False,[],[],European Remembrance - 2023. Available at: https://ec.europa.eu/info/funding-tenders/opportunities/data/topicDetails/CERV-2023-CITIZENS-REM.json,['CERV-2023-CITIZENS-REM'],['text/plain'],,['2023-02-16T00:00:00.000+0000'],['2023-06-06T17:00:00.000+0000'],,['en'],['European Remembrance - 2023'],['1'],['https://ec.europa.eu/info/funding-tenders/opportunities/data/topicDetails/CERV-2023-CITIZENS-REM.json'],['https://ec.europa.eu/info/funding-tenders/opportunities/data/topicDetails/CERV-2023-CITIZENS-REM.json'],['45801978'],['SEDIA_PRD_CENTRICITY'],,,['43251589'],['2023-02-16T00:00:00.000+0000'],['single-stage'],['31094502'],['CERV Lump Sum Grants'],2026-09-20 09:08:50.362431+00:00
2.155,45830862PERIProjectGrants1676419200000,https://ec.europa.eu/info/funding-tenders/opportunities/data/topicDetails/PERI-2023-ANTI-COUNTERFEIT.json,text/plain,en,,,Protection of the euro against counterfeiting,0.0,Protection of the euro against counterfeiting,False,[],[],Protection of the euro against counterfeiting. Available at: https://ec.europa.eu/info/funding-tenders/opportunities/data/topicDetails/PERI-2023-ANTI-COUNTERFEIT.json,['PERI-2023-ANTI-COUNTERFEIT'],['text/plain'],,['2023-02-15T00:00:00.000+0000'],"['2023-04-20T17:00:00.000+0000', '2023-09-14T17:00:00.000+0000']",,['en'],['Protection of the euro against counterfeiting'],['1'],['https://ec.europa.eu/info/funding-tenders/opportunities/data/topicDetails/PERI-2023-ANTI-COUNTERFEIT.json'],['https://ec.europa.eu/info/funding-tenders/opportunities/data/topicDetails/PERI-2023-ANTI-COUNTERFEIT.json'],['45830881'],['SEDIA_PRD_CENTRICITY'],,,['43252433'],['2023-02-15T00:00:00.000+0000'],['multiple cut-off'],['31094502'],['PERI Project Grants'],2026-09-20 09:08:50.362431+00:00
2.155,45816029HORIZONFrameworkPartnerships1674691200000,https://ec.europa.eu/info/funding-tenders/opportunities/data/topicDetails/HORIZON-EUROHPC-JU-2022-TECH-03-01.json,text/plain,en,,,Framework Partnership Agreement (FPA) for developing a large-scale European initiative for High Performance Computing (HPC) ecosystem based on RISC-V,0.0,Framework Partnership Agreement (FPA) for developing a large-scale European initiative for High Performance Computing (HPC) ecosystem based on RISC-V,False,[],[],Framework Partnership Agreement (FPA) for developing a large-scale European initiative for High Performance Computing (HPC) ecosystem based on RISC-V. Available at: https://ec.europa.eu/info/funding-tenders/opportunities/data/topicDetails/HORIZON-EUROHPC-JU-2022-TECH-03-01.json,['HORIZON-EUROHPC-JU-2022-TECH-03-01'],['text/plain'],,['2023-01-26T00:00:00.000+0000'],['2023-08-31T17:00:00.000+0000'],,['en'],['Framework Partnership Agreement (FPA) for developing a large-scale European initiative for High Performance Computing (HPC) ecosystem based on RISC-V'],['1'],['https://ec.europa.eu/info/funding-tenders/opportunities/data/topicDetails/HORIZON-EUROHPC-JU-2022-TECH-03-01.json'],['https://ec.europa.eu/info/funding-tenders/opportunities/data/topicDetails/HORIZON-EUROHPC-JU-2022-TECH-03-01.json'],['45816041'],['SEDIA_PRD_CENTRICITY'],,,['43108390'],['2023-01-26T00:00:00.000+0000'],['single-stage'],['31094502'],['HORIZON Framework Partnerships'],2026-09-20 09:08:50.362431+00:00
2.155,45741635HORIZONCoordinationandSupportActions1673913600000,https://ec.europa.eu/info/funding-tenders/opportunities/data/topicDetails/HORIZON-MISS-2023-OCEAN-01-11.json,text/plain,en,,,Ocean &amp; water and arts: the contribution of creative sectors to Mission Ocean and waters,0.0,Ocean &amp; water and arts: the contribution of creative sectors to Mission Ocean and waters,False,[],[],Ocean & water and arts: the contribution of creative sectors to Mission Ocean and waters. Available at: https://ec.europa.eu/info/funding-tenders/opportunities/data/topicDetails/HORIZON-MISS-2023-OCEAN-01-11.json,['HORIZON-MISS-2023-OCEAN-01-11'],['text/plain'],,['2023-01-17T00:00:00.000+0000'],['2023-09-20T17:00:00.000+0000'],,['en'],['Ocean & water and arts: the contribution of creative sectors to Mission Ocean and waters'],['1'],['https://ec.europa.eu/info/funding-tenders/opportunities/data/topicDetails/HORIZON-MISS-2023-OCEAN-01-11.json'],['https://ec.europa.eu/info/funding-tenders/opportunities/data/topicDetails/HORIZON-MISS-2023-OCEAN-01-11.json'],['45741786'],['SEDIA_PRD_CENTRICITY'],,,['43108390'],['2023-01-17T00:00:00.000+0000'],['single-stage'],['31094502'],['HORIZON Coordination and Support Actions'],2026-09-20 09:08:50.362431+00:00
2.155,45742554HORIZONInnovationActions1673913600000,https://ec.europa.eu/info/funding-tenders/opportunities/data/topicDetails/HORIZON-MISS-2023-CLIMA-OCEAN-SOIL-01-01.json,text/plain,en,,,"Mission Climate adaptation, Mission Ocean &amp; waters and Mission Soil Deal for Europe – Joint demonstration of an integrated approach to increasing landscape water retention capacity at regional scale",0.0,"Mission Climate adaptation, Mission Ocean &amp; waters and Mission Soil Deal for Europe – Joint demonstration of an integrated approach to increasing landscape water retention capacity at regional scale",False,[],[],"Mission Climate adaptation, Mission Ocean & waters and Mission Soil Deal for Europe – Joint demonstration of an integrated approach to increasing landscape water retention capacity at regional scale. Available at: https://ec.europa.eu/info/funding-tenders/opportunities/data/topicDetails/HORIZON-MISS-2023-CLIMA-OCEAN-SOIL-01-01.json",['HORIZON-MISS-2023-CLIMA-OCEAN-SOIL-01-01'],['text/plain'],,['2023-01-17T00:00:00.000+0000'],['2023-09-20T17:00:00.000+0000'],,['en'],"['Mission Climate adaptation, Mission Ocean & waters and Mission Soil Deal for Europe – Joint demonstration of an integrated approach to increasing landscape water retention capacity at regional scale']",['1'],['https://ec.europa.eu/info/funding-tenders/opportunities/data/topicDetails/HORIZON-MISS-2023-CLIMA-OCEAN-SOIL-01-01.json'],['https://ec.europa.eu/info/funding-tenders/opportunities/data/topicDetails/HORIZON-MISS-2023-CLIMA-OCEAN-SOIL-01-01.json'],['45742632'],['SEDIA_PRD_CENTRICITY'],,,['43108390'],['2023-01-17T00:00:00.000+0000'],['single-stage'],['31094502'],['HORIZON Innovation Actions'],2026-09-20 09:08:50.362431+00:00
2.155,45741299HORIZONInnovationActions1673913600000,https://ec.europa.eu/info/funding-tenders/opportunities/data/topicDetails/HORIZON-MISS-2023-OCEAN-01-02.json,text/plain,en,,,Danube river basin lighthouse – Demonstration of effective and sustainable management of sediments in the Danube river-Black sea system,0.0,Danube river basin lighthouse – Demonstration of effective and sustainable management of sediments in the Danube river-Black sea system,False,[],[],Danube river basin lighthouse – Demonstration of effective and sustainable management of sediments in the Danube river-Black sea system. Available at: https://ec.europa.eu/info/funding-tenders/opportunities/data/topicDetails/HORIZON-MISS-2023-OCEAN-01-02.json,['HORIZON-MISS-2023-OCEAN-01-02'],['text/plain'],,['2023-01-17T00:00:00.000+0000'],['2023-09-20T17:00:00.000+0000'],,['en'],['Danube river basin lighthouse – Demonstration of effective and sustainable management of sediments in the Danube river-Black sea system'],['1'],['https://ec.europa.eu/info/funding-tenders/opportunities/data/topicDetails/HORIZON-MISS-2023-OCEAN-01-02.json'],['https://ec.europa.eu/info/funding-tenders/opportunities/data/topicDetails/HORIZON-MISS-2023-OCEAN-01-02.json'],['45741786'],['SEDIA_PRD_CENTRICITY'],,,['43108390'],['2023-01-17T00:00:00.000+0000'],['single-stage'],['31094502'],['HORIZON Innovation Actions'],2026-09-20 09:08:50.362431+00:00
2.155,45742182HORIZONInnovationActions1673913600000,https://ec.europa.eu/info/funding-tenders/opportunities/data/topicDetails/HORIZON-MISS-2023-SOIL-01-04.json,text/plain,en,,,Innovations to prevent and combat desertification,0.0,Innovations to prevent and combat desertification,False,[],[],Innovations to prevent and combat desertification. Available at: https://ec.europa.eu/info/funding-tenders/opportunities/data/topicDetails/HORIZON-MISS-2023-SOIL-01-04.json,['HORIZON-MISS-2023-SOIL-01-04'],['text/plain'],,['2023-01-17T00:00:00.000+0000'],['2023-09-20T17:00:00.000+0000'],,['en'],['Innovations to prevent and combat desertification'],['1'],['https://ec.europa.eu/info/funding-tenders/opportunities/data/topicDetails/HORIZON-MISS-2023-SOIL-01-04.json'],['https://ec.europa.eu/info/funding-tenders/opportunities/data/topicDetails/HORIZON-MISS-2023-SOIL-01-04.json'],['45742463'],['SEDIA_PRD_CENTRICITY'],,,['43108390'],['2023-01-17T00:00:00.000+0000'],['single-stage'],['31094502'],['HORIZON Innovation Actions'],2026-09-20 09:08:50.362431+00:00
2.155,45741680HORIZONResearchandInnovationActions1673913600000,https://ec.europa.eu/info/funding-tenders/opportunities/data/topicDetails/HORIZON-MISS-2023-OCEAN-01-07.json,text/plain,en,,,Cross-basin topic - Analysis of the obstacles and opportunities for repurposing aged/unused offshore infrastructures,0.0,Cross-basin topic - Analysis of the obstacles and opportunities for repurposing aged/unused offshore infrastructures,False,[],[],Cross-basin topic - Analysis of the obstacles and opportunities for repurposing aged/unused offshore infrastructures. Available at: https://ec.europa.eu/info/funding-tenders/opportunities/data/topicDetails/HORIZON-MISS-2023-OCEAN-01-07.json,['HORIZON-MISS-2023-OCEAN-01-07'],['text/plain'],,['2023-01-17T00:00:00.000+0000'],['2023-09-20T17:00:00.000+0000'],,['en'],['Cross-basin topic - Analysis of the obstacles and opportunities for repurposing aged/unused offshore infrastructures'],['1'],['https://ec.europa.eu/info/funding-tenders/opportunities/data/topicDetails/HORIZON-MISS-2023-OCEAN-01-07.json'],['https://ec.europa.eu/info/funding-tenders/opportunities/data/topicDetails/HORIZON-MISS-2023-OCEAN-01-07.json'],['45741786'],['SEDIA_PRD_CENTRICITY'],,,['43108390'],['2023-01-17T00:00:00.000+0000'],['single-stage'],['31094502'],['HORIZON  Research and Innovation Actions'],2026-09-20 09:08:50.362431+00:00
2.155,45741420HORIZONResearchandInnovationActions1673913600000,https://ec.europa.eu/info/funding-tenders/opportunities/data/topicDetails/HORIZON-MISS-2023-OCEAN-01-06.json,text/plain,en,,,Cross-basin topic - Innovative nature-inclusive concepts to reconcile offshore renewables with ocean protection,0.0,Cross-basin topic - Innovative nature-inclusive concepts to reconcile offshore renewables with ocean protection,False,[],[],Cross-basin topic - Innovative nature-inclusive concepts to reconcile offshore renewables with ocean protection. Available at: https://ec.europa.eu/info/funding-tenders/opportunities/data/topicDetails/HORIZON-MISS-2023-OCEAN-01-06.json,['HORIZON-MISS-2023-OCEAN-01-06'],['text/plain'],,['2023-01-17T00:00:00.000+0000'],['2023-09-20T17:00:00.000+0000'],,['en'],['Cross-basin topic - Innovative nature-inclusive concepts to reconcile offshore renewables with ocean protection'],['1'],['https://ec.europa.eu/info/funding-tenders/opportunities/data/topicDetails/HORIZON-MISS-2023-OCEAN-01-06.json'],['https://ec.europa.eu/info/funding-tenders/opportunities/data/topicDetails/HORIZON-MISS-2023-OCEAN-01-06.json'],['45741786'],['SEDIA_PRD_CENTRICITY'],,,['43108390'],['2023-01-17T00:00:00.000+0000'],['single-stage'],['31094502'],['HORIZON  Research and Innovation Actions'],2026-09-20 09:08:50.362431+00:00
2.155,45742664HORIZONInnovationActions1673913600000,https://ec.europa.eu/info/funding-tenders/opportunities/data/topicDetails/HORIZON-MISS-2023-OCEAN-SOIL-01-01.json,text/plain,en,,,Mission Ocean and Waters and Mission A Soil Deal for Europe – Joint demonstration of approaches and solutions to address nutrient pollution in the landscape-river-sea system in the Mediterranean sea basin,0.0,Mission Ocean and Waters and Mission A Soil Deal for Europe – Joint demonstration of approaches and solutions to address nutrient pollution in the landscape-river-sea system in the Mediterranean sea basin,False,[],[],Mission Ocean and Waters and Mission A Soil Deal for Europe – Joint demonstration of approaches and solutions to address nutrient pollution in the landscape-river-sea system in the Mediterranean sea basin. Available at: https://ec.europa.eu/info/funding-tenders/opportunities/data/topicDetails/HORIZON-MISS-2023-OCEAN-SOIL-01-01.json,['HORIZON-MISS-2023-OCEAN-SOIL-01-01'],['text/plain'],,['2023-01-17T00:00:00.000+0000'],['2023-09-20T17:00:00.000+0000'],,['en'],['Mission Ocean and Waters and Mission A Soil Deal for Europe – Joint demonstration of approaches and solutions to address nutrient pollution in the landscape-river-sea system in the Mediterranean sea basin'],['1'],['https://ec.europa.eu/info/funding-tenders/opportunities/data/topicDetails/HORIZON-MISS-2023-OCEAN-SOIL-01-01.json'],['https://ec.europa.eu/info/funding-tenders/opportunities/data/topicDetails/HORIZON-MISS-2023-OCEAN-SOIL-01-01.json'],['45742734'],['SEDIA_PRD_CENTRICITY'],,,['43108390'],['2023-01-17T00:00:00.000+0000'],['single-stage'],['31094502'],['HORIZON Innovation Actions'],2026-09-20 09:08:50.362431+00:00
2.155,45741567HORIZONInnovationActions1673913600000,https://ec.europa.eu/info/funding-tenders/opportunities/data/topicDetails/HORIZON-MISS-2023-OCEAN-01-03.json,text/plain,en,,,Atlantic and Arctic sea basin lighthouse – Addressing climate change and human activities threats to marine biodiversity,0.0,Atlantic and Arctic sea basin lighthouse – Addressing climate change and human activities threats to marine biodiversity,False,[],[],Atlantic and Arctic sea basin lighthouse – Addressing climate change and human activities threats to marine biodiversity. Available at: https://ec.europa.eu/info/funding-tenders/opportunities/data/topicDetails/HORIZON-MISS-2023-OCEAN-01-03.json,['HORIZON-MISS-2023-OCEAN-01-03'],['text/plain'],,['2023-01-17T00:00:00.000+0000'],['2023-09-20T17:00:00.000+0000'],,['en'],['Atlantic and Arctic sea basin lighthouse – Addressing climate change and human activities threats to marine biodiversity'],['1'],['https://ec.europa.eu/info/funding-tenders/opportunities/data/topicDetails/HORIZON-MISS-2023-OCEAN-01-03.json'],['https://ec.europa.eu/info/funding-tenders/opportunities/data/topicDetails/HORIZON-MISS-2023-OCEAN-01-03.json'],['45741786'],['SEDIA_PRD_CENTRICITY'],,,['43108390'],['2023-01-17T00:00:00.000+0000'],['single-stage'],['31094502'],['HORIZON Innovation Actions'],2026-09-20 09:08:50.362431+00:00
2.155,45742261HORIZONInnovationActions1673913600000,https://ec.europa.eu/info/funding-tenders/opportunities/data/topicDetails/HORIZON-MISS-2023-SOIL-01-03.json,text/plain,en,,,Onsite digital technologies to monitor nutrients and chemical or biological stressors in soil and plants with relevance for food safety and nutrition,0.0,Onsite digital technologies to monitor nutrients and chemical or biological stressors in soil and plants with relevance for food safety and nutrition,False,[],[],Onsite digital technologies to monitor nutrients and chemical or biological stressors in soil and plants with relevance for food safety and nutrition. Available at: https://ec.europa.eu/info/funding-tenders/opportunities/data/topicDetails/HORIZON-MISS-2023-SOIL-01-03.json,['HORIZON-MISS-2023-SOIL-01-03'],['text/plain'],,['2023-01-17T00:00:00.000+0000'],['2023-09-20T17:00:00.000+0000'],,['en'],['Onsite digital technologies to monitor nutrients and chemical or biological stressors in soil and plants with relevance for food safety and nutrition'],['1'],['https://ec.europa.eu/info/funding-tenders/opportunities/data/topicDetails/HORIZON-MISS-2023-SOIL-01-03.json'],['https://ec.europa.eu/info/funding-tenders/opportunities/data/topicDetails/HORIZON-MISS-2023-SOIL-01-03.json'],['45742463'],['SEDIA_PRD_CENTRICITY'],,,['43108390'],['2023-01-17T00:00:00.000+0000'],['single-stage'],['31094502'],['HORIZON Innovation Actions'],2026-09-20 09:08:50.362431+00:00
2.155,45741726HORIZONInnovationActions1673913600000,https://ec.europa.eu/info/funding-tenders/opportunities/data/topicDetails/HORIZON-MISS-2023-OCEAN-01-01.json,text/plain,en,,,European Blue Parks – Protection and restoration of marine habitats,0.0,European Blue Parks – Protection and restoration of marine habitats,False,[],[],European Blue Parks – Protection and restoration of marine habitats. Available at: https://ec.europa.eu/info/funding-tenders/opportunities/data/topicDetails/HORIZON-MISS-2023-OCEAN-01-01.json,['HORIZON-MISS-2023-OCEAN-01-01'],['text/plain'],,['2023-01-17T00:00:00.000+0000'],['2023-09-20T17:00:00.000+0000'],,['en'],['European Blue Parks – Protection and restoration of marine habitats'],['1'],['https://ec.europa.eu/info/funding-tenders/opportunities/data/topicDetails/HORIZON-MISS-2023-OCEAN-01-01.json'],['https://ec.europa.eu/info/funding-tenders/opportunities/data/topicDetails/HORIZON-MISS-2023-OCEAN-01-01.json'],['45741786'],['SEDIA_PRD_CENTRICITY'],,,['43108390'],['2023-01-17T00:00:00.000+0000'],['single-stage'],['31094502'],['HORIZON Innovation Actions'],2026-09-20 09:08:50.362431+00:00
2.155,45741198HORIZONResearchandInnovationActions1673913600000,https://ec.europa.eu/info/funding-tenders/opportunities/data/topicDetails/HORIZON-MISS-2023-OCEAN-01-08.json,text/plain,en,,,Integration of socio-ecological models into the Digital Twin Ocean,0.0,Integration of socio-ecological models into the Digital Twin Ocean,False,[],[],Integration of socio-ecological models into the Digital Twin Ocean. Available at: https://ec.europa.eu/info/funding-tenders/opportunities/data/topicDetails/HORIZON-MISS-2023-OCEAN-01-08.json,['HORIZON-MISS-2023-OCEAN-01-08'],['text/plain'],,['2023-01-17T00:00:00.000+0000'],['2023-09-20T17:00:00.000+0000'],,['en'],['Integration of socio-ecological models into the Digital Twin Ocean'],['1'],['https://ec.europa.eu/info/funding-tenders/opportunities/data/topicDetails/HORIZON-MISS-2023-OCEAN-01-08.json'],['https://ec.europa.eu/info/funding-tenders/opportunities/data/topicDetails/HORIZON-MISS-2023-OCEAN-01-08.json'],['45741786'],['SEDIA_PRD_CENTRICITY'],,,['43108390'],['2023-01-17T00:00:00.000+0000'],['single-stage'],['31094502'],['HORIZON  Research and Innovation Actions'],2026-09-20 09:08:50.362431+00:00
2.155,45741524HORIZONCoordinationandSupportActions1673913600000,https://ec.europa.eu/info/funding-tenders/opportunities/data/topicDetails/HORIZON-MISS-2023-OCEAN-01-10.json,text/plain,en,,,Choose your fish: a campaign for responsible consumption of products from the sea,0.0,Choose your fish: a campaign for responsible consumption of products from the sea,False,[],[],Choose your fish: a campaign for responsible consumption of products from the sea. Available at: https://ec.europa.eu/info/funding-tenders/opportunities/data/topicDetails/HORIZON-MISS-2023-OCEAN-01-10.json,['HORIZON-MISS-2023-OCEAN-01-10'],['text/plain'],,['2023-01-17T00:00:00.000+0000'],['2023-09-20T17:00:00.000+0000'],,['en'],['Choose your fish: a campaign for responsible consumption of products from the sea'],['1'],['https://ec.europa.eu/info/funding-tenders/opportunities/data/topicDetails/HORIZON-MISS-2023-OCEAN-01-10.json'],['https://ec.europa.eu/info/funding-tenders/opportunities/data/topicDetails/HORIZON-MISS-2023-OCEAN-01-10.json'],['45741786'],['SEDIA_PRD_CENTRICITY'],,,['43108390'],['2023-01-17T00:00:00.000+0000'],['single-stage'],['31094502'],['HORIZON Coordination and Support Actions'],2026-09-20 09:08:50.362431+00:00
2.155,45741992HORIZONResearchandInnovationActions1673913600000,https://ec.europa.eu/info/funding-tenders/opportunities/data/topicDetails/HORIZON-MISS-2023-SOIL-01-06.json,text/plain,en,,,Soils in spatial planning,0.0,Soils in spatial planning,False,[],[],Soils in spatial planning. Available at: https://ec.europa.eu/info/funding-tenders/opportunities/data/topicDetails/HORIZON-MISS-2023-SOIL-01-06.json,['HORIZON-MISS-2023-SOIL-01-06'],['text/plain'],,['2023-01-17T00:00:00.000+0000'],['2023-09-20T17:00:00.000+0000'],,['en'],['Soils in spatial planning'],['1'],['https://ec.europa.eu/info/funding-tenders/opportunities/data/topicDetails/HORIZON-MISS-2023-SOIL-01-06.json'],['https://ec.europa.eu/info/funding-tenders/opportunities/data/topicDetails/HORIZON-MISS-2023-SOIL-01-06.json'],['45742463'],['SEDIA_PRD_CENTRICITY'],,,['43108390'],['2023-01-17T00:00:00.000+0000'],['single-stage'],['31094502'],['HORIZON  Research and Innovation Actions'],2026-09-20 09:08:50.362431+00:00
2.155,45742230HORIZONResearchandInnovationActions1673913600000,https://ec.europa.eu/info/funding-tenders/opportunities/data/topicDetails/HORIZON-MISS-2023-SOIL-01-02.json,text/plain,en,,,Soil pollution processes – modelling and inclusion in advanced digital decision-support tools,0.0,Soil pollution processes – modelling and inclusion in advanced digital decision-support tools,False,[],[],Soil pollution processes – modelling and inclusion in advanced digital decision-support tools. Available at: https://ec.europa.eu/info/funding-tenders/opportunities/data/topicDetails/HORIZON-MISS-2023-SOIL-01-02.json,['HORIZON-MISS-2023-SOIL-01-02'],['text/plain'],,['2023-01-17T00:00:00.000+0000'],['2023-09-20T17:00:00.000+0000'],,['en'],['Soil pollution processes – modelling and inclusion in advanced digital decision-support tools'],['1'],['https://ec.europa.eu/info/funding-tenders/opportunities/data/topicDetails/HORIZON-MISS-2023-SOIL-01-02.json'],['https://ec.europa.eu/info/funding-tenders/opportunities/data/topicDetails/HORIZON-MISS-2023-SOIL-01-02.json'],['45742463'],['SEDIA_PRD_CENTRICITY'],,,['43108390'],['2023-01-17T00:00:00.000+0000'],['single-stage'],['31094502'],['HORIZON  Research and Innovation Actions'],2026-09-20 09:08:50.362431+00:00
2.155,45602422HORIZONEICGrants1673913600000,https://ec.europa.eu/info/funding-tenders/opportunities/data/topicDetails/HORIZON-EIC-2023-TRANSITIONOPEN-01.json,text/plain,en,,,Transition Open 2023,0.0,Transition Open 2023,False,[],[],Transition Open 2023. Available at: https://ec.europa.eu/info/funding-tenders/opportunities/data/topicDetails/HORIZON-EIC-2023-TRANSITIONOPEN-01.json,['HORIZON-EIC-2023-TRANSITIONOPEN-01'],['text/plain'],,['2023-01-17T00:00:00.000+0000'],"['2023-04-12T17:00:00.000+0000', '2023-09-27T17:00:00.000+0000']",,['en'],['Transition Open 2023'],['1'],['https://ec.europa.eu/info/funding-tenders/opportunities/data/topicDetails/HORIZON-EIC-2023-TRANSITIONOPEN-01.json'],['https://ec.europa.eu/info/funding-tenders/opportunities/data/topicDetails/HORIZON-EIC-2023-TRANSITIONOPEN-01.json'],['45602427'],['SEDIA_PRD_CENTRICITY'],,,['43108390'],['2023-01-17T00:00:00.000+0000'],['multiple cut-off'],['31094502'],['HORIZON EIC Grants'],2026-09-20 09:08:50.362431+00:00
2.155,45741251HORIZONCoordinationandSupportActions1673913600000,https://ec.europa.eu/info/funding-tenders/opportunities/data/topicDetails/HORIZON-MISS-2023-OCEAN-01-09.json,text/plain,en,,,Roadmap towards the integration of inland waters into the Digital Twin Ocean,0.0,Roadmap towards the integration of inland waters into the Digital Twin Ocean,False,[],[],Roadmap towards the integration of inland waters into the Digital Twin Ocean. Available at: https://ec.europa.eu/info/funding-tenders/opportunities/data/topicDetails/HORIZON-MISS-2023-OCEAN-01-09.json,['HORIZON-MISS-2023-OCEAN-01-09'],['text/plain'],,['2023-01-17T00:00:00.000+0000'],['2023-09-20T17:00:00.000+0000'],,['en'],['Roadmap towards the integration of inland waters into the Digital Twin Ocean'],['1'],['https://ec.europa.eu/info/funding-tenders/opportunities/data/topicDetails/HORIZON-MISS-2023-OCEAN-01-09.json'],['https://ec.europa.eu/info/funding-tenders/opportunities/data/topicDetails/HORIZON-MISS-2023-OCEAN-01-09.json'],['45741786'],['SEDIA_PRD_CENTRICITY'],,,['43108390'],['2023-01-17T00:00:00.000+0000'],['single-stage'],['31094502'],['HORIZON Coordination and Support Actions'],2026-09-20 09:08:50.362431+00:00
2.155,45742045HORIZONCoordinationandSupportActions1673913600000,https://ec.europa.eu/info/funding-tenders/opportunities/data/topicDetails/HORIZON-MISS-2023-SOIL-01-07.json,text/plain,en,,,Back to earth: bringing communities and citizens closer to soil,0.0,Back to earth: bringing communities and citizens closer to soil,False,[],[],Back to earth: bringing communities and citizens closer to soil. Available at: https://ec.europa.eu/info/funding-tenders/opportunities/data/topicDetails/HORIZON-MISS-2023-SOIL-01-07.json,['HORIZON-MISS-2023-SOIL-01-07'],['text/plain'],,['2023-01-17T00:00:00.000+0000'],['2023-09-20T17:00:00.000+0000'],,['en'],['Back to earth: bringing communities and citizens closer to soil'],['1'],['https://ec.europa.eu/info/funding-tenders/opportunities/data/topicDetails/HORIZON-MISS-2023-SOIL-01-07.json'],['https://ec.europa.eu/info/funding-tenders/opportunities/data/topicDetails/HORIZON-MISS-2023-SOIL-01-07.json'],['45742463'],['SEDIA_PRD_CENTRICITY'],,,['43108390'],['2023-01-17T00:00:00.000+0000'],['single-stage'],['31094502'],['HORIZON Coordination and Support Actions'],2026-09-20 09:08:50.362431+00:00
2.155,45602408HORIZONEICGrants1673913600000,https://ec.europa.eu/info/funding-tenders/opportunities/data/topicDetails/HORIZON-EIC-2023-TRANSITIONCHALLENGES-02.json,text/plain,en,,,EIC Transition Challenge: Environmental Intelligence ,0.0,EIC Transition Challenge: Environmental Intelligence ,False,[],[],EIC Transition Challenge: Environmental Intelligence . Available at: https://ec.europa.eu/info/funding-tenders/opportunities/data/topicDetails/HORIZON-EIC-2023-TRANSITIONCHALLENGES-02.json,['HORIZON-EIC-2023-TRANSITIONCHALLENGES-02'],['text/plain'],,['2023-01-17T00:00:00.000+0000'],"['2023-04-12T17:00:00.000+0000', '2023-09-27T17:00:00.000+0000']",,['en'],['EIC Transition Challenge: Environmental Intelligence\u202f'],['1'],['https://ec.europa.eu/info/funding-tenders/opportunities/data/topicDetails/HORIZON-EIC-2023-TRANSITIONCHALLENGES-02.json'],['https://ec.europa.eu/info/funding-tenders/opportunities/data/topicDetails/HORIZON-EIC-2023-TRANSITIONCHALLENGES-02.json'],['45602427'],['SEDIA_PRD_CENTRICITY'],,,['43108390'],['2023-01-17T00:00:00.000+0000'],['multiple cut-off'],['31094502'],['HORIZON EIC Grants'],2026-09-20 09:08:50.362431+00:00
2.155,45741472HORIZONInnovationActions1673913600000,https://ec.europa.eu/info/funding-tenders/opportunities/data/topicDetails/HORIZON-MISS-2023-OCEAN-01-04.json,text/plain,en,,,European natural lakes: demonstration of integrated approaches for protection and restoration of natural lake ecosystems and their biodiversity,0.0,European natural lakes: demonstration of integrated approaches for protection and restoration of natural lake ecosystems and their biodiversity,False,[],[],European natural lakes: demonstration of integrated approaches for protection and restoration of natural lake ecosystems and their biodiversity. Available at: https://ec.europa.eu/info/funding-tenders/opportunities/data/topicDetails/HORIZON-MISS-2023-OCEAN-01-04.json,['HORIZON-MISS-2023-OCEAN-01-04'],['text/plain'],,['2023-01-17T00:00:00.000+0000'],['2023-09-20T17:00:00.000+0000'],,['en'],['European natural lakes: demonstration of integrated approaches for protection and restoration of natural lake ecosystems and their biodiversity'],['1'],['https://ec.europa.eu/info/funding-tenders/opportunities/data/topicDetails/HORIZON-MISS-2023-OCEAN-01-04.json'],['https://ec.europa.eu/info/funding-tenders/opportunities/data/topicDetails/HORIZON-MISS-2023-OCEAN-01-04.json'],['45741786'],['SEDIA_PRD_CENTRICITY'],,,['43108390'],['2023-01-17T00:00:00.000+0000'],['single-stage'],['31094502'],['HORIZON Innovation Actions'],2026-09-20 09:08:50.362431+00:00
2.155,45741354HORIZONInnovationActions1673913600000,https://ec.europa.eu/info/funding-tenders/opportunities/data/topicDetails/HORIZON-MISS-2023-OCEAN-01-05.json,text/plain,en,,,Lighthouse in the Baltic and the North Sea basins - Lighthouse in the Baltic and the North Sea basins - Green and energy-efficient small-scale fishing fleets,0.0,Lighthouse in the Baltic and the North Sea basins - Lighthouse in the Baltic and the North Sea basins - Green and energy-efficient small-scale fishing fleets,False,[],[],Lighthouse in the Baltic and the North Sea basins - Lighthouse in the Baltic and the North Sea basins - Green and energy-efficient small-scale fishing fleets. Available at: https://ec.europa.eu/info/funding-tenders/opportunities/data/topicDetails/HORIZON-MISS-2023-OCEAN-01-05.json,['HORIZON-MISS-2023-OCEAN-01-05'],['text/plain'],,['2023-01-17T00:00:00.000+0000'],['2023-09-20T17:00:00.000+0000'],,['en'],['Lighthouse in the Baltic and the North Sea basins - Lighthouse in the Baltic and the North Sea basins - Green and energy-efficient small-scale fishing fleets'],['1'],['https://ec.europa.eu/info/funding-tenders/opportunities/data/topicDetails/HORIZON-MISS-2023-OCEAN-01-05.json'],['https://ec.europa.eu/info/funding-tenders/opportunities/data/topicDetails/HORIZON-MISS-2023-OCEAN-01-05.json'],['45741786'],['SEDIA_PRD_CENTRICITY'],,,['43108390'],['2023-01-17T00:00:00.000+0000'],['single-stage'],['31094502'],['HORIZON Innovation Actions'],2026-09-20 09:08:50.362431+00:00
2.155,45742123HORIZONResearchandInnovationActions1673913600000,https://ec.europa.eu/info/funding-tenders/opportunities/data/topicDetails/HORIZON-MISS-2023-SOIL-01-01.json,text/plain,en,,,Discovering the subsoil,0.0,Discovering the subsoil,False,[],[],Discovering the subsoil . Available at: https://ec.europa.eu/info/funding-tenders/opportunities/data/topicDetails/HORIZON-MISS-2023-SOIL-01-01.json,['HORIZON-MISS-2023-SOIL-01-01'],['text/plain'],,['2023-01-17T00:00:00.000+0000'],['2023-09-20T17:00:00.000+0000'],,['en'],['Discovering the subsoil\xa0'],['1'],['https://ec.europa.eu/info/funding-tenders/opportunities/data/topicDetails/HORIZON-MISS-2023-SOIL-01-01.json'],['https://ec.europa.eu/info/funding-tenders/opportunities/data/topicDetails/HORIZON-MISS-2023-SOIL-01-01.json'],['45742463'],['SEDIA_PRD_CENTRICITY'],,,['43108390'],['2023-01-17T00:00:00.000+0000'],['single-stage'],['31094502'],['HORIZON  Research and Innovation Actions'],2026-09-20 09:08:50.362431+00:00
2.155,45741960HORIZONInnovationActions1673913600000,https://ec.europa.eu/info/funding-tenders/opportunities/data/topicDetails/HORIZON-MISS-2023-SOIL-01-05.json,text/plain,en,,,"Soil-friendly practices in horticulture, including alternative growing media",0.0,"Soil-friendly practices in horticulture, including alternative growing media",False,[],[],"Soil-friendly practices in horticulture, including alternative growing media. Available at: https://ec.europa.eu/info/funding-tenders/opportunities/data/topicDetails/HORIZON-MISS-2023-SOIL-01-05.json",['HORIZON-MISS-2023-SOIL-01-05'],['text/plain'],,['2023-01-17T00:00:00.000+0000'],['2023-09-20T17:00:00.000+0000'],,['en'],"['Soil-friendly practices in horticulture, including alternative growing media']",['1'],['https://ec.europa.eu/info/funding-tenders/opportunities/data/topicDetails/HORIZON-MISS-2023-SOIL-01-05.json'],['https://ec.europa.eu/info/funding-tenders/opportunities/data/topicDetails/HORIZON-MISS-2023-SOIL-01-05.json'],['45742463'],['SEDIA_PRD_CENTRICITY'],,,['43108390'],['2023-01-17T00:00:00.000+0000'],['single-stage'],['31094502'],['HORIZON Innovation Actions'],2026-09-20 09:08:50.362431+00:00
2.155,45742419HORIZONResearchandInnovationActions1673913600000,https://ec.europa.eu/info/funding-tenders/opportunities/data/topicDetails/HORIZON-MISS-2023-SOIL-01-09.json,text/plain,en,,,Carbon farming in living labs,0.0,Carbon farming in living labs,False,[],[],Carbon farming in living labs. Available at: https://ec.europa.eu/info/funding-tenders/opportunities/data/topicDetails/HORIZON-MISS-2023-SOIL-01-09.json,['HORIZON-MISS-2023-SOIL-01-09'],['text/plain'],,['2023-01-17T00:00:00.000+0000'],['2023-09-20T17:00:00.000+0000'],,['en'],['Carbon farming in living labs'],['1'],['https://ec.europa.eu/info/funding-tenders/opportunities/data/topicDetails/HORIZON-MISS-2023-SOIL-01-09.json'],['https://ec.europa.eu/info/funding-tenders/opportunities/data/topicDetails/HORIZON-MISS-2023-SOIL-01-09.json'],['45742463'],['SEDIA_PRD_CENTRICITY'],,,['43108390'],['2023-01-17T00:00:00.000+0000'],['single-stage'],['31094502'],['HORIZON  Research and Innovation Actions'],2026-09-20 09:08:50.362431+00:00
2.155,45742355HORIZONResearchandInnovationActions1673913600000,https://ec.europa.eu/info/funding-tenders/opportunities/data/topicDetails/HORIZON-MISS-2023-SOIL-01-08.json,text/plain,en,,,Co-creating solutions for soil health in Living Labs,0.0,Co-creating solutions for soil health in Living Labs,False,[],[],Co-creating solutions for soil health in Living Labs. Available at: https://ec.europa.eu/info/funding-tenders/opportunities/data/topicDetails/HORIZON-MISS-2023-SOIL-01-08.json,['HORIZON-MISS-2023-SOIL-01-08'],['text/plain'],,['2023-01-17T00:00:00.000+0000'],['2023-09-20T17:00:00.000+0000'],,['en'],['Co-creating solutions for soil health in Living Labs'],['1'],['https://ec.europa.eu/info/funding-tenders/opportunities/data/topicDetails/HORIZON-MISS-2023-SOIL-01-08.json'],['https://ec.europa.eu/info/funding-tenders/opportunities/data/topicDetails/HORIZON-MISS-2023-SOIL-01-08.json'],['45742463'],['SEDIA_PRD_CENTRICITY'],,,['43108390'],['2023-01-17T00:00:00.000+0000'],['single-stage'],['31094502'],['HORIZON  Research and Innovation Actions'],2026-09-20 09:08:50.362431+00:00
2.155,45602403HORIZONEICGrants1673913600000,https://ec.europa.eu/info/funding-tenders/opportunities/data/topicDetails/HORIZON-EIC-2023-TRANSITIONCHALLENGES-01.json,text/plain,en,,,EIC Transition Challenge: Full scale Micro-Nano-Bio devices for medical and medical research applications,0.0,EIC Transition Challenge: Full scale Micro-Nano-Bio devices for medical and medical research applications,False,[],[],EIC Transition Challenge: Full scale Micro-Nano-Bio devices for medical and medical research applications. Available at: https://ec.europa.eu/info/funding-tenders/opportunities/data/topicDetails/HORIZON-EIC-2023-TRANSITIONCHALLENGES-01.json,['HORIZON-EIC-2023-TRANSITIONCHALLENGES-01'],['text/plain'],,['2023-01-17T00:00:00.000+0000'],"['2023-04-12T17:00:00.000+0000', '2023-09-27T17:00:00.000+0000']",,['en'],['EIC Transition Challenge: Full scale Micro-Nano-Bio devices for medical and medical research applications'],['1'],['https://ec.europa.eu/info/funding-tenders/opportunities/data/topicDetails/HORIZON-EIC-2023-TRANSITIONCHALLENGES-01.json'],['https://ec.europa.eu/info/funding-tenders/opportunities/data/topicDetails/HORIZON-EIC-2023-TRANSITIONCHALLENGES-01.json'],['45602427'],['SEDIA_PRD_CENTRICITY'],,,['43108390'],['2023-01-17T00:00:00.000+0000'],['multiple cut-off'],['31094502'],['HORIZON EIC Grants'],2026-09-20 09:08:50.362431+00:00
2.155,45602417HORIZONEICGrants1673913600000,https://ec.europa.eu/info/funding-tenders/opportunities/data/topicDetails/HORIZON-EIC-2023-TRANSITIONCHALLENGES-03.json,text/plain,en,,,EIC Transition Challenge: Chip-scale optical frequency combs,0.0,EIC Transition Challenge: Chip-scale optical frequency combs,False,[],[],EIC Transition Challenge: Chip-scale optical frequency combs. Available at: https://ec.europa.eu/info/funding-tenders/opportunities/data/topicDetails/HORIZON-EIC-2023-TRANSITIONCHALLENGES-03.json,['HORIZON-EIC-2023-TRANSITIONCHALLENGES-03'],['text/plain'],,['2023-01-17T00:00:00.000+0000'],"['2023-04-12T17:00:00.000+0000', '2023-09-27T17:00:00.000+0000']",,['en'],['EIC Transition Challenge: Chip-scale optical frequency combs'],['1'],['https://ec.europa.eu/info/funding-tenders/opportunities/data/topicDetails/HORIZON-EIC-2023-TRANSITIONCHALLENGES-03.json'],['https://ec.europa.eu/info/funding-tenders/opportunities/data/topicDetails/HORIZON-EIC-2023-TRANSITIONCHALLENGES-03.json'],['45602427'],['SEDIA_PRD_CENTRICITY'],,,['43108390'],['2023-01-17T00:00:00.000+0000'],['multiple cut-off'],['31094502'],['HORIZON EIC Grants'],2026-09-20 09:08:50.362431+00:00
2.155,45700620HORIZONProgrammeCofundActions1673481600000,https://ec.europa.eu/info/funding-tenders/opportunities/data/topicDetails/HORIZON-HLTH-2023-DISEASE-07-01.json,text/plain,en,,,European Partnership on Rare Diseases,0.0,European Partnership on Rare Diseases,False,[],[],European Partnership on Rare Diseases. Available at: https://ec.europa.eu/info/funding-tenders/opportunities/data/topicDetails/HORIZON-HLTH-2023-DISEASE-07-01.json,['HORIZON-HLTH-2023-DISEASE-07-01'],['text/plain'],,['2023-01-12T00:00:00.000+0000'],['2023-09-19T17:00:00.000+0000'],,['en'],['European Partnership on Rare Diseases'],['1'],['https://ec.europa.eu/info/funding-tenders/opportunities/data/topicDetails/HORIZON-HLTH-2023-DISEASE-07-01.json'],['https://ec.europa.eu/info/funding-tenders/opportunities/data/topicDetails/HORIZON-HLTH-2023-DISEASE-07-01.json'],['45702082'],['SEDIA_PRD_CENTRICITY'],,,['43108390'],['2023-01-12T00:00:00.000+0000'],['single-stage'],['31094502'],['HORIZON Programme Cofund Actions'],2026-09-20 09:08:50.362431+00:00
2.155,45740695HORIZONInnovationActions1673308800000,https://ec.europa.eu/info/funding-tenders/opportunities/data/topicDetails/HORIZON-MISS-2023-CLIMA-01-01.json,text/plain,en,,,Testing and demonstrating transformative solutions increasing climate resilience of the agriculture and/or forestry sector.,0.0,Testing and demonstrating transformative solutions increasing climate resilience of the agriculture and/or forestry sector.,False,[],[],Testing and demonstrating transformative solutions increasing climate resilience of the agriculture and/or forestry sector.. Available at: https://ec.europa.eu/info/funding-tenders/opportunities/data/topicDetails/HORIZON-MISS-2023-CLIMA-01-01.json,['HORIZON-MISS-2023-CLIMA-01-01'],['text/plain'],,['2023-01-10T00:00:00.000+0000'],['2023-09-20T17:00:00.000+0000'],,['en'],['Testing and demonstrating transformative solutions increasing climate resilience of the agriculture and/or forestry sector.'],['1'],['https://ec.europa.eu/info/funding-tenders/opportunities/data/topicDetails/HORIZON-MISS-2023-CLIMA-01-01.json'],['https://ec.europa.eu/info/funding-tenders/opportunities/data/topicDetails/HORIZON-MISS-2023-CLIMA-01-01.json'],['45740753'],['SEDIA_PRD_CENTRICITY'],,,['43108390'],['2023-01-10T00:00:00.000+0000'],['single-stage'],['31094502'],['HORIZON Innovation Actions'],2026-09-20 09:08:50.362431+00:00
2.155,45702925HORIZONResearchandInnovationActions1673308800000,https://ec.europa.eu/info/funding-tenders/opportunities/data/topicDetails/HORIZON-CL2-2023-HERITAGE-ECCCH-01-02.json,text/plain,en,,,A European Collaborative Cloud for Cultural Heritage – Innovative tools for digitising cultural heritage objects,0.0,A European Collaborative Cloud for Cultural Heritage – Innovative tools for digitising cultural heritage objects,False,[],[],A European Collaborative Cloud for Cultural Heritage – Innovative tools for digitising cultural heritage objects. Available at: https://ec.europa.eu/info/funding-tenders/opportunities/data/topicDetails/HORIZON-CL2-2023-HERITAGE-ECCCH-01-02.json,['HORIZON-CL2-2023-HERITAGE-ECCCH-01-02'],['text/plain'],,['2023-01-10T00:00:00.000+0000'],['2023-09-21T17:00:00.000+0000'],,['en'],['A European Collaborative Cloud for Cultural Heritage – Innovative tools for digitising cultural heritage objects'],['1'],['https://ec.europa.eu/info/funding-tenders/opportunities/data/topicDetails/HORIZON-CL2-2023-HERITAGE-ECCCH-01-02.json'],['https://ec.europa.eu/info/funding-tenders/opportunities/data/topicDetails/HORIZON-CL2-2023-HERITAGE-ECCCH-01-02.json'],['45703516'],['SEDIA_PRD_CENTRICITY'],,,['43108390'],['2023-01-10T00:00:00.000+0000'],['single-stage'],['31094502'],['HORIZON  Research and Innovation Actions'],2026-09-20 09:08:50.362431+00:00
2.155,45740642HORIZONInnovationActions1673308800000,https://ec.europa.eu/info/funding-tenders/opportunities/data/topicDetails/HORIZON-MISS-2023-CLIMA-01-02.json,text/plain,en,,,"Testing and demonstrating transformative solutions to protect critical infrastructure from climate change, mainstreaming nature based solutions.",0.0,"Testing and demonstrating transformative solutions to protect critical infrastructure from climate change, mainstreaming nature based solutions.",False,[],[],"Testing and demonstrating transformative solutions to protect critical infrastructure from climate change, mainstreaming nature based solutions.. Available at: https://ec.europa.eu/info/funding-tenders/opportunities/data/topicDetails/HORIZON-MISS-2023-CLIMA-01-02.json",['HORIZON-MISS-2023-CLIMA-01-02'],['text/plain'],,['2023-01-10T00:00:00.000+0000'],['2023-09-20T17:00:00.000+0000'],,['en'],"['Testing and demonstrating transformative solutions to protect critical infrastructure from climate change, mainstreaming nature based solutions.']",['1'],['https://ec.europa.eu/info/funding-tenders/opportunities/data/topicDetails/HORIZON-MISS-2023-CLIMA-01-02.json'],['https://ec.europa.eu/info/funding-tenders/opportunities/data/topicDetails/HORIZON-MISS-2023-CLIMA-01-02.json'],['45740753'],['SEDIA_PRD_CENTRICITY'],,,['43108390'],['2023-01-10T00:00:00.000+0000'],['single-stage'],['31094502'],['HORIZON Innovation Actions'],2026-09-20 09:08:50.362431+00:00
2.155,45740581HORIZONInnovationActions1673308800000,https://ec.europa.eu/info/funding-tenders/opportunities/data/topicDetails/HORIZON-MISS-2023-CLIMA-01-03.json,text/plain,en,,,Testing and demonstrating transformative solutions to build resilience towards health risks caused by the effects of climate change,0.0,Testing and demonstrating transformative solutions to build resilience towards health risks caused by the effects of climate change,False,[],[],Testing and demonstrating transformative solutions to build resilience towards health risks caused by the effects of climate change. Available at: https://ec.europa.eu/info/funding-tenders/opportunities/data/topicDetails/HORIZON-MISS-2023-CLIMA-01-03.json,['HORIZON-MISS-2023-CLIMA-01-03'],['text/plain'],,['2023-01-10T00:00:00.000+0000'],['2023-09-20T17:00:00.000+0000'],,['en'],['Testing and demonstrating transformative solutions to build resilience towards health risks caused by the effects of climate change'],['1'],['https://ec.europa.eu/info/funding-tenders/opportunities/data/topicDetails/HORIZON-MISS-2023-CLIMA-01-03.json'],['https://ec.europa.eu/info/funding-tenders/opportunities/data/topicDetails/HORIZON-MISS-2023-CLIMA-01-03.json'],['45740753'],['SEDIA_PRD_CENTRICITY'],,,['43108390'],['2023-01-10T00:00:00.000+0000'],['single-stage'],['31094502'],['HORIZON Innovation Actions'],2026-09-20 09:08:50.362431+00:00
2.155,45640360HORIZONResearchandInnovationActions1673308800000,https://ec.europa.eu/info/funding-tenders/opportunities/data/topicDetails/HORIZON-WIDERA-2023-ACCESS-06-01.json,text/plain,en,,,Hop on Facility,0.0,Hop on Facility,False,[],[],Hop on Facility. Available at: https://ec.europa.eu/info/funding-tenders/opportunities/data/topicDetails/HORIZON-WIDERA-2023-ACCESS-06-01.json,['HORIZON-WIDERA-2023-ACCESS-06-01'],['text/plain'],,['2023-01-10T00:00:00.000+0000'],"['2023-09-28T17:00:00.000+0000', '2024-09-26T17:00:00.000+0000']",,['en'],['Hop on Facility'],['1'],['https://ec.europa.eu/info/funding-tenders/opportunities/data/topicDetails/HORIZON-WIDERA-2023-ACCESS-06-01.json'],['https://ec.europa.eu/info/funding-tenders/opportunities/data/topicDetails/HORIZON-WIDERA-2023-ACCESS-06-01.json'],['45743587'],['SEDIA_PRD_CENTRICITY'],,,['43108390'],['2023-01-10T00:00:00.000+0000'],['multiple cut-off'],['31094502'],['HORIZON  Research and Innovation Actions'],2026-09-20 09:08:50.362431+00:00
2.155,45639405HORIZONInnovationActions1673308800000,https://ec.europa.eu/info/funding-tenders/opportunities/data/topicDetails/HORIZON-CL2-2023-HERITAGE-ECCCH-01-01.json,text/plain,en,,,A European Collaborative Cloud for Cultural Heritage,0.0,A European Collaborative Cloud for Cultural Heritage,False,[],[],A European Collaborative Cloud for Cultural Heritage. Available at: https://ec.europa.eu/info/funding-tenders/opportunities/data/topicDetails/HORIZON-CL2-2023-HERITAGE-ECCCH-01-01.json,['HORIZON-CL2-2023-HERITAGE-ECCCH-01-01'],['text/plain'],,['2023-01-10T00:00:00.000+0000'],['2023-09-21T17:00:00.000+0000'],,['en'],['A European Collaborative Cloud for Cultural Heritage'],['1'],['https://ec.europa.eu/info/funding-tenders/opportunities/data/topicDetails/HORIZON-CL2-2023-HERITAGE-ECCCH-01-01.json'],['https://ec.europa.eu/info/funding-tenders/opportunities/data/topicDetails/HORIZON-CL2-2023-HERITAGE-ECCCH-01-01.json'],['45703516'],['SEDIA_PRD_CENTRICITY'],,,['43108390'],['2023-01-10T00:00:00.000+0000'],['single-stage'],['31094502'],['HORIZON Innovation Actions'],2026-09-20 09:08:50.362431+00:00
2.155,45659764CERVLumpSumGrants1670457600000,https://ec.europa.eu/info/funding-tenders/opportunities/data/topicDetails/CERV-2023-EQUAL.json,text/plain,en,,,"Call for proposals to promote equality and to fight against racism, xenophobia and discrimination",0.0,"Call for proposals to promote equality and to fight against racism, xenophobia and discrimination",False,[],[],"Call for proposals to promote equality and to fight against racism, xenophobia and discrimination. Available at: https://ec.europa.eu/info/funding-tenders/opportunities/data/topicDetails/CERV-2023-EQUAL.json",['CERV-2023-EQUAL'],['text/plain'],,['2022-12-08T00:00:00.000+0000'],['2023-06-20T17:00:00.000+0000'],,['en'],"['Call for proposals to promote equality and to fight against racism, xenophobia and discrimination']",['1'],['https://ec.europa.eu/info/funding-tenders/opportunities/data/topicDetails/CERV-2023-EQUAL.json'],['https://ec.europa.eu/info/funding-tenders/opportunities/data/topicDetails/CERV-2023-EQUAL.json'],['45659771'],['SEDIA_PRD_CENTRICITY'],,,['43251589'],['2022-12-08T00:00:00.000+0000'],['single-stage'],['31094502'],['CERV Lump Sum Grants'],2026-09-20 09:08:50.362431+00:00
2.155,45602336HORIZONEICAcceleratorBlendedFinance1670457600000,https://ec.europa.eu/info/funding-tenders/opportunities/data/topicDetails/HORIZON-EIC-2023-ACCELERATORCHALLENGES-05.json,text/plain,en,,,EIC Accelerator Challenge: Emerging semiconductor or quantum technology components,0.0,EIC Accelerator Challenge: Emerging semiconductor or quantum technology components,False,[],[],EIC Accelerator Challenge: Emerging semiconductor or quantum technology components. Available at: https://ec.europa.eu/info/funding-tenders/opportunities/data/topicDetails/HORIZON-EIC-2023-ACCELERATORCHALLENGES-05.json,['HORIZON-EIC-2023-ACCELERATORCHALLENGES-05'],['text/plain'],,['2022-12-08T00:00:00.000+0000'],"['2023-01-11T17:00:00.000+0000', '2023-03-22T17:00:00.000+0000', '2023-06-07T17:00:00.000+0000', '2023-10-04T17:00:00.000+0000']",,['en'],['EIC Accelerator Challenge: Emerging semiconductor or quantum technology components'],['1'],['https://ec.europa.eu/info/funding-tenders/opportunities/data/topicDetails/HORIZON-EIC-2023-ACCELERATORCHALLENGES-05.json'],['https://ec.europa.eu/info/funding-tenders/opportunities/data/topicDetails/HORIZON-EIC-2023-ACCELERATORCHALLENGES-05.json'],['45602381'],['SEDIA_PRD_CENTRICITY'],,,['43108390'],['2022-12-08T00:00:00.000+0000'],['multiple cut-off'],['31094502'],['HORIZON EIC Accelerator Blended Finance'],2026-09-20 09:08:50.362431+00:00
2.155,45602376HORIZONEICAcceleratorBlendedFinance1670457600000,https://ec.europa.eu/info/funding-tenders/opportunities/data/topicDetails/HORIZON-EIC-2023-ACCELERATORCHALLENGES-04.json,text/plain,en,,,"EIC Accelerator Challenge: New European Bauhaus and Architecture, Engineering and Construction digitalisation for decarbonisation",0.0,"EIC Accelerator Challenge: New European Bauhaus and Architecture, Engineering and Construction digitalisation for decarbonisation",False,[],[],"EIC Accelerator Challenge: New European Bauhaus and Architecture, Engineering and Construction digitalisation for decarbonisation. Available at: https://ec.europa.eu/info/funding-tenders/opportunities/data/topicDetails/HORIZON-EIC-2023-ACCELERATORCHALLENGES-04.json",['HORIZON-EIC-2023-ACCELERATORCHALLENGES-04'],['text/plain'],,['2022-12-08T00:00:00.000+0000'],"['2023-01-11T17:00:00.000+0000', '2023-03-22T17:00:00.000+0000', '2023-06-07T17:00:00.000+0000', '2023-10-04T17:00:00.000+0000']",,['en'],"['EIC Accelerator Challenge: New European Bauhaus and Architecture, Engineering and Construction digitalisation for decarbonisation']",['1'],['https://ec.europa.eu/info/funding-tenders/opportunities/data/topicDetails/HORIZON-EIC-2023-ACCELERATORCHALLENGES-04.json'],['https://ec.europa.eu/info/funding-tenders/opportunities/data/topicDetails/HORIZON-EIC-2023-ACCELERATORCHALLENGES-04.json'],['45602381'],['SEDIA_PRD_CENTRICITY'],,,['43108390'],['2022-12-08T00:00:00.000+0000'],['multiple cut-off'],['31094502'],['HORIZON EIC Accelerator Blended Finance'],2026-09-20 09:08:50.362431+00:00
2.155,45602341HORIZONEICAcceleratorBlendedFinance1670457600000,https://ec.europa.eu/info/funding-tenders/opportunities/data/topicDetails/HORIZON-EIC-2023-ACCELERATORCHALLENGES-06.json,text/plain,en,,,EIC Accelerator Challenge: Novel technologies for resilient agriculture,0.0,EIC Accelerator Challenge: Novel technologies for resilient agriculture,False,[],[],EIC Accelerator Challenge: Novel technologies for resilient agriculture. Available at: https://ec.europa.eu/info/funding-tenders/opportunities/data/topicDetails/HORIZON-EIC-2023-ACCELERATORCHALLENGES-06.json,['HORIZON-EIC-2023-ACCELERATORCHALLENGES-06'],['text/plain'],,['2022-12-08T00:00:00.000+0000'],"['2023-01-11T17:00:00.000+0000', '2023-03-22T17:00:00.000+0000', '2023-06-07T17:00:00.000+0000', '2023-10-04T17:00:00.000+0000']",,['en'],['EIC Accelerator Challenge: Novel technologies for resilient agriculture'],['1'],['https://ec.europa.eu/info/funding-tenders/opportunities/data/topicDetails/HORIZON-EIC-2023-ACCELERATORCHALLENGES-06.json'],['https://ec.europa.eu/info/funding-tenders/opportunities/data/topicDetails/HORIZON-EIC-2023-ACCELERATORCHALLENGES-06.json'],['45602381'],['SEDIA_PRD_CENTRICITY'],,,['43108390'],['2022-12-08T00:00:00.000+0000'],['multiple cut-off'],['31094502'],['HORIZON EIC Accelerator Blended Finance'],2026-09-20 09:08:50.362431+00:00
2.155,45602371HORIZONEICAcceleratorBlendedFinance1670457600000,https://ec.europa.eu/info/funding-tenders/opportunities/data/topicDetails/HORIZON-EIC-2023-ACCELERATORCHALLENGES-03.json,text/plain,en,,,EIC Accelerator Challenge: Energy storage,0.0,EIC Accelerator Challenge: Energy storage,False,[],[],EIC Accelerator Challenge: Energy storage. Available at: https://ec.europa.eu/info/funding-tenders/opportunities/data/topicDetails/HORIZON-EIC-2023-ACCELERATORCHALLENGES-03.json,['HORIZON-EIC-2023-ACCELERATORCHALLENGES-03'],['text/plain'],,['2022-12-08T00:00:00.000+0000'],"['2023-01-11T17:00:00.000+0000', '2023-03-22T17:00:00.000+0000', '2023-06-07T17:00:00.000+0000', '2023-10-04T17:00:00.000+0000']",,['en'],['EIC Accelerator Challenge: Energy storage'],['1'],['https://ec.europa.eu/info/funding-tenders/opportunities/data/topicDetails/HORIZON-EIC-2023-ACCELERATORCHALLENGES-03.json'],['https://ec.europa.eu/info/funding-tenders/opportunities/data/topicDetails/HORIZON-EIC-2023-ACCELERATORCHALLENGES-03.json'],['45602381'],['SEDIA_PRD_CENTRICITY'],,,['43108390'],['2022-12-08T00:00:00.000+0000'],['multiple cut-off'],['31094502'],['HORIZON EIC Accelerator Blended Finance'],2026-09-20 09:08:50.362431+00:00
2.155,45416077CREALumpSumGrants1670457600000,https://ec.europa.eu/info/funding-tenders/opportunities/data/topicDetails/CREA-MEDIA-2023-DEVMINISLATE.json,text/plain,en,,,European mini-slate development,0.0,European mini-slate development,False,[],[],European mini-slate development. Available at: https://ec.europa.eu/info/funding-tenders/opportunities/data/topicDetails/CREA-MEDIA-2023-DEVMINISLATE.json,['CREA-MEDIA-2023-DEVMINISLATE'],['text/plain'],,['2022-12-08T00:00:00.000+0000'],['2023-06-01T17:00:00.000+0000'],,['en'],['European mini-slate development'],['1'],['https://ec.europa.eu/info/funding-tenders/opportunities/data/topicDetails/CREA-MEDIA-2023-DEVMINISLATE.json'],['https://ec.europa.eu/info/funding-tenders/opportunities/data/topicDetails/CREA-MEDIA-2023-DEVMINISLATE.json'],['45416115'],['SEDIA_PRD_CENTRICITY'],,,['43251814'],['2022-12-08T00:00:00.000+0000'],['single-stage'],['31094502'],['CREA Lump Sum Grants'],2026-09-20 09:08:50.362431+00:00
2.155,45602356HORIZONEICAcceleratorBlendedFinance1670457600000,https://ec.europa.eu/info/funding-tenders/opportunities/data/topicDetails/HORIZON-EIC-2023-ACCELERATOROPEN-01.json,text/plain,en,,,EIC Accelerator Open 2023,0.0,EIC Accelerator Open 2023,False,[],[],EIC Accelerator Open 2023. Available at: https://ec.europa.eu/info/funding-tenders/opportunities/data/topicDetails/HORIZON-EIC-2023-ACCELERATOROPEN-01.json,['HORIZON-EIC-2023-ACCELERATOROPEN-01'],['text/plain'],,['2022-12-08T00:00:00.000+0000'],"['2023-01-11T17:00:00.000+0000', '2023-03-22T17:00:00.000+0000', '2023-06-07T17:00:00.000+0000', '2023-10-04T17:00:00.000+0000']",,['en'],['EIC Accelerator Open 2023'],['1'],['https://ec.europa.eu/info/funding-tenders/opportunities/data/topicDetails/HORIZON-EIC-2023-ACCELERATOROPEN-01.json'],['https://ec.europa.eu/info/funding-tenders/opportunities/data/topicDetails/HORIZON-EIC-2023-ACCELERATOROPEN-01.json'],['45602381'],['SEDIA_PRD_CENTRICITY'],,,['43108390'],['2022-12-08T00:00:00.000+0000'],['multiple cut-off'],['31094502'],['HORIZON EIC Accelerator Blended Finance'],2026-09-20 09:08:50.362431+00:00
2.155,45602346HORIZONEICAcceleratorBlendedFinance1670457600000,https://ec.europa.eu/info/funding-tenders/opportunities/data/topicDetails/HORIZON-EIC-2023-ACCELERATORCHALLENGES-07.json,text/plain,en,,,"EIC Accelerator Challenge: Customer-driven, innovative space technologies and services",0.0,"EIC Accelerator Challenge: Customer-driven, innovative space technologies and services",False,[],[],"EIC Accelerator Challenge: Customer-driven, innovative space technologies and services. Available at: https://ec.europa.eu/info/funding-tenders/opportunities/data/topicDetails/HORIZON-EIC-2023-ACCELERATORCHALLENGES-07.json",['HORIZON-EIC-2023-ACCELERATORCHALLENGES-07'],['text/plain'],,['2022-12-08T00:00:00.000+0000'],"['2023-01-11T17:00:00.000+0000', '2023-03-22T17:00:00.000+0000', '2023-06-07T17:00:00.000+0000', '2023-10-04T17:00:00.000+0000']",,['en'],"['EIC Accelerator Challenge: Customer-driven, innovative space technologies and services']",['1'],['https://ec.europa.eu/info/funding-tenders/opportunities/data/topicDetails/HORIZON-EIC-2023-ACCELERATORCHALLENGES-07.json'],['https://ec.europa.eu/info/funding-tenders/opportunities/data/topicDetails/HORIZON-EIC-2023-ACCELERATORCHALLENGES-07.json'],['45602381'],['SEDIA_PRD_CENTRICITY'],,,['43108390'],['2022-12-08T00:00:00.000+0000'],['multiple cut-off'],['31094502'],['HORIZON EIC Accelerator Blended Finance'],2026-09-20 09:08:50.362431+00:00
2.155,45602361HORIZONEICAcceleratorBlendedFinance1670457600000,https://ec.europa.eu/info/funding-tenders/opportunities/data/topicDetails/HORIZON-EIC-2023-ACCELERATORCHALLENGES-01.json,text/plain,en,,,EIC Accelerator Challenge: Novel biomarker-based assays to guide personalised cancer treatment,0.0,EIC Accelerator Challenge: Novel biomarker-based assays to guide personalised cancer treatment,False,[],[],EIC Accelerator Challenge: Novel biomarker-based assays to guide personalised cancer treatment. Available at: https://ec.europa.eu/info/funding-tenders/opportunities/data/topicDetails/HORIZON-EIC-2023-ACCELERATORCHALLENGES-01.json,['HORIZON-EIC-2023-ACCELERATORCHALLENGES-01'],['text/plain'],,['2022-12-08T00:00:00.000+0000'],"['2023-01-11T17:00:00.000+0000', '2023-03-22T17:00:00.000+0000', '2023-06-07T17:00:00.000+0000', '2023-10-04T17:00:00.000+0000']",,['en'],['EIC Accelerator Challenge: Novel biomarker-based assays to guide personalised cancer treatment'],['1'],['https://ec.europa.eu/info/funding-tenders/opportunities/data/topicDetails/HORIZON-EIC-2023-ACCELERATORCHALLENGES-01.json'],['https://ec.europa.eu/info/funding-tenders/opportunities/data/topicDetails/HORIZON-EIC-2023-ACCELERATORCHALLENGES-01.json'],['45602381'],['SEDIA_PRD_CENTRICITY'],,,['43108390'],['2022-12-08T00:00:00.000+0000'],['multiple cut-off'],['31094502'],['HORIZON EIC Accelerator Blended Finance'],2026-09-20 09:08:50.362431+00:00
2.155,45602366HORIZONEICAcceleratorBlendedFinance1670457600000,https://ec.europa.eu/info/funding-tenders/opportunities/data/topicDetails/HORIZON-EIC-2023-ACCELERATORCHALLENGES-02.json,text/plain,en,,,EIC Accelerator Challenge: Aerosol and surface decontamination for pandemic management,0.0,EIC Accelerator Challenge: Aerosol and surface decontamination for pandemic management,False,[],[],EIC Accelerator Challenge: Aerosol and surface decontamination for pandemic management. Available at: https://ec.europa.eu/info/funding-tenders/opportunities/data/topicDetails/HORIZON-EIC-2023-ACCELERATORCHALLENGES-02.json,['HORIZON-EIC-2023-ACCELERATORCHALLENGES-02'],['text/plain'],,['2022-12-08T00:00:00.000+0000'],"['2023-01-11T17:00:00.000+0000', '2023-03-22T17:00:00.000+0000', '2023-06-07T17:00:00.000+0000', '2023-10-04T17:00:00.000+0000']",,['en'],['EIC Accelerator Challenge: Aerosol and surface decontamination for pandemic management'],['1'],['https://ec.europa.eu/info/funding-tenders/opportunities/data/topicDetails/HORIZON-EIC-2023-ACCELERATORCHALLENGES-02.json'],['https://ec.europa.eu/info/funding-tenders/opportunities/data/topicDetails/HORIZON-EIC-2023-ACCELERATORCHALLENGES-02.json'],['45602381'],['SEDIA_PRD_CENTRICITY'],,,['43108390'],['2022-12-08T00:00:00.000+0000'],['multiple cut-off'],['31094502'],['HORIZON EIC Accelerator Blended Finance'],2026-09-20 09:08:50.362431+00:00
2.155,45359972ERASMUSLumpSumGrants1669680000000,https://ec.europa.eu/info/funding-tenders/opportunities/data/topicDetails/ERASMUS-EDU-2023-PEX-COVE.json,text/plain,en,,,Partnership for Excellence - Centres of Vocational Excellence,0.0,Partnership for Excellence - Centres of Vocational Excellence,False,[],[],Partnership for Excellence - Centres of Vocational Excellence. Available at: https://ec.europa.eu/info/funding-tenders/opportunities/data/topicDetails/ERASMUS-EDU-2023-PEX-COVE.json,['ERASMUS-EDU-2023-PEX-COVE'],['text/plain'],,['2022-11-29T00:00:00.000+0000'],['2023-06-08T17:00:00.000+0000'],,['en'],['Partnership for Excellence - Centres of Vocational Excellence'],['1'],['https://ec.europa.eu/info/funding-tenders/opportunities/data/topicDetails/ERASMUS-EDU-2023-PEX-COVE.json'],['https://ec.europa.eu/info/funding-tenders/opportunities/data/topicDetails/ERASMUS-EDU-2023-PEX-COVE.json'],['45359984'],['SEDIA_PRD_CENTRICITY'],,,['43353764'],['2022-11-29T00:00:00.000+0000'],['single-stage'],['31094502'],['ERASMUS Lump Sum Grants'],2026-09-20 09:08:50.362431+00:00
2.155,45497134HORIZONERCProofofConceptGrants1666224000000,https://ec.europa.eu/info/funding-tenders/opportunities/data/topicDetails/ERC-2023-POC.json,text/plain,en,,,ERC PROOF OF CONCEPT GRANTS,0.0,ERC PROOF OF CONCEPT GRANTS,False,[],[],ERC PROOF OF CONCEPT GRANTS. Available at: https://ec.europa.eu/info/funding-tenders/opportunities/data/topicDetails/ERC-2023-POC.json,['ERC-2023-POC'],['text/plain'],,['2022-10-20T00:00:00.000+0000'],"['2023-01-24T17:00:00.000+0000', '2023-04-20T17:00:00.000+0000', '2023-09-21T17:00:00.000+0000']",,['en'],['ERC PROOF OF CONCEPT GRANTS'],['1'],['https://ec.europa.eu/info/funding-tenders/opportunities/data/topicDetails/ERC-2023-POC.json'],['https://ec.europa.eu/info/funding-tenders/opportunities/data/topicDetails/ERC-2023-POC.json'],['45497150'],['SEDIA_PRD_CENTRICITY'],,,['43108390'],['2022-10-20T00:00:00.000+0000'],['multiple cut-off'],['31094502'],['HORIZON ERC Proof of Concept Grants'],2026-09-20 09:08:50.362431+00:00
2.155,45492861CREAProjectGrants1666224000000,https://ec.europa.eu/info/funding-tenders/opportunities/data/topicDetails/CREA-MEDIA-2023-FILMOVE.json,text/plain,en,,,Films on the Move,0.0,Films on the Move,False,[],[],Films on the Move. Available at: https://ec.europa.eu/info/funding-tenders/opportunities/data/topicDetails/CREA-MEDIA-2023-FILMOVE.json,['CREA-MEDIA-2023-FILMOVE'],['text/plain'],,['2022-10-20T00:00:00.000+0000'],"['2023-03-14T17:00:00.000+0000', '2023-07-04T17:00:00.000+0000']",,['en'],['Films on the Move'],['1'],['https://ec.europa.eu/info/funding-tenders/opportunities/data/topicDetails/CREA-MEDIA-2023-FILMOVE.json'],['https://ec.europa.eu/info/funding-tenders/opportunities/data/topicDetails/CREA-MEDIA-2023-FILMOVE.json'],['45492872'],['SEDIA_PRD_CENTRICITY'],,,['43251814'],['2022-10-20T00:00:00.000+0000'],['multiple cut-off'],['31094502'],['CREA Project Grants'],2026-09-20 09:08:50.362431+00:00
2.155,45266306JTMLumpSumGrants1658188800000,https://ec.europa.eu/info/funding-tenders/opportunities/data/topicDetails/JTM-2022-2025-PSLF-LOAN-SCHEMES.json,text/plain,en,,,PSLF-LOAN SCHEMES,0.0,PSLF-LOAN SCHEMES,False,[],[],PSLF-LOAN SCHEMES. Available at: https://ec.europa.eu/info/funding-tenders/opportunities/data/topicDetails/JTM-2022-2025-PSLF-LOAN-SCHEMES.json,['JTM-2022-2025-PSLF-LOAN-SCHEMES'],['text/plain'],,['2022-07-19T00:00:00.000+0000'],"['2022-10-19T17:00:00.000+0000', '2023-01-19T17:00:00.000+0000', '2023-04-19T17:00:00.000+0000', '2023-09-20T17:00:00.000+0000', '2024-01-17T17:00:00.000+0000', '2024-04-17T17:00:00.000+0000', '2024-09-19T17:00:00.000+0000', '2025-01-16T17:00:00.000+0000', '2025-04-15T17:00:00.000+0000', '2025-09-11T17:00:00.000+0000']",,['en'],['PSLF-LOAN SCHEMES'],['1'],['https://ec.europa.eu/info/funding-tenders/opportunities/data/topicDetails/JTM-2022-2025-PSLF-LOAN-SCHEMES.json'],['https://ec.europa.eu/info/funding-tenders/opportunities/data/topicDetails/JTM-2022-2025-PSLF-LOAN-SCHEMES.json'],['45266322'],['SEDIA_PRD_CENTRICITY'],,,['44773066'],['2022-07-19T00:00:00.000+0000'],['multiple cut-off'],['31094502'],['JTM Lump Sum Grants'],2026-09-20 09:08:50.362431+00:00
2.155,45266314JTMLumpSumGrants1658188800000,https://ec.europa.eu/info/funding-tenders/opportunities/data/topicDetails/JTM-2022-2025-PSLF-STANDALONE-PROJECTS.json,text/plain,en,,,PSLF-PROJECTS,0.0,PSLF-PROJECTS,False,[],[],PSLF-PROJECTS. Available at: https://ec.europa.eu/info/funding-tenders/opportunities/data/topicDetails/JTM-2022-2025-PSLF-STANDALONE-PROJECTS.json,['JTM-2022-2025-PSLF-STANDALONE-PROJECTS'],['text/plain'],,['2022-07-19T00:00:00.000+0000'],"['2022-10-19T17:00:00.000+0000', '2023-01-19T17:00:00.000+0000', '2023-04-19T17:00:00.000+0000', '2023-09-20T17:00:00.000+0000', '2024-01-17T17:00:00.000+0000', '2024-04-17T17:00:00.000+0000', '2024-09-19T17:00:00.000+0000', '2025-01-16T17:00:00.000+0000', '2025-04-15T17:00:00.000+0000', '2025-09-11T17:00:00.000+0000']",,['en'],['PSLF-PROJECTS'],['1'],['https://ec.europa.eu/info/funding-tenders/opportunities/data/topicDetails/JTM-2022-2025-PSLF-STANDALONE-PROJECTS.json'],['https://ec.europa.eu/info/funding-tenders/opportunities/data/topicDetails/JTM-2022-2025-PSLF-STANDALONE-PROJECTS.json'],['45266322'],['SEDIA_PRD_CENTRICITY'],,,['44773066'],['2022-07-19T00:00:00.000+0000'],['multiple cut-off'],['31094502'],['JTM Lump Sum Grants'],2026-09-20 09:08:50.362431+00:00
2.155,44774210ERASMUSECHECharter1645574400000,https://ec.europa.eu/info/funding-tenders/opportunities/portal/screen/opportunities/topic-details/ERASMUS-EDU-2022-ECHE-CERT-FP,text/plain,en,SEDIA,SEDIA,Erasmus Charter for Higher Education,0.0,Erasmus Charter for Higher Education,False,[],[],Erasmus Charter for Higher Education. Available at: https://ec.europa.eu/info/funding-tenders/opportunities/portal/screen/opportunities/topic-details/ERASMUS-EDU-2022-ECHE-CERT-FP,['ERASMUS-EDU-2022-ECHE-CERT-FP'],['text/plain'],,['2022-02-23T00:00:00.000+0000'],"['2022-05-03T00:00:00.000+0000', '2023-01-26T00:00:00.000+0000', '2024-01-25T00:00:00.000+0000', '2025-01-28T00:00:00.000+0000', '2026-03-24T00:00:00.000+0000']",,['en'],['Erasmus Charter for Higher Education'],['1'],['https://ec.europa.eu/info/funding-tenders/opportunities/portal/screen/opportunities/topic-details/ERASMUS-EDU-2022-ECHE-CERT-FP'],['https://ec.europa.eu/info/funding-tenders/opportunities/portal/screen/opportunities/topic-details/ERASMUS-EDU-2022-ECHE-CERT-FP'],['44774225'],['SEDIA'],['44774210ERASMUSECHECharter1645574400000'],,['43353764'],['2022-02-23T00:00:00.000+0000'],['multiple cut-off'],['31094502'],['ERASMUS ECHE Charter'],2026-09-20 09:08:50.362431+00:00
2.155,44774210ERASMUSECHECharter1645574400000,https://ec.europa.eu/info/funding-tenders/opportunities/data/topicDetails/ERASMUS-EDU-2022-ECHE-CERT-FP.json,text/plain,en,,,Erasmus Charter for Higher Education,0.0,Erasmus Charter for Higher Education,False,[],[],Erasmus Charter for Higher Education. Available at: https://ec.europa.eu/info/funding-tenders/opportunities/data/topicDetails/ERASMUS-EDU-2022-ECHE-CERT-FP.json,['ERASMUS-EDU-2022-ECHE-CERT-FP'],['text/plain'],,['2022-02-23T00:00:00.000+0000'],"['2022-05-03T17:00:00.000+0000', '2023-01-26T17:00:00.000+0000', '2024-01-25T17:00:00.000+0000', '2025-01-28T17:00:00.000+0000', '2026-01-27T17:00:00.000+0000', '2027-01-26T17:00:00.000+0000']",,['en'],['Erasmus Charter for Higher Education'],['1'],['https://ec.europa.eu/info/funding-tenders/opportunities/data/topicDetails/ERASMUS-EDU-2022-ECHE-CERT-FP.json'],['https://ec.europa.eu/info/funding-tenders/opportunities/data/topicDetails/ERASMUS-EDU-2022-ECHE-CERT-FP.json'],['44774222'],['SEDIA_PRD_CENTRICITY'],,,['43353764'],['2022-02-23T00:00:00.000+0000'],['multiple cut-off'],['31094502'],['ERASMUS ECHE Charter'],2026-09-20 09:08:50.362431+00:00
2.155,173682PROSPECTSEN,https://ec.europa.eu/info/funding-tenders/opportunities/data/topicDetails/173682EN,text/plain,en,,,Support to improve the sanitary and phytosanitary quality monitoring and control system and compliance of agricultural and agri-food products in Madagascar,0.0,Support to improve the sanitary and phytosanitary quality monitoring and control system and compliance of agricultural and agri-food products in Madagascar,False,[],[],Support to improve the sanitary and phytosanitary quality monitoring and control system and compliance of agricultural and agri-food products in Madagascar. Available at: https://ec.europa.eu/info/funding-tenders/opportunities/data/topicDetails/173682EN,['EuropeAid/173682/DD/ACT/MG'],['text/plain'],['true'],['2022-02-16T08:00:47.000+0000'],,,['en'],['Support to improve the sanitary and phytosanitary quality monitoring and control system and compliance of agricultural and agri-food products in Madagascar'],['2'],['https://ec.europa.eu/info/funding-tenders/opportunities/data/topicDetails/173682EN'],['https://ec.europa.eu/info/funding-tenders/opportunities/data/topicDetails/173682EN'],,['SEDIA_PRD_CENTRICITY'],,,['111111'],['2022-02-16T08:00:47.000+0000'],,['31094502'],,2026-09-20 09:08:50.362431+00:00
2.155,173638PROSPECTSEN,https://ec.europa.eu/info/funding-tenders/opportunities/data/topicDetails/173638EN,text/plain,en,,,Support to establishment of carcass classification system in line with EU Common Agricultural Policy,0.0,Support to establishment of carcass classification system in line with EU Common Agricultural Policy,False,[],[],Support to establishment of carcass classification system in line with EU Common Agricultural Policy. Available at: https://ec.europa.eu/info/funding-tenders/opportunities/data/topicDetails/173638EN,['EuropeAid/173638/ID/ACT/RS'],['text/plain'],['true'],['2022-01-20T15:00:51.000+0000'],,,['en'],['Support to establishment of carcass classification system in line with EU Common Agricultural Policy'],['2'],['https://ec.europa.eu/info/funding-tenders/opportunities/data/topicDetails/173638EN'],['https://ec.europa.eu/info/funding-tenders/opportunities/data/topicDetails/173638EN'],,['SEDIA_PRD_CENTRICITY'],,,['111111'],['2022-01-20T15:00:51.000+0000'],,['31094502'],,2026-09-20 09:08:50.362431+00:00
2.155,44305768CEFInfrastructureProjects1631750400000,https://ec.europa.eu/info/funding-tenders/opportunities/data/topicDetails/CEF-T-2021-AFIFGEN-WORKS-ZE.json,text/plain,en,,,Alternative Fuel Infrastructure Facility - Works - Zero Emissions,0.0,Alternative Fuel Infrastructure Facility - Works - Zero Emissions,False,[],[],Alternative Fuel Infrastructure Facility - Works - Zero Emissions. Available at: https://ec.europa.eu/info/funding-tenders/opportunities/data/topicDetails/CEF-T-2021-AFIFGEN-WORKS-ZE.json,['CEF-T-2021-AFIFGEN-WORKS-ZE'],['text/plain'],,['2021-09-16T00:00:00.000+0000'],"['2022-01-19T17:00:00.000+0000', '2022-06-07T17:00:00.000+0000', '2022-11-10T17:00:00.000+0000', '2023-04-13T17:00:00.000+0000', '2023-11-07T17:00:00.000+0000']",,['en'],['Alternative Fuel Infrastructure Facility - Works - Zero Emissions'],['1'],['https://ec.europa.eu/info/funding-tenders/opportunities/data/topicDetails/CEF-T-2021-AFIFGEN-WORKS-ZE.json'],['https://ec.europa.eu/info/funding-tenders/opportunities/data/topicDetails/CEF-T-2021-AFIFGEN-WORKS-ZE.json'],['44305775'],['SEDIA_PRD_CENTRICITY'],,,['43251567'],['2021-09-16T00:00:00.000+0000'],['multiple cut-off'],['31094502'],['CEF Infrastructure Projects'],2026-09-20 09:08:50.362431+00:00
2.155,44305692CEFAFIF-EVRIUnitGrants1631750400000,https://ec.europa.eu/info/funding-tenders/opportunities/data/topicDetails/CEF-T-2021-AFIFCOEN-UNITS.json,text/plain,en,,,Alternative Fuel Infrastructure Facility - Unit Contributions,0.0,Alternative Fuel Infrastructure Facility - Unit Contributions,False,[],[],Alternative Fuel Infrastructure Facility - Unit Contributions. Available at: https://ec.europa.eu/info/funding-tenders/opportunities/data/topicDetails/CEF-T-2021-AFIFCOEN-UNITS.json,['CEF-T-2021-AFIFCOEN-UNITS'],['text/plain'],,['2021-09-16T00:00:00.000+0000'],"['2022-01-19T17:00:00.000+0000', '2022-06-07T17:00:00.000+0000', '2022-11-10T17:00:00.000+0000', '2023-04-13T17:00:00.000+0000', '2023-11-07T17:00:00.000+0000']",,['en'],['Alternative Fuel Infrastructure Facility - Unit Contributions'],['1'],['https://ec.europa.eu/info/funding-tenders/opportunities/data/topicDetails/CEF-T-2021-AFIFCOEN-UNITS.json'],['https://ec.europa.eu/info/funding-tenders/opportunities/data/topicDetails/CEF-T-2021-AFIFCOEN-UNITS.json'],['44305713'],['SEDIA_PRD_CENTRICITY'],,,['43251567'],['2021-09-16T00:00:00.000+0000'],['multiple cut-off'],['31094502'],['CEF AFIF-EVRI Unit Grants'],2026-09-20 09:08:50.362431+00:00
2.155,44305706CEFInfrastructureProjects1631750400000,https://ec.europa.eu/info/funding-tenders/opportunities/data/topicDetails/CEF-T-2021-AFIFCOEN-WORKS-ZE.json,text/plain,en,,,Alternative Fuel Infrastructure Facility - Works - Zero Emissions,0.0,Alternative Fuel Infrastructure Facility - Works - Zero Emissions,False,[],[],Alternative Fuel Infrastructure Facility - Works - Zero Emissions. Available at: https://ec.europa.eu/info/funding-tenders/opportunities/data/topicDetails/CEF-T-2021-AFIFCOEN-WORKS-ZE.json,['CEF-T-2021-AFIFCOEN-WORKS-ZE'],['text/plain'],,['2021-09-16T00:00:00.000+0000'],"['2022-01-19T17:00:00.000+0000', '2022-06-07T17:00:00.000+0000', '2022-11-10T17:00:00.000+0000', '2023-04-13T17:00:00.000+0000', '2023-11-07T17:00:00.000+0000']",,['en'],['Alternative Fuel Infrastructure Facility - Works - Zero Emissions'],['1'],['https://ec.europa.eu/info/funding-tenders/opportunities/data/topicDetails/CEF-T-2021-AFIFCOEN-WORKS-ZE.json'],['https://ec.europa.eu/info/funding-tenders/opportunities/data/topicDetails/CEF-T-2021-AFIFCOEN-WORKS-ZE.json'],['44305713'],['SEDIA_PRD_CENTRICITY'],,,['43251567'],['2021-09-16T00:00:00.000+0000'],['multiple cut-off'],['31094502'],['CEF Infrastructure Projects'],2026-09-20 09:08:50.362431+00:00
2.155,44305757CEFInfrastructureProjects1631750400000,https://ec.europa.eu/info/funding-tenders/opportunities/data/topicDetails/CEF-T-2021-AFIFGEN-WORKS-LNG.json,text/plain,en,,,Alternative Fuel Infrastructure Facility - Works - LNG,0.0,Alternative Fuel Infrastructure Facility - Works - LNG,False,[],[],Alternative Fuel Infrastructure Facility - Works - LNG. Available at: https://ec.europa.eu/info/funding-tenders/opportunities/data/topicDetails/CEF-T-2021-AFIFGEN-WORKS-LNG.json,['CEF-T-2021-AFIFGEN-WORKS-LNG'],['text/plain'],,['2021-09-16T00:00:00.000+0000'],"['2022-01-19T17:00:00.000+0000', '2022-06-07T17:00:00.000+0000', '2022-11-10T17:00:00.000+0000', '2023-04-13T17:00:00.000+0000', '2023-11-07T17:00:00.000+0000']",,['en'],['Alternative Fuel Infrastructure Facility - Works - LNG'],['1'],['https://ec.europa.eu/info/funding-tenders/opportunities/data/topicDetails/CEF-T-2021-AFIFGEN-WORKS-LNG.json'],['https://ec.europa.eu/info/funding-tenders/opportunities/data/topicDetails/CEF-T-2021-AFIFGEN-WORKS-LNG.json'],['44305775'],['SEDIA_PRD_CENTRICITY'],,,['43251567'],['2021-09-16T00:00:00.000+0000'],['multiple cut-off'],['31094502'],['CEF Infrastructure Projects'],2026-09-20 09:08:50.362431+00:00
2.155,44305699CEFInfrastructureProjects1631750400000,https://ec.europa.eu/info/funding-tenders/opportunities/data/topicDetails/CEF-T-2021-AFIFCOEN-WORKS-LNG.json,text/plain,en,,,Alternative Fuel Infrastructure Facility - Works - LNG,0.0,Alternative Fuel Infrastructure Facility - Works - LNG,False,[],[],Alternative Fuel Infrastructure Facility - Works - LNG. Available at: https://ec.europa.eu/info/funding-tenders/opportunities/data/topicDetails/CEF-T-2021-AFIFCOEN-WORKS-LNG.json,['CEF-T-2021-AFIFCOEN-WORKS-LNG'],['text/plain'],,['2021-09-16T00:00:00.000+0000'],"['2022-01-19T17:00:00.000+0000', '2022-06-07T17:00:00.000+0000', '2022-11-10T17:00:00.000+0000', '2023-04-13T17:00:00.000+0000', '2023-11-07T17:00:00.000+0000']",,['en'],['Alternative Fuel Infrastructure Facility - Works - LNG'],['1'],['https://ec.europa.eu/info/funding-tenders/opportunities/data/topicDetails/CEF-T-2021-AFIFCOEN-WORKS-LNG.json'],['https://ec.europa.eu/info/funding-tenders/opportunities/data/topicDetails/CEF-T-2021-AFIFCOEN-WORKS-LNG.json'],['44305713'],['SEDIA_PRD_CENTRICITY'],,,['43251567'],['2021-09-16T00:00:00.000+0000'],['multiple cut-off'],['31094502'],['CEF Infrastructure Projects'],2026-09-20 09:08:50.362431+00:00
2.155,44305750CEFAFIF-EVRIUnitGrants1631750400000,https://ec.europa.eu/info/funding-tenders/opportunities/data/topicDetails/CEF-T-2021-AFIFGEN-UNITS.json,text/plain,en,,,Alternative Fuel Infrastructure Facility - Unit Contributions,0.0,Alternative Fuel Infrastructure Facility - Unit Contributions,False,[],[],Alternative Fuel Infrastructure Facility - Unit Contributions. Available at: https://ec.europa.eu/info/funding-tenders/opportunities/data/topicDetails/CEF-T-2021-AFIFGEN-UNITS.json,['CEF-T-2021-AFIFGEN-UNITS'],['text/plain'],,['2021-09-16T00:00:00.000+0000'],"['2022-01-19T17:00:00.000+0000', '2022-06-07T17:00:00.000+0000', '2022-11-10T17:00:00.000+0000', '2023-04-13T17:00:00.000+0000', '2023-11-07T17:00:00.000+0000']",,['en'],['Alternative Fuel Infrastructure Facility - Unit Contributions'],['1'],['https://ec.europa.eu/info/funding-tenders/opportunities/data/topicDetails/CEF-T-2021-AFIFGEN-UNITS.json'],['https://ec.europa.eu/info/funding-tenders/opportunities/data/topicDetails/CEF-T-2021-AFIFGEN-UNITS.json'],['44305775'],['SEDIA_PRD_CENTRICITY'],,,['43251567'],['2021-09-16T00:00:00.000+0000'],['multiple cut-off'],['31094502'],['CEF AFIF-EVRI Unit Grants'],2026-09-20 09:08:50.362431+00:00
2.155,172802PROSPECTSEN,https://ec.europa.eu/info/funding-tenders/opportunities/data/topicDetails/172802EN,text/plain,en,,,Support to the Ministry of Public Administration and Local Self-Government in modernizing the personnel planning procedure for State Administration and harmonizing the Catalogue of titles in State administration and Local Self-Governments,0.0,Support to the Ministry of Public Administration and Local Self-Government in modernizing the personnel planning procedure for State Administration and harmonizing the Catalogue of titles in State administration and Local Self-Governments,False,[],[],Support to the Ministry of Public Administration and Local Self-Government in modernizing the personnel planning procedure for State Administration and harmonizing the Catalogue of titles in State administration and Local Self-Governments. Available at: https://ec.europa.eu/info/funding-tenders/opportunities/data/topicDetails/172802EN,['EuropeAid/172802/ID/ACT/RS'],['text/plain'],['true'],['2021-07-30T10:00:02.000+0000'],,,['en'],['Support to the Ministry of Public Administration and Local Self-Government in modernizing the personnel planning procedure for State Administration and harmonizing the Catalogue of titles in State administration and Local Self-Governments'],['2'],['https://ec.europa.eu/info/funding-tenders/opportunities/data/topicDetails/172802EN'],['https://ec.europa.eu/info/funding-tenders/opportunities/data/topicDetails/172802EN'],,['SEDIA_PRD_CENTRICITY'],,,['111111'],['2021-07-30T10:00:02.000+0000'],,['31094502'],,2026-09-20 09:08:50.362431+00:00
2.155,43963824ESCQualityLabel1623283200000,https://ec.europa.eu/info/funding-tenders/opportunities/data/topicDetails/ESC-HUMAID-2021-QUAL-LABEL-FP.json,text/plain,en,,,Quality Label Humanitarian Aid - Full Procedure,0.0,Quality Label Humanitarian Aid - Full Procedure,False,[],[],Quality Label Humanitarian Aid - Full Procedure. Available at: https://ec.europa.eu/info/funding-tenders/opportunities/data/topicDetails/ESC-HUMAID-2021-QUAL-LABEL-FP.json,['ESC-HUMAID-2021-QUAL-LABEL-FP'],['text/plain'],,['2021-06-10T00:00:00.000+0000'],"['2021-09-22T17:00:00.000+0000', '2022-03-24T17:00:00.000+0000', '2022-09-22T17:00:00.000+0000', '2023-03-16T17:00:00.000+0000', '2023-09-21T17:00:00.000+0000', '2024-03-14T17:00:00.000+0000', '2024-09-24T17:00:00.000+0000']",,['en'],['Quality Label Humanitarian Aid - Full Procedure'],['1'],['https://ec.europa.eu/info/funding-tenders/opportunities/data/topicDetails/ESC-HUMAID-2021-QUAL-LABEL-FP.json'],['https://ec.europa.eu/info/funding-tenders/opportunities/data/topicDetails/ESC-HUMAID-2021-QUAL-LABEL-FP.json'],['43963836'],['SEDIA_PRD_CENTRICITY'],,,['43254037'],['2021-06-10T00:00:00.000+0000'],['multiple cut-off'],['31094502'],['ESC Quality Label'],2026-09-20 09:08:50.362431+00:00
2.155,43963824ESCQualityLabel1623283200000,https://ec.europa.eu/info/funding-tenders/opportunities/data/topicDetails/ESC-HUMAID-2021-QUAL-LABEL-FP.json,text/plain,en,SEDIA,SEDIA,Quality Label Humanitarian Aid - Full Procedure,0.0,Quality Label Humanitarian Aid - Full Procedure,False,[],[],Quality Label Humanitarian Aid - Full Procedure. Available at: https://ec.europa.eu/info/funding-tenders/opportunities/data/topicDetails/ESC-HUMAID-2021-QUAL-LABEL-FP.json,['ESC-HUMAID-2021-QUAL-LABEL-FP'],['text/plain'],,['2021-06-09T22:00:00.000+0000'],"['2021-09-21T22:00:00.000+0000', '2022-03-23T23:00:00.000+0000', '2022-09-21T22:00:00.000+0000', '2023-03-15T23:00:00.000+0000', '2023-09-20T22:00:00.000+0000', '2024-09-23T22:00:00.000+0000', '2025-09-22T22:00:00.000+0000', '2026-09-21T22:00:00.000+0000']",,['en'],['Quality Label Humanitarian Aid - Full Procedure'],['1'],['https://ec.europa.eu/info/funding-tenders/opportunities/data/topicDetails/ESC-HUMAID-2021-QUAL-LABEL-FP.json'],['https://ec.europa.eu/info/funding-tenders/opportunities/data/topicDetails/ESC-HUMAID-2021-QUAL-LABEL-FP.json'],['43963839'],['SEDIA'],['43963824ESCQualityLabel1623283200000'],,['43254037'],['2021-06-09T22:00:00.000+0000'],['multiple cut-off'],['31094502'],['ESC Quality Label'],2026-09-20 09:08:50.362431+00:00
2.155,170893PROSPECTSEN,https://ec.europa.eu/info/funding-tenders/opportunities/data/topicDetails/170893EN,text/plain,en,,,Support in strengthening of the capacities of relevant institutions within the substances of human origins (SoHO) system,0.0,Support in strengthening of the capacities of relevant institutions within the substances of human origins (SoHO) system,False,[],[],Support in strengthening of the capacities of relevant institutions within the substances of human origins (SoHO) system. Available at: https://ec.europa.eu/info/funding-tenders/opportunities/data/topicDetails/170893EN,['EuropeAid/170893/ID/ACT/RS'],['text/plain'],['true'],['2020-12-11T11:00:37.000+0000'],,,['en'],['Support in strengthening of the capacities of relevant institutions within the substances of human origins (SoHO) system'],['2'],['https://ec.europa.eu/info/funding-tenders/opportunities/data/topicDetails/170893EN'],['https://ec.europa.eu/info/funding-tenders/opportunities/data/topicDetails/170893EN'],,['SEDIA_PRD_CENTRICITY'],,,['111111'],['2020-12-11T11:00:37.000+0000'],,['31094502'],,2026-09-20 09:08:50.362431+00:00
2.155,167264PROSPECTSEN,https://ec.europa.eu/info/funding-tenders/opportunities/data/topicDetails/167264EN,text/plain,en,,,Strengthening the Institutional Capacity of the National Statistics System of the Republic of Belarus,0.0,Strengthening the Institutional Capacity of the National Statistics System of the Republic of Belarus,False,[],[],Strengthening the Institutional Capacity of the National Statistics System of the Republic of Belarus. Available at: https://ec.europa.eu/info/funding-tenders/opportunities/data/topicDetails/167264EN,['EuropeAid/167264/DD/ACT/Multi'],['text/plain'],['true'],['2019-11-19T16:00:30.000+0000'],,,['en'],['Strengthening the Institutional Capacity of the National Statistics System of the Republic of Belarus'],['2'],['https://ec.europa.eu/info/funding-tenders/opportunities/data/topicDetails/167264EN'],['https://ec.europa.eu/info/funding-tenders/opportunities/data/topicDetails/167264EN'],,['SEDIA_PRD_CENTRICITY'],,,['111111'],['2019-11-19T16:00:30.000+0000'],,['31094502'],,2026-09-20 09:08:50.362431+00:00
